faostat,m49 code,Country,Item Code,Item,Year,Yield (kg/ha),Yield (kg/ha) flag,Production (tonnes),Production (tonnes) flag,Area harvested (ha),Area harvested (ha) flag
9,32,Argentina,56,Maize (corn),1961,1767.2,A,4850000,A,2744400,A
14,52,Barbados,56,Maize (corn),1961,1884.2,A,716,A,380,A
18,64,Bhutan,56,Maize (corn),1961,1399.4,E,48000,E,34300,E
23,84,Belize,56,Maize (corn),1961,574.6,E,4000,E,6961,A
29,108,Burundi,56,Maize (corn),1961,959.6,E,95000,E,99000,E
46,178,Congo,56,Maize (corn),1961,750,A,1500,A,2000,A
66,242,Fiji,56,Maize (corn),1961,2200,E,220,E,100,E
68,250,France,56,Maize (corn),1961,2529.1,A,2480000,A,980600,A
91,328,Guyana,56,Maize (corn),1961,984.8,E,1300,E,1320,E
101,360,Indonesia,56,Maize (corn),1961,927.3,A,2283100,A,2462000,A
107,384,Côte d'Ivoire,56,Maize (corn),1961,529.4,A,99000,A,187000,A
109,388,Jamaica,56,Maize (corn),1961,549.2,A,3556,A,6475,A
116,408,Democratic People's Republic of Korea,56,Maize (corn),1961,2371.4,E,1245000,X,525000,E
117,410,Republic of Korea,56,Maize (corn),1961,678.8,A,16162,A,23809,A
149,524,Nepal,56,Maize (corn),1961,1951.4,A,843000,A,432000,A
169,600,Paraguay,56,Maize (corn),1961,1200.9,A,110000,A,91600,A
173,616,Poland,56,Maize (corn),1961,2773.1,A,33000,A,11900,A
175,624,Guinea-Bissau,56,Maize (corn),1961,666.7,E,2000,E,3000,E
182,638,Réunion,56,Maize (corn),1961,3947.4,E,15000,A,3800,E
189,662,Saint Lucia,56,Maize (corn),1961,1250,A,50,A,40,A
194,682,Saudi Arabia,56,Maize (corn),1961,500,E,2000,E,4000,E
197,694,Sierra Leone,56,Maize (corn),1961,526.1,A,8941,A,16996,A
207,740,Suriname,56,Maize (corn),1961,1722.9,A,1225,A,711,A
228,810,USSR,56,Maize (corn),1961,2395.1,A,17113008,A,7145000,A
237,704,Viet Nam,56,Maize (corn),1961,1123,A,292200,A,260200,A
251,894,Zambia,56,Maize (corn),1961,880,E,660000,E,750000,E
12,44,Bahamas,56,Maize (corn),1961,666.7,E,100,E,150,E
15,58,Belgium-Luxembourg,56,Maize (corn),1961,4520.4,A,2441,A,540,A
53,204,Benin,56,Maize (corn),1961,584.6,A,219593,A,375650,A
115,116,Cambodia,56,Maize (corn),1961,1978.9,A,174300,A,88080,A
49,192,Cuba,56,Maize (corn),1961,923.8,E,97000,E,105000,E
75,270,Gambia,56,Maize (corn),1961,376.4,A,457,A,1214,A
87,312,Guadeloupe,56,Maize (corn),1961,2000,A,1354,A,677,A
103,368,Iraq,56,Maize (corn),1961,949,E,1898,A,2000,E
106,380,Italy,56,Maize (corn),1961,3288.2,A,3936000,A,1197001,A
112,400,Jordan,56,Maize (corn),1961,1162.2,A,817,A,703,A
124,434,Libya,56,Maize (corn),1961,1538.5,A,2000,A,1300,A
133,466,Mali,56,Maize (corn),1961,779.8,A,69800,A,89505,A
137,480,Mauritius,56,Maize (corn),1961,1512.6,A,180,A,119,A
138,484,Mexico,56,Maize (corn),1961,993.4,A,6246106,A,6287747,A
150,528,Netherlands (Kingdom of the),56,Maize (corn),1961,3898.4,A,729,A,187,A
212,760,Syrian Arab Republic,56,Maize (corn),1961,178.7,A,9886,A,55316,A
226,800,Uganda,56,Maize (corn),1961,1098.3,E,196000,E,178464,A
2,4,Afghanistan,56,Maize (corn),1961,1400,A,700000,A,500000,A
10,36,Australia,56,Maize (corn),1961,2121.3,A,158630,A,74780,A
11,40,Austria,56,Maize (corn),1961,3860.5,A,198440,A,51403,A
16,50,Bangladesh,56,Maize (corn),1961,798.8,A,7112,A,8903,A
21,76,Brazil,56,Maize (corn),1961,1312.3,A,9036237,A,6885740,A
233,854,Burkina Faso,56,Maize (corn),1961,501.8,A,74985,A,149430,A
214,158,"China, Taiwan Province of",56,Maize (corn),1961,1806.1,E,27091,A,15000,E
79,276,Germany,56,Maize (corn),1961,2897.9,A,26151,A,9024,A
86,308,Grenada,56,Maize (corn),1961,873,E,550,E,630,E
110,392,Japan,56,Maize (corn),1961,2691.4,A,116000,A,43100,A
120,418,Lao People's Democratic Republic,56,Maize (corn),1961,1700,E,17000,A,10000,E
129,450,Madagascar,56,Maize (corn),1961,1480,A,116920,A,79000,A
130,454,Malawi,56,Maize (corn),1961,1018.8,E,815000,E,800000,E
144,508,Mozambique,56,Maize (corn),1961,870.6,E,370000,E,425000,E
165,586,Pakistan,56,Maize (corn),1961,1030.9,A,487680,A,473083,A
183,642,Romania,56,Maize (corn),1961,1674.1,A,5739600,A,3428400,A
193,678,Sao Tome and Principe,56,Maize (corn),1961,1481.5,E,400,E,270,E
216,764,Thailand,56,Maize (corn),1961,2007.6,A,598276,A,298004,A
248,890,Yugoslav SFR,56,Maize (corn),1961,1812.2,A,4554000,A,2513000,A
3,8,Albania,56,Maize (corn),1961,954.1,A,154104,A,161516,A
48,188,Costa Rica,56,Maize (corn),1961,1023.9,E,51913,A,50700,X
58,218,Ecuador,56,Maize (corn),1961,672.6,A,153047,A,227558,A
89,320,Guatemala,56,Maize (corn),1961,828.6,A,518100,A,625300,A
95,340,Honduras,56,Maize (corn),1961,1025.3,A,258402,A,252028,A
121,422,Lebanon,56,Maize (corn),1961,2083.3,A,12500,A,6000,A
143,504,Morocco,56,Maize (corn),1961,317.1,A,130000,A,410000,A
147,516,Namibia,56,Maize (corn),1961,1176.5,E,20000,E,17000,E
153,540,New Caledonia,56,Maize (corn),1961,1263.2,A,1200,A,950,A
166,591,Panama,56,Maize (corn),1961,805.9,A,73982,A,91800,A
181,716,Zimbabwe,56,Maize (corn),1961,1192.9,E,1014000,A,850000,E
209,748,Eswatini,56,Maize (corn),1961,400.1,A,29991,A,74964,A
223,792,Türkiye,56,Maize (corn),1961,1442.6,A,1017000,A,705000,A
234,858,Uruguay,56,Maize (corn),1961,786.4,A,223723,A,284480,A
19,68,Bolivia (Plurinational State of),56,Maize (corn),1961,1250.1,A,258800,A,207030,A
20,72,Botswana,56,Maize (corn),1961,447.7,A,616,A,1376,A
45,174,Comoros,56,Maize (corn),1961,1045.5,E,2300,E,2200,E
62,230,Ethiopia PDR,56,Maize (corn),1961,962.9,E,727000,E,755000,E
131,458,Malaysia,56,Maize (corn),1961,1200.5,E,8000,E,6664,A
132,462,Maldives,56,Maize (corn),1961,1000,E,3,E,3,E
155,548,Vanuatu,56,Maize (corn),1961,500,E,350,E,700,E
158,562,Niger,56,Maize (corn),1961,749.6,A,2194,A,2927,A
191,670,Saint Vincent and the Grenadines,56,Maize (corn),1961,4000,E,400,E,100,E
236,862,Venezuela (Bolivarian Republic of),56,Maize (corn),1961,1079.2,A,419508,A,388720,A
249,887,Yemen,56,Maize (corn),1961,2440,E,12200,E,5000,E
4,12,Algeria,56,Maize (corn),1961,974.6,A,5689,A,5837,A
28,104,Myanmar,56,Maize (corn),1961,808.9,A,54894,A,67860,A
44,170,Colombia,56,Maize (corn),1961,1065.7,A,757531,A,710830,A
93,332,Haiti,56,Maize (corn),1961,1036.4,E,228000,X,220000,E
100,356,India,56,Maize (corn),1961,956.7,A,4312000,A,4507000,A
105,376,Israel,56,Maize (corn),1961,3959.4,A,7800,A,1970,A
177,630,Puerto Rico,56,Maize (corn),1961,978,A,15082,A,15422,A
201,706,Somalia,56,Maize (corn),1961,869.6,E,120000,E,138000,E
203,724,Spain,56,Maize (corn),1961,2388.2,A,1066800,A,446700,A
220,780,Trinidad and Tobago,56,Maize (corn),1961,3000,E,2400,E,800,E
59,818,Egypt,56,Maize (corn),1961,2401.4,A,1617130,A,673399,A
231,840,United States of America,56,Maize (corn),1961,3918.4,A,91388000,A,23323008,A
33,124,Canada,56,Maize (corn),1961,4582.2,A,741912,A,161912,A
74,266,Gabon,56,Maize (corn),1961,1545.5,E,8500,E,5500,E
102,364,Iran (Islamic Republic of),56,Maize (corn),1961,875,X,14000,X,16000,X
168,598,Papua New Guinea,56,Maize (corn),1961,915.4,A,119,A,130,A
170,604,Peru,56,Maize (corn),1961,1341.9,A,340037,A,253396,A
171,608,Philippines,56,Maize (corn),1961,628,A,1266270,A,2016270,A
174,620,Portugal,56,Maize (corn),1961,1277.9,A,632015,A,494577,A
184,646,Rwanda,56,Maize (corn),1961,748.3,E,28434,A,38000,E
202,710,South Africa,56,Maize (corn),1961,1285.3,A,5293000,A,4118000,A
206,736,Sudan (former),56,Maize (corn),1961,431.7,A,7200,A,16677,A
250,180,Democratic Republic of the Congo,56,Maize (corn),1961,685.2,E,370000,E,540000,E
27,100,Bulgaria,56,Maize (corn),1961,2244.8,A,1424492,A,634565,A
40,152,Chile,56,Maize (corn),1961,1953.8,A,162810,A,83330,A
51,200,Czechoslovakia,56,Maize (corn),1961,2474.2,A,461046,A,186343,A
55,212,Dominica,56,Maize (corn),1961,1181.8,E,130,E,110,E
114,404,Kenya,56,Maize (corn),1961,1253.3,E,940000,E,750000,E
157,558,Nicaragua,56,Maize (corn),1961,848.2,A,140200,A,165300,A
215,834,United Republic of Tanzania,56,Maize (corn),1961,746.8,E,590000,E,790000,E
35,132,Cabo Verde,56,Maize (corn),1961,650,E,13000,E,20000,E
56,214,Dominican Republic,56,Maize (corn),1961,1435.2,E,50233,A,35000,E
84,300,Greece,56,Maize (corn),1961,1194.6,A,228171,A,191000,A
176,626,Timor-Leste,56,Maize (corn),1961,1093.8,E,17500,A,16000,E
211,756,Switzerland,56,Maize (corn),1961,4673.4,A,8300,A,1776,A
225,784,United Arab Emirates,56,Maize (corn),1961,,,,M,,M
7,24,Angola,56,Maize (corn),1961,811.3,E,430000,X,530000,E
60,222,El Salvador,56,Maize (corn),1961,927.9,A,176300,A,190000,A
81,288,Ghana,56,Maize (corn),1961,953.6,E,226000,X,237000,E
136,478,Mauritania,56,Maize (corn),1961,640,E,3200,X,5000,E
217,768,Togo,56,Maize (corn),1961,492.6,E,72900,A,148000,E
32,120,Cameroon,56,Maize (corn),1961,782.6,E,360000,E,460000,E
37,140,Central African Republic,56,Maize (corn),1961,533.3,A,40000,A,75000,A
69,254,French Guiana,56,Maize (corn),1961,5000,A,200,A,40,A
90,324,Guinea,56,Maize (corn),1961,1117.6,E,95000,X,85000,E
122,426,Lesotho,56,Maize (corn),1961,814.8,E,110000,E,135000,E
195,686,Senegal,56,Maize (corn),1961,885.7,A,28313,A,31967,A
38,144,Sri Lanka,56,Maize (corn),1961,726.9,A,9419,A,12957,A
39,148,Chad,56,Maize (corn),1961,1058.8,A,9000,A,8500,A
41,156,"China, mainland",56,Maize (corn),1961,1184.2,E,18000000,E,15200000,E
97,348,Hungary,56,Maize (corn),1961,2026.3,A,2736903,A,1350688,A
156,554,New Zealand,56,Maize (corn),1961,3865.2,A,10262,A,2655,A
159,566,Nigeria,56,Maize (corn),1961,805.1,A,1107000,A,1375000,A
7,24,Angola,56,Maize (corn),1962,811.3,E,430000,X,530000,E
9,32,Argentina,56,Maize (corn),1962,1893.6,A,5220000,A,2756670,A
14,52,Barbados,56,Maize (corn),1962,2511.2,A,899,A,358,A
19,68,Bolivia (Plurinational State of),56,Maize (corn),1962,1239.9,A,264800,A,213560,A
21,76,Brazil,56,Maize (corn),1962,1304.8,A,9587285,A,7347881,A
28,104,Myanmar,56,Maize (corn),1962,526.4,A,66371,A,126088,A
29,108,Burundi,56,Maize (corn),1962,1032.2,A,92900,A,90000,A
45,174,Comoros,56,Maize (corn),1962,1095.2,E,2300,E,2100,E
107,384,Côte d'Ivoire,56,Maize (corn),1962,762.3,A,170000,A,223000,A
112,400,Jordan,56,Maize (corn),1962,1152.5,A,514,A,446,A
117,410,Republic of Korea,56,Maize (corn),1962,679.6,A,17537,A,25804,A
121,422,Lebanon,56,Maize (corn),1962,2142.9,A,15000,A,7000,A
129,450,Madagascar,56,Maize (corn),1962,1300,A,102700,A,79000,A
169,600,Paraguay,56,Maize (corn),1962,1300,A,123500,A,95000,A
170,604,Peru,56,Maize (corn),1962,1302.7,A,357274,A,274260,A
182,638,Réunion,56,Maize (corn),1962,3947.4,E,15000,A,3800,E
195,686,Senegal,56,Maize (corn),1962,871,A,27000,A,31000,A
202,710,South Africa,56,Maize (corn),1962,1387.7,A,6024000,A,4341000,A
203,724,Spain,56,Maize (corn),1962,2140.8,A,920399,A,429925,A
206,736,Sudan (former),56,Maize (corn),1962,483.6,A,16145,A,33384,A
234,858,Uruguay,56,Maize (corn),1962,580.6,A,155175,A,267270,A
237,704,Viet Nam,56,Maize (corn),1962,1198.7,X,314085,X,262020,X
250,180,Democratic Republic of the Congo,56,Maize (corn),1962,692.3,E,360000,E,520000,E
10,36,Australia,56,Maize (corn),1962,2178.5,A,185613,A,85201,A
18,64,Bhutan,56,Maize (corn),1962,1398.3,E,49500,E,35400,E
233,854,Burkina Faso,56,Maize (corn),1962,486.6,A,78306,A,160921,A
48,188,Costa Rica,56,Maize (corn),1962,1051.7,E,56794,A,54000,X
51,200,Czechoslovakia,56,Maize (corn),1962,2349.8,A,471272,A,200555,A
116,408,Democratic People's Republic of Korea,56,Maize (corn),1962,2462.3,E,1305000,X,530000,E
56,214,Dominican Republic,56,Maize (corn),1962,1514.5,E,48464,A,32000,E
58,218,Ecuador,56,Maize (corn),1962,651.7,A,138365,A,212319,A
59,818,Egypt,56,Maize (corn),1962,2604,A,2003690,A,769464,A
69,254,French Guiana,56,Maize (corn),1962,9418.6,A,405,A,43,A
79,276,Germany,56,Maize (corn),1962,3231.9,A,45259,A,14004,A
81,288,Ghana,56,Maize (corn),1962,928.3,E,220000,E,237000,E
91,328,Guyana,56,Maize (corn),1962,940.7,A,857,A,911,A
101,360,Indonesia,56,Maize (corn),1962,1021.4,A,3242900,A,3175000,A
103,368,Iraq,56,Maize (corn),1962,991.5,E,1983,A,2000,E
109,388,Jamaica,56,Maize (corn),1962,733.9,A,3861,A,5261,A
122,426,Lesotho,56,Maize (corn),1962,814.8,E,110000,E,135000,E
138,484,Mexico,56,Maize (corn),1962,994.6,A,6337359,A,6371704,A
144,508,Mozambique,56,Maize (corn),1962,825,E,330000,E,400000,E
153,540,New Caledonia,56,Maize (corn),1962,1411.8,E,1200,A,850,E
193,678,Sao Tome and Principe,56,Maize (corn),1962,1481.5,E,400,E,270,E
201,706,Somalia,56,Maize (corn),1962,866.7,E,117000,E,135000,E
212,760,Syrian Arab Republic,56,Maize (corn),1962,119.3,A,6600,A,55316,A
176,626,Timor-Leste,56,Maize (corn),1962,1000,E,20000,E,20000,E
215,834,United Republic of Tanzania,56,Maize (corn),1962,750,E,600000,E,800000,E
249,887,Yemen,56,Maize (corn),1962,2442.3,E,12700,E,5200,E
16,50,Bangladesh,56,Maize (corn),1962,738.4,A,5080,A,6880,A
39,148,Chad,56,Maize (corn),1962,1000,A,9000,A,9000,A
49,192,Cuba,56,Maize (corn),1962,933.3,E,98000,E,105000,E
209,748,Eswatini,56,Maize (corn),1962,426.5,A,34860,A,81735,A
84,300,Greece,56,Maize (corn),1962,1298.5,A,215429,A,165900,A
90,324,Guinea,56,Maize (corn),1962,1058.8,E,90000,X,85000,E
105,376,Israel,56,Maize (corn),1962,3913,A,8100,A,2070,A
106,380,Italy,56,Maize (corn),1962,2912.9,A,3263300,A,1120283,A
130,454,Malawi,56,Maize (corn),1962,1062.5,E,850000,E,800000,E
131,458,Malaysia,56,Maize (corn),1962,1238.2,E,8000,E,6461,A
143,504,Morocco,56,Maize (corn),1962,933.3,A,420000,A,450000,A
183,642,Romania,56,Maize (corn),1962,1587.6,A,4932400,A,3106766,A
194,682,Saudi Arabia,56,Maize (corn),1962,500,E,2000,E,4000,E
236,862,Venezuela (Bolivarian Republic of),56,Maize (corn),1962,1118.4,A,540475,A,483259,A
248,890,Yugoslav SFR,56,Maize (corn),1962,2140.8,A,5275000,A,2464000,A
251,894,Zambia,56,Maize (corn),1962,853.3,E,640000,E,750000,E
3,8,Albania,56,Maize (corn),1962,907.9,A,122919,A,135383,A
11,40,Austria,56,Maize (corn),1962,3562,A,192913,A,54159,A
12,44,Bahamas,56,Maize (corn),1962,833.3,E,150,E,180,E
40,152,Chile,56,Maize (corn),1962,2137.7,A,180760,A,84560,A
62,230,Ethiopia PDR,56,Maize (corn),1962,961,E,739000,E,769000,E
150,528,Netherlands (Kingdom of the),56,Maize (corn),1962,3805.2,A,293,A,77,A
159,566,Nigeria,56,Maize (corn),1962,884.8,A,991000,A,1120000,A
171,608,Philippines,56,Maize (corn),1962,652.9,A,1272900,A,1949500,A
174,620,Portugal,56,Maize (corn),1962,1175.1,A,590941,A,502880,A
181,716,Zimbabwe,56,Maize (corn),1962,1117.5,E,894000,A,800000,E
184,646,Rwanda,56,Maize (corn),1962,1175.5,A,68744,A,58480,A
211,756,Switzerland,56,Maize (corn),1962,4524.6,A,12800,A,2829,A
4,12,Algeria,56,Maize (corn),1962,540,A,2700,A,5000,A
27,100,Bulgaria,56,Maize (corn),1962,2390.3,A,1555740,A,650843,A
60,222,El Salvador,56,Maize (corn),1962,1076.5,A,213900,A,198700,A
74,266,Gabon,56,Maize (corn),1962,1545.5,E,8500,E,5500,E
89,320,Guatemala,56,Maize (corn),1962,874.8,A,559000,A,639000,A
100,356,India,56,Maize (corn),1962,992.2,A,4607000,A,4643000,A
149,524,Nepal,56,Maize (corn),1962,1955.2,A,842705,A,431000,A
155,548,Vanuatu,56,Maize (corn),1962,500,E,350,E,700,E
157,558,Nicaragua,56,Maize (corn),1962,866,A,149900,A,173100,A
165,586,Pakistan,56,Maize (corn),1962,1052.5,A,482600,A,458514,A
175,624,Guinea-Bissau,56,Maize (corn),1962,666.7,E,2000,E,3000,E
191,670,Saint Vincent and the Grenadines,56,Maize (corn),1962,4000,E,400,E,100,E
225,784,United Arab Emirates,56,Maize (corn),1962,,,,M,,M
231,840,United States of America,56,Maize (corn),1962,4062.1,A,91604000,A,22551008,A
15,58,Belgium-Luxembourg,56,Maize (corn),1962,4389.4,A,3472,A,791,A
35,132,Cabo Verde,56,Maize (corn),1962,650,E,13000,E,20000,E
55,212,Dominica,56,Maize (corn),1962,1181.8,E,130,E,110,E
68,250,France,56,Maize (corn),1962,2148.9,A,1866560,A,868600,A
110,392,Japan,56,Maize (corn),1962,2460.8,A,103600,A,42100,A
120,418,Lao People's Democratic Republic,56,Maize (corn),1962,1500,E,18000,A,12000,E
124,434,Libya,56,Maize (corn),1962,1076.9,A,1400,A,1300,A
132,462,Maldives,56,Maize (corn),1962,1000,E,3,E,3,E
137,480,Mauritius,56,Maize (corn),1962,1780.7,A,203,A,114,A
197,694,Sierra Leone,56,Maize (corn),1962,526.1,A,9144,A,17381,A
228,810,USSR,56,Maize (corn),1962,2209,A,15474000,A,7005000,A
2,4,Afghanistan,56,Maize (corn),1962,1400,A,700000,A,500000,A
20,72,Botswana,56,Maize (corn),1962,682.2,A,6350,A,9308,A
46,178,Congo,56,Maize (corn),1962,750,A,1500,A,2000,A
66,242,Fiji,56,Maize (corn),1962,2200,E,220,E,100,E
97,348,Hungary,56,Maize (corn),1962,2514.9,A,3269861,A,1300193,A
102,364,Iran (Islamic Republic of),56,Maize (corn),1962,875,X,14000,X,16000,X
147,516,Namibia,56,Maize (corn),1962,1166.7,E,21000,E,18000,E
156,554,New Zealand,56,Maize (corn),1962,4686.2,A,13843,A,2954,A
158,562,Niger,56,Maize (corn),1962,733.2,A,2350,A,3205,A
166,591,Panama,56,Maize (corn),1962,865.1,A,71887,A,83100,A
207,740,Suriname,56,Maize (corn),1962,1780,A,1173,A,659,A
216,764,Thailand,56,Maize (corn),1962,2070.1,A,665429,A,321441,A
226,800,Uganda,56,Maize (corn),1962,1111.8,E,190000,E,170896,A
33,124,Canada,56,Maize (corn),1962,4772.1,A,848368,A,177776,A
87,312,Guadeloupe,56,Maize (corn),1962,2000,A,1400,A,700,A
95,340,Honduras,56,Maize (corn),1962,1052.6,A,280399,A,266383,A
114,404,Kenya,56,Maize (corn),1962,1222.2,E,1100000,E,900000,E
168,598,Papua New Guinea,56,Maize (corn),1962,1656.6,A,164,A,99,A
173,616,Poland,56,Maize (corn),1962,2159.1,A,19000,A,8800,A
38,144,Sri Lanka,56,Maize (corn),1962,781.4,A,8974,A,11485,A
41,156,"China, mainland",56,Maize (corn),1962,1269.5,A,16250000,A,12800000,A
44,170,Colombia,56,Maize (corn),1962,1081.8,A,753900,A,696900,A
136,478,Mauritania,56,Maize (corn),1962,680,E,3400,X,5000,E
220,780,Trinidad and Tobago,56,Maize (corn),1962,3195.3,E,2700,E,845,E
53,204,Benin,56,Maize (corn),1962,494.4,E,222470,A,450000,E
37,140,Central African Republic,56,Maize (corn),1962,428.6,A,30000,A,70000,A
75,270,Gambia,56,Maize (corn),1962,312.4,A,417,A,1335,A
93,332,Haiti,56,Maize (corn),1962,1040.9,E,229000,X,220000,E
223,792,Türkiye,56,Maize (corn),1962,1199.4,A,800000,A,667000,A
23,84,Belize,56,Maize (corn),1962,582.5,A,2495,A,4283,A
115,116,Cambodia,56,Maize (corn),1962,1501.9,A,151800,A,101069,A
133,466,Mali,56,Maize (corn),1962,804.6,A,87700,A,109000,A
177,630,Puerto Rico,56,Maize (corn),1962,1012.2,A,9149,A,9039,A
189,662,Saint Lucia,56,Maize (corn),1962,1250,A,50,A,40,A
217,768,Togo,56,Maize (corn),1962,604.7,A,84039,A,138981,A
32,120,Cameroon,56,Maize (corn),1962,744.7,E,350000,E,470000,E
86,308,Grenada,56,Maize (corn),1962,873,E,550,E,630,E
214,158,"China, Taiwan Province of",56,Maize (corn),1962,2014.7,E,36265,A,18000,E
2,4,Afghanistan,56,Maize (corn),1963,1426,A,713000,A,500000,A
3,8,Albania,56,Maize (corn),1963,1192.4,A,192141,A,161138,A
9,32,Argentina,56,Maize (corn),1963,1648.1,A,4360000,A,2645400,A
12,44,Bahamas,56,Maize (corn),1963,833.3,E,200,E,240,E
19,68,Bolivia (Plurinational State of),56,Maize (corn),1963,1240.8,A,270500,A,218000,A
32,120,Cameroon,56,Maize (corn),1963,755.6,E,340000,E,450000,E
49,192,Cuba,56,Maize (corn),1963,950,E,95000,E,100000,E
68,250,France,56,Maize (corn),1963,4059.3,A,3877070,A,955100,A
69,254,French Guiana,56,Maize (corn),1963,7000,A,70,A,10,A
74,266,Gabon,56,Maize (corn),1963,1545.5,E,8500,E,5500,E
75,270,Gambia,56,Maize (corn),1963,304.1,A,406,A,1335,A
81,288,Ghana,56,Maize (corn),1963,903.9,A,182889,A,202340,A
86,308,Grenada,56,Maize (corn),1963,873,E,550,E,630,E
93,332,Haiti,56,Maize (corn),1963,1045.5,E,230000,X,220000,E
95,340,Honduras,56,Maize (corn),1963,1080.6,A,284233,A,263036,A
102,364,Iran (Islamic Republic of),56,Maize (corn),1963,875,X,14000,X,16000,X
103,368,Iraq,56,Maize (corn),1963,1006.5,E,2013,A,2000,E
109,388,Jamaica,56,Maize (corn),1963,649.4,A,3942,A,6070,A
116,408,Democratic People's Republic of Korea,56,Maize (corn),1963,2698.1,E,1430000,X,530000,E
144,508,Mozambique,56,Maize (corn),1963,887.5,E,355000,E,400000,E
157,558,Nicaragua,56,Maize (corn),1963,887.1,A,142378,A,160500,A
174,620,Portugal,56,Maize (corn),1963,1072.9,A,523360,A,487785,A
191,670,Saint Vincent and the Grenadines,56,Maize (corn),1963,4000,E,400,E,100,E
209,748,Eswatini,56,Maize (corn),1963,443.4,A,31751,A,71600,A
250,180,Democratic Republic of the Congo,56,Maize (corn),1963,679.6,E,350000,E,515000,E
29,108,Burundi,56,Maize (corn),1963,908.1,A,91900,A,101200,A
115,116,Cambodia,56,Maize (corn),1963,1593,A,183200,A,115000,A
39,148,Chad,56,Maize (corn),1963,1000,E,10000,E,10000,E
41,156,"China, mainland",56,Maize (corn),1963,1339.8,A,20580000,A,15360000,A
45,174,Comoros,56,Maize (corn),1963,1022.2,E,2300,A,2250,E
79,276,Germany,56,Maize (corn),1963,3452.6,A,50249,A,14554,A
84,300,Greece,56,Maize (corn),1963,1364.5,A,252562,A,185100,A
90,324,Guinea,56,Maize (corn),1963,875,E,70000,X,80000,E
91,328,Guyana,56,Maize (corn),1963,921.4,A,879,A,954,A
110,392,Japan,56,Maize (corn),1963,2688.3,A,103500,A,38500,A
112,400,Jordan,56,Maize (corn),1963,760.4,A,1019,A,1340,A
124,434,Libya,56,Maize (corn),1963,1230.8,A,1600,A,1300,A
138,484,Mexico,56,Maize (corn),1963,986.7,A,6870201,A,6963077,A
156,554,New Zealand,56,Maize (corn),1963,4840.4,A,15470,A,3196,A
165,586,Pakistan,56,Maize (corn),1963,1052.2,A,526300,A,500197,A
169,600,Paraguay,56,Maize (corn),1963,1250,A,120000,A,96000,A
171,608,Philippines,56,Maize (corn),1963,681.2,A,1292710,A,1897570,A
189,662,Saint Lucia,56,Maize (corn),1963,1250,A,30,A,24,A
38,144,Sri Lanka,56,Maize (corn),1963,709.6,A,10587,A,14919,A
211,756,Switzerland,56,Maize (corn),1963,4896.7,A,12800,A,2614,A
215,834,United Republic of Tanzania,56,Maize (corn),1963,885.4,E,850000,E,960000,E
231,840,United States of America,56,Maize (corn),1963,4259.6,A,102093008,A,23968000,A
236,862,Venezuela (Bolivarian Republic of),56,Maize (corn),1963,1008.1,A,430163,A,426718,A
237,704,Viet Nam,56,Maize (corn),1963,930.7,X,253840,X,272750,X
248,890,Yugoslav SFR,56,Maize (corn),1963,2232.3,A,5382000,A,2411000,A
251,894,Zambia,56,Maize (corn),1963,740.3,E,570000,E,770000,E
10,36,Australia,56,Maize (corn),1963,2234.3,A,189415,A,84776,A
14,52,Barbados,56,Maize (corn),1963,1883,A,708,A,376,A
23,84,Belize,56,Maize (corn),1963,614.3,A,2631,A,4283,A
18,64,Bhutan,56,Maize (corn),1963,1401.1,E,51000,E,36400,E
27,100,Bulgaria,56,Maize (corn),1963,2624.4,A,1732036,A,659962,A
40,152,Chile,56,Maize (corn),1963,2086.8,A,176020,A,84350,A
51,200,Czechoslovakia,56,Maize (corn),1963,2933.9,A,578244,A,197090,A
107,384,Côte d'Ivoire,56,Maize (corn),1963,681.5,A,169000,A,248000,A
59,818,Egypt,56,Maize (corn),1963,2582.4,A,1867000,A,722958,A
100,356,India,56,Maize (corn),1963,995.4,A,4561000,A,4582000,A
114,404,Kenya,56,Maize (corn),1963,1250,E,1250000,E,1000000,E
129,450,Madagascar,56,Maize (corn),1963,1140,A,108300,A,95000,A
133,466,Mali,56,Maize (corn),1963,865.6,A,100200,A,115759,A
149,524,Nepal,56,Maize (corn),1963,1956.2,A,849000,A,434000,A
150,528,Netherlands (Kingdom of the),56,Maize (corn),1963,4261.9,A,179,A,42,A
159,566,Nigeria,56,Maize (corn),1963,1023.7,A,1167000,A,1140000,A
170,604,Peru,56,Maize (corn),1963,1328.1,A,362330,A,272820,A
117,410,Republic of Korea,56,Maize (corn),1963,649.3,A,20438,A,31478,A
176,626,Timor-Leste,56,Maize (corn),1963,1020.7,E,18372,A,18000,E
155,548,Vanuatu,56,Maize (corn),1963,500,E,350,E,700,E
7,24,Angola,56,Maize (corn),1963,769.2,E,400000,X,520000,E
55,212,Dominica,56,Maize (corn),1963,1217.4,E,140,E,115,E
56,214,Dominican Republic,56,Maize (corn),1963,1519.4,E,45583,A,30000,X
121,422,Lebanon,56,Maize (corn),1963,2000,A,12000,A,6000,A
130,454,Malawi,56,Maize (corn),1963,897.4,A,726000,A,809000,A
136,478,Mauritania,56,Maize (corn),1963,569.2,E,3700,X,6500,A
137,480,Mauritius,56,Maize (corn),1963,1289.5,A,147,A,114,A
166,591,Panama,56,Maize (corn),1963,806.1,A,75851,A,94100,A
168,598,Papua New Guinea,56,Maize (corn),1963,1195.9,A,116,A,97,A
173,616,Poland,56,Maize (corn),1963,2121.2,A,14000,A,6600,A
194,682,Saudi Arabia,56,Maize (corn),1963,500,E,2000,E,4000,E
206,736,Sudan (former),56,Maize (corn),1963,773.2,A,24150,A,31233,A
249,887,Yemen,56,Maize (corn),1963,2452.8,E,13000,E,5300,E
21,76,Brazil,56,Maize (corn),1963,1309.2,A,10418267,A,7957633,A
28,104,Myanmar,56,Maize (corn),1963,745.2,A,74112,A,99446,A
35,132,Cabo Verde,56,Maize (corn),1963,650,E,13000,E,20000,E
89,320,Guatemala,56,Maize (corn),1963,856.1,A,589000,A,688000,A
131,458,Malaysia,56,Maize (corn),1963,1623.9,E,15000,E,9237,A
132,462,Maldives,56,Maize (corn),1963,1000,E,4,E,4,E
153,540,New Caledonia,56,Maize (corn),1963,1500,E,1200,A,800,E
181,716,Zimbabwe,56,Maize (corn),1963,960,E,720000,E,750000,E
182,638,Réunion,56,Maize (corn),1963,3947.4,E,15000,A,3800,E
202,710,South Africa,56,Maize (corn),1963,1412.1,A,6127000,A,4339000,A
214,158,"China, Taiwan Province of",56,Maize (corn),1963,1797.4,A,34528,A,19210,A
223,792,Türkiye,56,Maize (corn),1963,1477.6,A,990000,A,670000,A
20,72,Botswana,56,Maize (corn),1963,750,E,6000,E,8000,E
44,170,Colombia,56,Maize (corn),1963,1134.8,A,781593,A,688760,A
46,178,Congo,56,Maize (corn),1963,1020,E,5100,X,5000,E
143,504,Morocco,56,Maize (corn),1963,1043.5,A,480000,A,460000,A
177,630,Puerto Rico,56,Maize (corn),1963,1012.2,A,9149,A,9039,A
203,724,Spain,56,Maize (corn),1963,2404.4,A,1171300,A,487144,A
212,760,Syrian Arab Republic,56,Maize (corn),1963,137.4,A,7600,A,55316,A
220,780,Trinidad and Tobago,56,Maize (corn),1963,3393.9,E,2800,E,825,E
226,800,Uganda,56,Maize (corn),1963,1253.1,E,200000,E,159606,A
4,12,Algeria,56,Maize (corn),1963,1071.6,A,4069,A,3797,A
16,50,Bangladesh,56,Maize (corn),1963,772.5,A,4064,A,5261,A
33,124,Canada,56,Maize (corn),1963,4110.8,A,919110,A,223586,A
37,140,Central African Republic,56,Maize (corn),1963,428.6,A,30000,A,70000,A
97,348,Hungary,56,Maize (corn),1963,2755.3,A,3581855,A,1299997,A
105,376,Israel,56,Maize (corn),1963,4498.3,A,6500,A,1445,A
122,426,Lesotho,56,Maize (corn),1963,814.8,E,110000,E,135000,E
183,642,Romania,56,Maize (corn),1963,1782.2,A,6022700,A,3379300,A
184,646,Rwanda,56,Maize (corn),1963,2000,A,7700,A,3850,A
193,678,Sao Tome and Principe,56,Maize (corn),1963,1481.5,E,400,E,270,E
195,686,Senegal,56,Maize (corn),1963,818.2,A,27000,A,33000,A
217,768,Togo,56,Maize (corn),1963,475.9,A,66150,A,139000,A
233,854,Burkina Faso,56,Maize (corn),1963,688.5,A,108788,A,158000,A
62,230,Ethiopia PDR,56,Maize (corn),1963,900,A,695000,A,772200,A
87,312,Guadeloupe,56,Maize (corn),1963,2000,A,1440,A,720,A
201,706,Somalia,56,Maize (corn),1963,864.7,E,115000,E,133000,E
216,764,Thailand,56,Maize (corn),1963,2207.8,A,857743,A,388498,A
11,40,Austria,56,Maize (corn),1963,3903.3,A,194221,A,49758,A
48,188,Costa Rica,56,Maize (corn),1963,1112.5,E,59017,A,53050,X
66,242,Fiji,56,Maize (corn),1963,2212.4,E,250,E,113,A
197,694,Sierra Leone,56,Maize (corn),1963,497.3,A,9449,A,19000,A
207,740,Suriname,56,Maize (corn),1963,1756.3,A,764,A,435,A
228,810,USSR,56,Maize (corn),1963,1593,A,11143000,A,6995000,A
58,218,Ecuador,56,Maize (corn),1963,778.2,A,191953,A,246653,A
101,360,Indonesia,56,Maize (corn),1963,921.4,A,2357800,A,2559000,A
158,562,Niger,56,Maize (corn),1963,679.5,A,2232,A,3285,A
225,784,United Arab Emirates,56,Maize (corn),1963,,,,M,,M
234,858,Uruguay,56,Maize (corn),1963,870.7,A,205653,A,236200,A
60,222,El Salvador,56,Maize (corn),1963,1199.2,A,207077,A,172680,A
106,380,Italy,56,Maize (corn),1963,3294.9,A,3691900,A,1120500,A
147,516,Namibia,56,Maize (corn),1963,1166.7,E,21000,E,18000,E
15,58,Belgium-Luxembourg,56,Maize (corn),1963,5121,A,2074,A,405,A
120,418,Lao People's Democratic Republic,56,Maize (corn),1963,1500,E,15000,E,10000,E
175,624,Guinea-Bissau,56,Maize (corn),1963,666.7,E,2000,E,3000,E
53,204,Benin,56,Maize (corn),1963,495.6,A,204922,A,413504,A
3,8,Albania,56,Maize (corn),1964,1163.4,A,169231,A,145457,A
33,124,Canada,56,Maize (corn),1964,5063.6,A,1342189,A,265065,A
41,156,"China, mainland",56,Maize (corn),1964,1478.4,A,22690000,A,15348000,A
46,178,Congo,56,Maize (corn),1964,1000,E,5000,E,5000,E
49,192,Cuba,56,Maize (corn),1964,947.4,E,90000,E,95000,E
55,212,Dominica,56,Maize (corn),1964,1217.4,E,140,E,115,E
68,250,France,56,Maize (corn),1964,2354.6,A,2108800,A,895600,A
69,254,French Guiana,56,Maize (corn),1964,7916.7,A,95,A,12,A
93,332,Haiti,56,Maize (corn),1964,1031.1,E,232000,X,225000,E
95,340,Honduras,56,Maize (corn),1964,1108.6,A,332768,A,300177,A
110,392,Japan,56,Maize (corn),1964,2353.9,A,83800,A,35600,A
115,116,Cambodia,56,Maize (corn),1964,1605.5,A,203900,A,127000,A
121,422,Lebanon,56,Maize (corn),1964,2000,A,11000,A,5500,A
132,462,Maldives,56,Maize (corn),1964,1000,E,4,E,4,E
133,466,Mali,56,Maize (corn),1964,837.2,A,106900,A,127685,A
136,478,Mauritania,56,Maize (corn),1964,615.4,A,4000,A,6500,A
137,480,Mauritius,56,Maize (corn),1964,1000,A,25,A,25,A
156,554,New Zealand,56,Maize (corn),1964,4839.4,A,18898,A,3905,A
157,558,Nicaragua,56,Maize (corn),1964,906,A,158100,A,174500,A
174,620,Portugal,56,Maize (corn),1964,1202.7,A,596535,A,496000,A
175,624,Guinea-Bissau,56,Maize (corn),1964,833.3,E,2500,E,3000,E
202,710,South Africa,56,Maize (corn),1964,972.3,A,4310000,A,4433000,A
206,736,Sudan (former),56,Maize (corn),1964,797.2,A,26593,A,33359,A
209,748,Eswatini,56,Maize (corn),1964,418,A,30481,A,72923,A
212,760,Syrian Arab Republic,56,Maize (corn),1964,113.9,A,6300,A,55316,A
215,834,United Republic of Tanzania,56,Maize (corn),1964,774.2,E,720000,E,930000,E
228,810,USSR,56,Maize (corn),1964,2708.1,A,13849000,A,5114000,A
2,4,Afghanistan,56,Maize (corn),1964,1425.7,A,720000,A,505000,A
16,50,Bangladesh,56,Maize (corn),1964,753.2,A,3048,A,4047,A
233,854,Burkina Faso,56,Maize (corn),1964,761.4,A,127000,A,166800,A
214,158,"China, Taiwan Province of",56,Maize (corn),1964,2103.4,A,42100,A,20015,A
48,188,Costa Rica,56,Maize (corn),1964,924.8,E,61224,A,66200,X
107,384,Côte d'Ivoire,56,Maize (corn),1964,692.9,A,176000,A,254000,A
250,180,Democratic Republic of the Congo,56,Maize (corn),1964,679.6,E,350000,E,515000,E
56,214,Dominican Republic,56,Maize (corn),1964,1439.9,E,43198,A,30000,X
60,222,El Salvador,56,Maize (corn),1964,1156,A,191611,A,165754,A
84,300,Greece,56,Maize (corn),1964,1744.3,A,262000,A,150200,A
86,308,Grenada,56,Maize (corn),1964,873,E,550,E,630,E
87,312,Guadeloupe,56,Maize (corn),1964,2000,A,1000,A,500,A
89,320,Guatemala,56,Maize (corn),1964,921.2,A,643000,A,698000,A
109,388,Jamaica,56,Maize (corn),1964,1104.6,A,4572,A,4139,A
130,454,Malawi,56,Maize (corn),1964,1121.1,A,907000,A,809000,A
143,504,Morocco,56,Maize (corn),1964,869.6,A,400000,A,460000,A
147,516,Namibia,56,Maize (corn),1964,1166.7,E,21000,E,18000,E
158,562,Niger,56,Maize (corn),1964,786.3,A,4014,A,5105,A
168,598,Papua New Guinea,56,Maize (corn),1964,1086.5,A,113,A,104,A
193,678,Sao Tome and Principe,56,Maize (corn),1964,1481.5,E,400,E,270,E
38,144,Sri Lanka,56,Maize (corn),1964,835.4,A,9285,A,11114,A
211,756,Switzerland,56,Maize (corn),1964,4920.1,A,19100,A,3882,A
220,780,Trinidad and Tobago,56,Maize (corn),1964,3589.7,E,2800,E,780,E
231,840,United States of America,56,Maize (corn),1964,3949.8,A,88504000,A,22407008,A
248,890,Yugoslav SFR,56,Maize (corn),1964,2864.3,A,6963000,A,2431000,A
7,24,Angola,56,Maize (corn),1964,865.4,E,450000,X,520000,E
10,36,Australia,56,Maize (corn),1964,1964.6,A,170745,A,86909,A
44,170,Colombia,56,Maize (corn),1964,1254.5,A,968000,A,771600,A
81,288,Ghana,56,Maize (corn),1964,853.7,A,172728,A,202340,A
102,364,Iran (Islamic Republic of),56,Maize (corn),1964,1000,X,18000,X,18000,X
112,400,Jordan,56,Maize (corn),1964,640.7,A,526,A,821,A
159,566,Nigeria,56,Maize (corn),1964,760,A,1118000,A,1471000,A
183,642,Romania,56,Maize (corn),1964,2016.1,A,6691700,A,3319100,A
182,638,Réunion,56,Maize (corn),1964,3947.4,E,15000,A,3800,E
197,694,Sierra Leone,56,Maize (corn),1964,498.4,A,9459,A,18979,A
203,724,Spain,56,Maize (corn),1964,2339.2,A,1202811,A,514199,A
176,626,Timor-Leste,56,Maize (corn),1964,1024.1,E,15362,A,15000,E
237,704,Viet Nam,56,Maize (corn),1964,1243.6,X,319600,X,257000,X
21,76,Brazil,56,Maize (corn),1964,1160.6,A,9408043,A,8105894,A
45,174,Comoros,56,Maize (corn),1964,1040,E,2600,A,2500,E
74,266,Gabon,56,Maize (corn),1964,1527.3,E,8400,E,5500,E
90,324,Guinea,56,Maize (corn),1964,1149.4,E,100000,X,87000,E
101,360,Indonesia,56,Maize (corn),1964,1033.6,A,3768600,A,3646000,A
103,368,Iraq,56,Maize (corn),1964,1400,E,2800,A,2000,E
149,524,Nepal,56,Maize (corn),1964,1954.2,A,854000,A,437000,A
153,540,New Caledonia,56,Maize (corn),1964,2000,E,1500,A,750,E
169,600,Paraguay,56,Maize (corn),1964,1297.2,A,206000,A,158800,A
173,616,Poland,56,Maize (corn),1964,2432.4,A,18000,A,7400,A
181,716,Zimbabwe,56,Maize (corn),1964,954.7,E,716000,E,750000,E
195,686,Senegal,56,Maize (corn),1964,787.2,A,37000,A,47000,A
9,32,Argentina,56,Maize (corn),1964,1801,A,5350000,A,2970500,A
11,40,Austria,56,Maize (corn),1964,4235.9,A,211857,A,50015,A
15,58,Belgium-Luxembourg,56,Maize (corn),1964,5655.8,A,2087,A,369,A
19,68,Bolivia (Plurinational State of),56,Maize (corn),1964,909.1,A,200000,A,220000,A
20,72,Botswana,56,Maize (corn),1964,672.2,A,816,A,1214,A
32,120,Cameroon,56,Maize (corn),1964,758.6,E,330000,E,435000,E
37,140,Central African Republic,56,Maize (corn),1964,700,A,28000,A,40000,A
39,148,Chad,56,Maize (corn),1964,625.8,A,12000,A,19174,A
79,276,Germany,56,Maize (corn),1964,3369.1,E,65010,E,19296,E
106,380,Italy,56,Maize (corn),1964,3690.7,A,3957300,A,1072229,A
114,404,Kenya,56,Maize (corn),1964,1171.4,E,1230000,E,1050000,E
117,410,Republic of Korea,56,Maize (corn),1964,809.3,A,34712,A,42891,A
223,792,Türkiye,56,Maize (corn),1964,1470.6,A,1000000,A,680000,A
225,784,United Arab Emirates,56,Maize (corn),1964,,,,M,,M
234,858,Uruguay,56,Maize (corn),1964,544.6,A,91064,A,167200,A
249,887,Yemen,56,Maize (corn),1964,2444.4,E,13200,E,5400,E
27,100,Bulgaria,56,Maize (corn),1964,3126.4,A,2055744,A,657539,A
29,108,Burundi,56,Maize (corn),1964,1015.8,A,109200,A,107500,A
51,200,Czechoslovakia,56,Maize (corn),1964,2653.9,A,465315,A,175330,A
97,348,Hungary,56,Maize (corn),1964,2903,A,3551862,A,1223500,A
122,426,Lesotho,56,Maize (corn),1964,814.8,E,110000,E,135000,E
165,586,Pakistan,56,Maize (corn),1964,1086.1,A,528300,A,486437,A
171,608,Philippines,56,Maize (corn),1964,682.7,A,1312680,A,1922750,A
177,630,Puerto Rico,56,Maize (corn),1964,1115,A,12927,A,11594,A
59,818,Egypt,56,Maize (corn),1964,2771.6,A,1934212,A,697858,A
28,104,Myanmar,56,Maize (corn),1964,648.4,A,53389,A,82338,A
53,204,Benin,56,Maize (corn),1964,544.7,A,228378,A,419260,A
66,242,Fiji,56,Maize (corn),1964,2197.8,E,400,E,182,A
91,328,Guyana,56,Maize (corn),1964,1064.7,A,1234,A,1159,A
105,376,Israel,56,Maize (corn),1964,3490.9,A,4800,A,1375,A
116,408,Democratic People's Republic of Korea,56,Maize (corn),1964,2813.1,E,1505000,X,535000,E
129,450,Madagascar,56,Maize (corn),1964,1041.8,A,133480,A,128125,A
131,458,Malaysia,56,Maize (corn),1964,1344.1,E,12000,E,8928,A
144,508,Mozambique,56,Maize (corn),1964,900,E,360000,E,400000,E
155,548,Vanuatu,56,Maize (corn),1964,500,E,350,E,700,E
191,670,Saint Vincent and the Grenadines,56,Maize (corn),1964,4000,E,400,E,100,E
216,764,Thailand,56,Maize (corn),1964,1727.1,A,935100,A,541440,A
226,800,Uganda,56,Maize (corn),1964,1139.9,E,220000,E,193000,A
4,12,Algeria,56,Maize (corn),1964,1170.3,A,5840,A,4990,A
23,84,Belize,56,Maize (corn),1964,546.9,A,3039,A,5557,A
62,230,Ethiopia PDR,56,Maize (corn),1964,970,A,766800,A,790500,A
236,862,Venezuela (Bolivarian Republic of),56,Maize (corn),1964,1072.1,A,475000,A,443040,A
35,132,Cabo Verde,56,Maize (corn),1964,650,E,13000,E,20000,E
120,418,Lao People's Democratic Republic,56,Maize (corn),1964,1583.3,E,19000,A,12000,E
189,662,Saint Lucia,56,Maize (corn),1964,1500,A,18,A,12,A
201,706,Somalia,56,Maize (corn),1964,866.1,E,110000,E,127000,E
207,740,Suriname,56,Maize (corn),1964,2173,A,1382,A,636,A
12,44,Bahamas,56,Maize (corn),1964,892.9,E,250,E,280,E
14,52,Barbados,56,Maize (corn),1964,1788.7,A,508,A,284,A
40,152,Chile,56,Maize (corn),1964,2739.6,A,241520,A,88160,A
58,218,Ecuador,56,Maize (corn),1964,429.8,A,128780,A,299612,A
150,528,Netherlands (Kingdom of the),56,Maize (corn),1964,4000,E,200,E,50,E
166,591,Panama,56,Maize (corn),1964,829,A,81902,A,98800,A
18,64,Bhutan,56,Maize (corn),1964,1400,E,52500,E,37500,E
124,434,Libya,56,Maize (corn),1964,923.1,A,1200,A,1300,A
138,484,Mexico,56,Maize (corn),1964,1133.2,A,8454046,A,7460627,A
251,894,Zambia,56,Maize (corn),1964,835.4,E,660000,E,790000,E
75,270,Gambia,56,Maize (corn),1964,407.4,E,550,E,1350,E
170,604,Peru,56,Maize (corn),1964,1448.6,A,502580,A,346940,A
194,682,Saudi Arabia,56,Maize (corn),1964,500,E,2000,E,4000,E
217,768,Togo,56,Maize (corn),1964,440,A,77000,A,175000,A
100,356,India,56,Maize (corn),1964,1010,A,4664000,A,4618000,A
184,646,Rwanda,56,Maize (corn),1964,882.6,A,21311,A,24145,A
9,32,Argentina,56,Maize (corn),1965,1678.5,A,5140000,A,3062300,A
16,50,Bangladesh,56,Maize (corn),1965,753.2,A,3048,A,4047,A
45,174,Comoros,56,Maize (corn),1965,1071.4,E,3000,A,2800,E
101,360,Indonesia,56,Maize (corn),1965,943.2,A,2364500,A,2507000,A
103,368,Iraq,56,Maize (corn),1965,1463.2,E,3658,A,2500,E
105,376,Israel,56,Maize (corn),1965,3902.4,A,3200,A,820,A
129,450,Madagascar,56,Maize (corn),1965,952.5,A,122555,A,128660,A
136,478,Mauritania,56,Maize (corn),1965,584.6,E,3800,A,6500,E
149,524,Nepal,56,Maize (corn),1965,1898,A,856000,A,451000,A
169,600,Paraguay,56,Maize (corn),1965,1300.3,A,210000,A,161500,A
195,686,Senegal,56,Maize (corn),1965,751.5,A,40793,A,54285,A
202,710,South Africa,56,Maize (corn),1965,1074.1,A,4608000,A,4290000,A
211,756,Switzerland,56,Maize (corn),1965,4224.1,A,18400,A,4356,A
226,800,Uganda,56,Maize (corn),1965,950.7,E,270000,E,284000,A
7,24,Angola,56,Maize (corn),1965,937.5,E,450000,X,480000,E
32,120,Cameroon,56,Maize (corn),1965,758.6,E,330000,E,435000,E
37,140,Central African Republic,56,Maize (corn),1965,800,A,32000,A,40000,A
48,188,Costa Rica,56,Maize (corn),1965,1495.5,E,77285,A,51680,X
51,200,Czechoslovakia,56,Maize (corn),1965,2787.3,A,393008,A,141002,A
59,818,Egypt,56,Maize (corn),1965,4070.3,A,2141000,A,526000,A
75,270,Gambia,56,Maize (corn),1965,407.4,E,550,E,1350,E
81,288,Ghana,56,Maize (corn),1965,1206.2,A,209001,A,173277,A
86,308,Grenada,56,Maize (corn),1965,873,E,550,E,630,E
90,324,Guinea,56,Maize (corn),1965,800,E,60000,X,75000,E
102,364,Iran (Islamic Republic of),56,Maize (corn),1965,1000,X,20000,X,20000,X
112,400,Jordan,56,Maize (corn),1965,1424.2,A,1635,A,1148,A
122,426,Lesotho,56,Maize (corn),1965,709.7,A,110000,A,155000,A
130,454,Malawi,56,Maize (corn),1965,872.5,E,890000,E,1020000,A
166,591,Panama,56,Maize (corn),1965,800.5,A,84374,A,105400,A
207,740,Suriname,56,Maize (corn),1965,2544.2,A,720,A,283,A
216,764,Thailand,56,Maize (corn),1965,1818.6,A,1021268,A,561581,A
176,626,Timor-Leste,56,Maize (corn),1965,1019.8,E,15297,A,15000,E
215,834,United Republic of Tanzania,56,Maize (corn),1965,790.5,E,751000,A,950000,E
155,548,Vanuatu,56,Maize (corn),1965,500,E,350,E,700,E
4,12,Algeria,56,Maize (corn),1965,1100,A,4180,A,3800,A
10,36,Australia,56,Maize (corn),1965,2033.6,A,174733,A,85923,A
12,44,Bahamas,56,Maize (corn),1965,909.1,E,300,E,330,E
53,204,Benin,56,Maize (corn),1965,570.2,A,218783,A,383664,A
19,68,Bolivia (Plurinational State of),56,Maize (corn),1965,1294.9,A,277100,A,214000,A
20,72,Botswana,56,Maize (corn),1965,266.8,A,1525,A,5716,A
27,100,Bulgaria,56,Maize (corn),1965,2231.5,A,1237826,A,554710,A
214,158,"China, Taiwan Province of",56,Maize (corn),1965,2206.8,A,41079,A,18615,A
84,300,Greece,56,Maize (corn),1965,1727.9,A,248717,A,143940,A
95,340,Honduras,56,Maize (corn),1965,1136.6,A,333768,A,293643,A
106,380,Italy,56,Maize (corn),1965,3227.8,A,3316900,A,1027607,A
109,388,Jamaica,56,Maize (corn),1965,1112.3,A,3556,A,3197,A
114,404,Kenya,56,Maize (corn),1965,1071.3,X,1300530,X,1214000,X
131,458,Malaysia,56,Maize (corn),1965,1197.7,E,10000,E,8349,A
144,508,Mozambique,56,Maize (corn),1965,928.6,E,390000,A,420000,E
147,516,Namibia,56,Maize (corn),1965,1222.2,E,22000,E,18000,E
159,566,Nigeria,56,Maize (corn),1965,826.2,A,1160000,A,1404000,A
177,630,Puerto Rico,56,Maize (corn),1965,1342.6,A,12927,A,9628,A
183,642,Romania,56,Maize (corn),1965,1777.8,A,5877000,A,3305800,A
191,670,Saint Vincent and the Grenadines,56,Maize (corn),1965,4000,E,400,E,100,E
206,736,Sudan (former),56,Maize (corn),1965,718.9,A,12368,A,17203,A
223,792,Türkiye,56,Maize (corn),1965,1453.8,A,945000,A,650000,A
249,887,Yemen,56,Maize (corn),1965,2454.5,X,13500,X,5500,X
2,4,Afghanistan,56,Maize (corn),1965,1440,A,720000,A,500000,A
33,124,Canada,56,Maize (corn),1965,5006.1,A,1511309,A,301891,A
49,192,Cuba,56,Maize (corn),1965,925.5,E,87000,E,94000,E
58,218,Ecuador,56,Maize (corn),1965,623.4,A,191363,A,306950,A
68,250,France,56,Maize (corn),1965,3980,A,3467800,A,871300,A
69,254,French Guiana,56,Maize (corn),1965,7916.7,A,95,A,12,A
116,408,Democratic People's Republic of Korea,56,Maize (corn),1965,2457.9,E,1315000,X,535000,E
170,604,Peru,56,Maize (corn),1965,1627.5,A,557171,A,342350,A
175,624,Guinea-Bissau,56,Maize (corn),1965,833.3,E,2500,E,3000,E
184,646,Rwanda,56,Maize (corn),1965,1900,A,43998,A,23157,A
194,682,Saudi Arabia,56,Maize (corn),1965,500,E,2000,E,4000,E
201,706,Somalia,56,Maize (corn),1965,866.1,E,110000,E,127000,E
209,748,Eswatini,56,Maize (corn),1965,441,A,31751,A,72000,A
234,858,Uruguay,56,Maize (corn),1965,327.5,A,62720,A,191500,A
250,180,Democratic Republic of the Congo,56,Maize (corn),1965,679.6,E,350000,E,515000,E
21,76,Brazil,56,Maize (corn),1965,1380.9,A,12111921,A,8771318,A
40,152,Chile,56,Maize (corn),1965,2966.5,A,260000,A,87644,A
107,384,Côte d'Ivoire,56,Maize (corn),1965,695,A,180000,A,259000,A
156,554,New Zealand,56,Maize (corn),1965,5999,A,23546,A,3925,A
171,608,Philippines,56,Maize (corn),1965,655.2,A,1379828,A,2106080,A
182,638,Réunion,56,Maize (corn),1965,3947.4,E,15000,A,3800,E
212,760,Syrian Arab Republic,56,Maize (corn),1965,102.5,A,5672,A,55316,A
228,810,USSR,56,Maize (corn),1965,2527.5,A,8030000,A,3177000,A
233,854,Burkina Faso,56,Maize (corn),1965,724.7,E,108707,A,150000,E
18,64,Bhutan,56,Maize (corn),1965,1399,E,54000,E,38600,E
23,84,Belize,56,Maize (corn),1965,655.2,A,3447,A,5261,A
44,170,Colombia,56,Maize (corn),1965,1002.2,A,870755,A,868867,A
56,214,Dominican Republic,56,Maize (corn),1965,1500,E,37500,A,25000,X
60,222,El Salvador,56,Maize (corn),1965,1051.4,A,203006,A,193074,A
62,230,Ethiopia PDR,56,Maize (corn),1965,985,A,788400,A,800400,A
66,242,Fiji,56,Maize (corn),1965,2222.2,E,400,E,180,E
89,320,Guatemala,56,Maize (corn),1965,955.4,A,645661,A,675800,A
91,328,Guyana,56,Maize (corn),1965,1008.7,A,1388,A,1376,A
93,332,Haiti,56,Maize (corn),1965,1040,E,234000,A,225000,E
117,410,Republic of Korea,56,Maize (corn),1965,808.5,A,39940,A,49399,A
120,418,Lao People's Democratic Republic,56,Maize (corn),1965,1533.3,E,23000,E,15000,E
138,484,Mexico,56,Maize (corn),1965,1157.8,A,8936381,A,7718371,A
143,504,Morocco,56,Maize (corn),1965,767.4,A,330000,A,430000,A
193,678,Sao Tome and Principe,56,Maize (corn),1965,1481.5,E,400,E,270,E
220,780,Trinidad and Tobago,56,Maize (corn),1965,3773.6,E,2000,E,530,E
231,840,United States of America,56,Maize (corn),1965,4649.2,A,104216928,A,22416032,A
251,894,Zambia,56,Maize (corn),1965,875,E,700000,E,800000,E
14,52,Barbados,56,Maize (corn),1965,1866.7,E,560,E,300,E
15,58,Belgium-Luxembourg,56,Maize (corn),1965,5193.3,A,2337,A,450,A
41,156,"China, mainland",56,Maize (corn),1965,1510.7,A,23650000,A,15655000,A
74,266,Gabon,56,Maize (corn),1965,1527.3,E,8400,E,5500,E
132,462,Maldives,56,Maize (corn),1965,1000,E,4,E,4,E
133,466,Mali,56,Maize (corn),1965,871.3,A,87700,A,100650,A
157,558,Nicaragua,56,Maize (corn),1965,876.7,A,171300,A,195400,A
158,562,Niger,56,Maize (corn),1965,611.3,A,2711,A,4435,A
197,694,Sierra Leone,56,Maize (corn),1965,666.7,E,10000,X,15000,E
203,724,Spain,56,Maize (corn),1965,2387.6,A,1141857,A,478254,A
217,768,Togo,56,Maize (corn),1965,425.4,A,78174,A,183745,A
3,8,Albania,56,Maize (corn),1965,1050.9,A,165660,A,157631,A
11,40,Austria,56,Maize (corn),1965,3731.5,A,186504,A,49981,A
153,540,New Caledonia,56,Maize (corn),1965,1714.3,E,1200,A,700,E
165,586,Pakistan,56,Maize (corn),1965,995.6,A,539500,A,541880,A
168,598,Papua New Guinea,56,Maize (corn),1965,1280.5,A,105,A,82,A
189,662,Saint Lucia,56,Maize (corn),1965,1250,A,20,A,16,A
225,784,United Arab Emirates,56,Maize (corn),1965,,,,M,,M
35,132,Cabo Verde,56,Maize (corn),1965,485.7,E,17000,E,35000,E
39,148,Chad,56,Maize (corn),1965,777.8,A,14000,A,18000,A
55,212,Dominica,56,Maize (corn),1965,1250,E,150,E,120,E
79,276,Germany,56,Maize (corn),1965,3535.4,A,99002,A,28003,A
87,312,Guadeloupe,56,Maize (corn),1965,2000,A,500,A,250,A
100,356,India,56,Maize (corn),1965,1005,A,4823000,A,4799000,A
173,616,Poland,56,Maize (corn),1965,2029,A,14000,A,6900,A
181,716,Zimbabwe,56,Maize (corn),1965,1096,E,822000,E,750000,E
29,108,Burundi,56,Maize (corn),1965,1008.4,A,107900,A,107000,A
46,178,Congo,56,Maize (corn),1965,1000,E,5000,E,5000,E
150,528,Netherlands (Kingdom of the),56,Maize (corn),1965,4166.7,E,200,E,48,A
38,144,Sri Lanka,56,Maize (corn),1965,834,A,9926,A,11901,A
248,890,Yugoslav SFR,56,Maize (corn),1965,2316.5,A,5914000,A,2553000,A
137,480,Mauritius,56,Maize (corn),1965,1644.4,A,296,A,180,A
236,862,Venezuela (Bolivarian Republic of),56,Maize (corn),1965,1128.2,A,521000,A,461784,A
28,104,Myanmar,56,Maize (corn),1965,596.3,A,47347,A,79405,A
97,348,Hungary,56,Maize (corn),1965,2926.2,A,3608201,A,1233080,A
110,392,Japan,56,Maize (corn),1965,2501.7,A,75300,A,30100,A
121,422,Lebanon,56,Maize (corn),1965,1850,A,9065,A,4900,A
174,620,Portugal,56,Maize (corn),1965,948.3,A,458625,A,483642,A
237,704,Viet Nam,56,Maize (corn),1965,1150.3,A,319100,A,277400,A
124,434,Libya,56,Maize (corn),1965,1301.3,A,1706,A,1311,A
115,116,Cambodia,56,Maize (corn),1965,1018.3,A,139000,A,136500,A
3,8,Albania,56,Maize (corn),1966,1505.1,A,220648,A,146598,A
16,50,Bangladesh,56,Maize (corn),1966,833.3,A,3000,A,3600,A
29,108,Burundi,56,Maize (corn),1966,998.6,A,109740,A,109890,A
32,120,Cameroon,56,Maize (corn),1966,761.9,E,320000,E,420000,E
38,144,Sri Lanka,56,Maize (corn),1966,786.1,A,9681,A,12316,A
55,212,Dominica,56,Maize (corn),1966,1250,E,150,E,120,E
59,818,Egypt,56,Maize (corn),1966,3589.1,A,2376000,A,662000,A
62,230,Ethiopia PDR,56,Maize (corn),1966,1000,A,812100,A,812100,A
66,242,Fiji,56,Maize (corn),1966,2352.9,E,400,E,170,A
90,324,Guinea,56,Maize (corn),1966,1158.7,E,73000,X,63000,E
91,328,Guyana,56,Maize (corn),1966,1009.3,A,1083,A,1073,A
120,418,Lao People's Democratic Republic,56,Maize (corn),1966,1538.5,E,20000,E,13000,E
129,450,Madagascar,56,Maize (corn),1966,1053.2,A,140895,A,133780,A
130,454,Malawi,56,Maize (corn),1966,931.4,E,950000,E,1020000,A
133,466,Mali,56,Maize (corn),1966,891.1,A,100650,A,112950,A
149,524,Nepal,56,Maize (corn),1966,1831.2,A,824025,A,450000,A
155,548,Vanuatu,56,Maize (corn),1966,471.4,E,330,E,700,E
159,566,Nigeria,56,Maize (corn),1966,851.5,A,975000,A,1145000,A
170,604,Peru,56,Maize (corn),1966,1637,A,581008,A,354920,A
173,616,Poland,56,Maize (corn),1966,2321.4,A,13000,A,5600,A
174,620,Portugal,56,Maize (corn),1966,1226.2,A,604688,A,493134,A
182,638,Réunion,56,Maize (corn),1966,4186,E,18000,A,4300,E
193,678,Sao Tome and Principe,56,Maize (corn),1966,1448.3,E,420,E,290,E
203,724,Spain,56,Maize (corn),1966,2393.8,A,1154300,A,482200,A
207,740,Suriname,56,Maize (corn),1966,1514.6,A,415,A,274,A
220,780,Trinidad and Tobago,56,Maize (corn),1966,4000,E,2000,E,500,E
233,854,Burkina Faso,56,Maize (corn),1966,733.3,E,110000,A,150000,E
8,28,Antigua and Barbuda,56,Maize (corn),1966,2500,E,30,E,12,E
250,180,Democratic Republic of the Congo,56,Maize (corn),1966,680.6,E,390000,E,573000,E
68,250,France,56,Maize (corn),1966,4503.7,A,4340200,A,963700,A
69,254,French Guiana,56,Maize (corn),1966,7400,A,111,A,15,A
87,312,Guadeloupe,56,Maize (corn),1966,2000,A,486,A,243,A
103,368,Iraq,56,Maize (corn),1966,1079.3,E,4317,A,4000,E
106,380,Italy,56,Maize (corn),1966,3553.2,A,3509500,A,987692,A
110,392,Japan,56,Maize (corn),1966,2425.3,A,63300,A,26100,A
121,422,Lebanon,56,Maize (corn),1966,1860.1,A,8841,A,4753,A
124,434,Libya,56,Maize (corn),1966,996.8,A,1569,A,1574,A
137,480,Mauritius,56,Maize (corn),1966,2524.9,A,457,A,181,A
138,484,Mexico,56,Maize (corn),1966,1118.8,A,9271485,A,8286935,A
168,598,Papua New Guinea,56,Maize (corn),1966,1322.6,A,82,A,62,A
177,630,Puerto Rico,56,Maize (corn),1966,1154.2,A,9639,A,8351,A
191,670,Saint Vincent and the Grenadines,56,Maize (corn),1966,3500,E,420,E,120,E
206,736,Sudan (former),56,Maize (corn),1966,645.8,A,10900,A,16878,A
212,760,Syrian Arab Republic,56,Maize (corn),1966,135.9,A,7518,A,55316,A
215,834,United Republic of Tanzania,56,Maize (corn),1966,800,E,880000,X,1100000,E
236,862,Venezuela (Bolivarian Republic of),56,Maize (corn),1966,1194,A,557470,A,466893,A
248,890,Yugoslav SFR,56,Maize (corn),1966,3191.4,A,7985000,A,2502000,A
15,58,Belgium-Luxembourg,56,Maize (corn),1966,5069.4,A,2555,A,504,A
23,84,Belize,56,Maize (corn),1966,487.3,A,3058,A,6275,A
21,76,Brazil,56,Maize (corn),1966,1306.6,A,11371455,A,8703169,A
39,148,Chad,56,Maize (corn),1966,848.7,A,23900,A,28162,A
51,200,Czechoslovakia,56,Maize (corn),1966,3273.7,A,476157,A,145450,A
107,384,Côte d'Ivoire,56,Maize (corn),1966,714.3,A,195000,A,273000,A
89,320,Guatemala,56,Maize (corn),1966,902.6,A,595465,A,659753,A
175,624,Guinea-Bissau,56,Maize (corn),1966,666.7,E,4000,E,6000,E
112,400,Jordan,56,Maize (corn),1966,895.5,X,600,X,670,X
136,478,Mauritania,56,Maize (corn),1966,615.4,E,4000,A,6500,E
144,508,Mozambique,56,Maize (corn),1966,956.5,E,440000,A,460000,E
165,586,Pakistan,56,Maize (corn),1966,1060.8,A,587250,A,553616,A
202,710,South Africa,56,Maize (corn),1966,1216.9,A,5161000,A,4241000,A
176,626,Timor-Leste,56,Maize (corn),1966,1042.7,E,15640,A,15000,E
225,784,United Arab Emirates,56,Maize (corn),1966,,,,M,,M
231,840,United States of America,56,Maize (corn),1966,4589.2,A,105861408,A,23067568,A
237,704,Viet Nam,56,Maize (corn),1966,958.9,A,256500,A,267500,A
251,894,Zambia,56,Maize (corn),1966,939,E,770000,E,820000,E
181,716,Zimbabwe,56,Maize (corn),1966,1137,E,900000,E,791574,X
10,36,Australia,56,Maize (corn),1966,1569.4,A,124922,A,79600,A
45,174,Comoros,56,Maize (corn),1966,1100,E,3300,A,3000,E
53,204,Benin,56,Maize (corn),1966,551.7,A,203864,A,369508,A
75,270,Gambia,56,Maize (corn),1966,666.7,E,1000,E,1500,E
79,276,Germany,56,Maize (corn),1966,4011.5,A,128441,A,32018,A
95,340,Honduras,56,Maize (corn),1966,1196.6,A,334681,A,279685,A
109,388,Jamaica,56,Maize (corn),1966,986.4,A,4989,A,5058,A
115,116,Cambodia,56,Maize (corn),1966,1527.6,A,135800,A,88900,A
116,408,Democratic People's Republic of Korea,56,Maize (corn),1966,2713,E,1465000,X,540000,E
132,462,Maldives,56,Maize (corn),1966,1000,E,4,A,4,E
153,540,New Caledonia,56,Maize (corn),1966,2000,E,1300,A,650,E
166,591,Panama,56,Maize (corn),1966,778.3,A,84370,A,108400,A
171,608,Philippines,56,Maize (corn),1966,690.5,A,1489952,A,2157900,A
234,858,Uruguay,56,Maize (corn),1966,789,A,181880,A,230513,A
18,64,Bhutan,56,Maize (corn),1966,1401.5,E,55500,E,39600,E
33,124,Canada,56,Maize (corn),1966,5161.5,A,1684798,A,326415,A
35,132,Cabo Verde,56,Maize (corn),1966,487.2,E,19000,E,39000,E
40,152,Chile,56,Maize (corn),1966,3535.7,A,285327,A,80700,A
41,156,"China, mainland",56,Maize (corn),1966,1713.5,E,29130000,E,17000000,E
58,218,Ecuador,56,Maize (corn),1966,654.2,A,174905,A,267340,A
74,266,Gabon,56,Maize (corn),1966,1509.1,E,8300,E,5500,E
93,332,Haiti,56,Maize (corn),1966,1038.7,E,233700,A,225000,E
143,504,Morocco,56,Maize (corn),1966,430.1,A,218500,A,508000,A
184,646,Rwanda,56,Maize (corn),1966,1000,A,48900,A,48900,A
189,662,Saint Lucia,56,Maize (corn),1966,1500,E,30,E,20,E
194,682,Saudi Arabia,56,Maize (corn),1966,500,E,2000,E,4000,E
9,32,Argentina,56,Maize (corn),1966,2149.9,A,7040000,A,3274500,A
11,40,Austria,56,Maize (corn),1966,4964.4,A,274615,A,55317,A
14,52,Barbados,56,Maize (corn),1966,2075,E,830,A,400,E
28,104,Myanmar,56,Maize (corn),1966,616.5,A,55984,A,90815,A
48,188,Costa Rica,56,Maize (corn),1966,1270.3,E,77491,A,61000,X
49,192,Cuba,56,Maize (corn),1966,918.4,E,90000,E,98000,E
150,528,Netherlands (Kingdom of the),56,Maize (corn),1966,4000,E,200,E,50,E
157,558,Nicaragua,56,Maize (corn),1966,891.1,A,176000,A,197500,A
158,562,Niger,56,Maize (corn),1966,634,A,2203,A,3475,A
2,4,Afghanistan,56,Maize (corn),1966,1440,A,720000,A,500000,A
12,44,Bahamas,56,Maize (corn),1966,914.9,E,430,E,470,E
44,170,Colombia,56,Maize (corn),1966,1005,A,850000,A,845770,A
56,214,Dominican Republic,56,Maize (corn),1966,1700,E,42500,A,25000,X
105,376,Israel,56,Maize (corn),1966,3361.3,A,2000,A,595,A
114,404,Kenya,56,Maize (corn),1966,1079.2,E,1090000,E,1010000,E
117,410,Republic of Korea,56,Maize (corn),1966,943.6,A,40000,A,42391,A
122,426,Lesotho,56,Maize (corn),1966,778.6,A,109000,A,140000,A
183,642,Romania,56,Maize (corn),1966,2439.9,A,8021600,A,3287700,A
209,748,Eswatini,56,Maize (corn),1966,402.5,A,35017,A,87000,A
216,764,Thailand,56,Maize (corn),1966,1901.6,A,1122400,A,590240,A
60,222,El Salvador,56,Maize (corn),1966,1280.8,A,265914,A,207619,A
101,360,Indonesia,56,Maize (corn),1966,984,A,3717400,A,3778000,A
102,364,Iran (Islamic Republic of),56,Maize (corn),1966,1050,X,21000,X,20000,X
131,458,Malaysia,56,Maize (corn),1966,1267.2,E,9939,X,7843,A
228,810,USSR,56,Maize (corn),1966,2606.4,A,8416000,A,3229000,A
4,12,Algeria,56,Maize (corn),1966,819,A,3440,A,4200,A
7,24,Angola,56,Maize (corn),1966,791.7,E,380000,X,480000,E
27,100,Bulgaria,56,Maize (corn),1966,3843.1,A,2206513,A,574148,A
37,140,Central African Republic,56,Maize (corn),1966,800,A,36000,A,45000,A
214,158,"China, Taiwan Province of",56,Maize (corn),1966,2150.6,A,51639,A,24011,A
86,308,Grenada,56,Maize (corn),1966,871,E,540,E,620,E
147,516,Namibia,56,Maize (corn),1966,1222.2,E,22000,E,18000,E
156,554,New Zealand,56,Maize (corn),1966,5928.3,A,19356,A,3265,A
169,600,Paraguay,56,Maize (corn),1966,1099.7,A,165500,A,150500,A
197,694,Sierra Leone,56,Maize (corn),1966,952.4,E,10000,X,10500,E
211,756,Switzerland,56,Maize (corn),1966,4937.6,A,19400,A,3929,A
217,768,Togo,56,Maize (corn),1966,530.9,A,101968,A,192075,A
223,792,Türkiye,56,Maize (corn),1966,1526.7,A,1000000,A,655000,A
226,800,Uganda,56,Maize (corn),1966,892.2,A,273000,A,306000,A
19,68,Bolivia (Plurinational State of),56,Maize (corn),1966,1321.9,A,268600,A,203200,A
81,288,Ghana,56,Maize (corn),1966,1602.6,A,402100,A,250900,A
97,348,Hungary,56,Maize (corn),1966,3158.1,A,3957890,A,1253248,A
249,887,Yemen,56,Maize (corn),1966,2454.5,X,13500,X,5500,X
84,300,Greece,56,Maize (corn),1966,1976,A,274899,A,139120,A
201,706,Somalia,56,Maize (corn),1966,860.7,E,105000,E,122000,E
20,72,Botswana,56,Maize (corn),1966,564.7,A,16511,A,29236,A
100,356,India,56,Maize (corn),1966,964.5,A,4893600,A,5073800,A
195,686,Senegal,56,Maize (corn),1966,777.7,A,41812,A,53764,A
46,178,Congo,56,Maize (corn),1966,625,E,5000,A,8000,E
15,58,Belgium-Luxembourg,56,Maize (corn),1967,5287.5,A,2961,A,560,A
23,84,Belize,56,Maize (corn),1967,1114,A,6713,A,6026,A
27,100,Bulgaria,56,Maize (corn),1967,3473.7,A,1970653,A,567311,A
40,152,Chile,56,Maize (corn),1967,3928.4,A,362200,A,92200,A
44,170,Colombia,56,Maize (corn),1967,1075.9,A,850000,A,790000,A
48,188,Costa Rica,56,Maize (corn),1967,1296.2,E,84771,A,65400,X
53,204,Benin,56,Maize (corn),1967,604.9,A,245411,A,405695,A
58,218,Ecuador,56,Maize (corn),1967,625.5,A,227769,A,364111,A
60,222,El Salvador,56,Maize (corn),1967,1088.5,A,208840,A,191866,A
87,312,Guadeloupe,56,Maize (corn),1967,2000,A,896,A,448,A
101,360,Indonesia,56,Maize (corn),1967,930.2,A,2369101,A,2547000,A
106,380,Italy,56,Maize (corn),1967,3796.1,A,3859600,A,1016717,A
117,410,Republic of Korea,56,Maize (corn),1967,680.2,A,34000,A,49986,A
124,434,Libya,56,Maize (corn),1967,713.3,A,1498,A,2100,A
129,450,Madagascar,56,Maize (corn),1967,1066.7,A,145515,A,136410,A
136,478,Mauritania,56,Maize (corn),1967,876.9,E,5700,A,6500,E
207,740,Suriname,56,Maize (corn),1967,1433.7,A,476,A,332,A
233,854,Burkina Faso,56,Maize (corn),1967,550,A,124000,A,225454,A
234,858,Uruguay,56,Maize (corn),1967,517,A,116885,A,226083,A
237,704,Viet Nam,56,Maize (corn),1967,1100,E,253000,E,230000,E
29,108,Burundi,56,Maize (corn),1967,1036.8,A,115600,A,111500,A
115,116,Cambodia,56,Maize (corn),1967,1281.2,A,149900,A,117000,A
214,158,"China, Taiwan Province of",56,Maize (corn),1967,2996.4,A,64082,A,21386,A
45,174,Comoros,56,Maize (corn),1967,1093.8,E,3500,E,3200,E
116,408,Democratic People's Republic of Korea,56,Maize (corn),1967,2527.8,E,1365000,X,540000,E
250,180,Democratic Republic of the Congo,56,Maize (corn),1967,683.3,E,410000,E,600000,E
55,212,Dominica,56,Maize (corn),1967,1280,E,160,E,125,E
68,250,France,56,Maize (corn),1967,4088,A,4152190,A,1015700,A
75,270,Gambia,56,Maize (corn),1967,1150,E,2300,E,2000,E
81,288,Ghana,56,Maize (corn),1967,1164,A,342917,A,294600,A
93,332,Haiti,56,Maize (corn),1967,1069.6,E,246000,A,230000,E
105,376,Israel,56,Maize (corn),1967,3653.6,A,2700,A,739,A
131,458,Malaysia,56,Maize (corn),1967,1926.3,E,12650,X,6567,A
132,462,Maldives,56,Maize (corn),1967,1000,E,24,A,24,E
144,508,Mozambique,56,Maize (corn),1967,1000,E,500000,A,500000,E
157,558,Nicaragua,56,Maize (corn),1967,888.8,A,202300,A,227600,A
170,604,Peru,56,Maize (corn),1967,1629.6,A,590575,A,362400,A
174,620,Portugal,56,Maize (corn),1967,1430.4,A,624303,A,436462,A
183,642,Romania,56,Maize (corn),1967,2129.1,A,6857879,A,3221075,A
191,670,Saint Vincent and the Grenadines,56,Maize (corn),1967,3360,E,420,E,125,E
216,764,Thailand,56,Maize (corn),1967,2034.3,A,1217000,A,598240,A
176,626,Timor-Leste,56,Maize (corn),1967,1020.5,E,16328,A,16000,E
8,28,Antigua and Barbuda,56,Maize (corn),1967,2250,E,18,E,8,E
33,124,Canada,56,Maize (corn),1967,5311,A,1882976,A,354540,A
51,200,Czechoslovakia,56,Maize (corn),1967,3044.2,A,420779,A,138223,A
62,230,Ethiopia PDR,56,Maize (corn),1967,1007.8,A,826600,A,820200,A
175,624,Guinea-Bissau,56,Maize (corn),1967,700,E,3500,E,5000,E
102,364,Iran (Islamic Republic of),56,Maize (corn),1967,1200,X,30000,X,25000,X
112,400,Jordan,56,Maize (corn),1967,1215.6,A,513,A,422,A
122,426,Lesotho,56,Maize (corn),1967,743.2,A,110000,A,148000,A
138,484,Mexico,56,Maize (corn),1967,1130.4,A,8603279,A,7610932,A
166,591,Panama,56,Maize (corn),1967,788,A,88883,A,112800,A
173,616,Poland,56,Maize (corn),1967,2413.8,A,14000,A,5800,A
184,646,Rwanda,56,Maize (corn),1967,1000,A,53200,A,53200,A
197,694,Sierra Leone,56,Maize (corn),1967,952.4,E,10000,X,10500,E
228,810,USSR,56,Maize (corn),1967,2629.3,A,9163000,A,3485000,A
3,8,Albania,56,Maize (corn),1967,1724.1,A,258131,A,149717,A
9,32,Argentina,56,Maize (corn),1967,2466.3,A,8510000,A,3450500,A
19,68,Bolivia (Plurinational State of),56,Maize (corn),1967,1322.4,A,277700,A,210000,A
46,178,Congo,56,Maize (corn),1967,625,E,5000,A,8000,E
49,192,Cuba,56,Maize (corn),1967,936.2,E,88000,E,94000,E
66,242,Fiji,56,Maize (corn),1967,2467.2,E,1996,X,809,A
69,254,French Guiana,56,Maize (corn),1967,7333.3,A,110,A,15,A
143,504,Morocco,56,Maize (corn),1967,670.1,A,356500,A,532000,A
156,554,New Zealand,56,Maize (corn),1967,6041.2,A,18492,A,3061,A
171,608,Philippines,56,Maize (corn),1967,720.3,A,1619153,A,2247900,A
193,678,Sao Tome and Principe,56,Maize (corn),1967,1433.3,E,430,E,300,E
203,724,Spain,56,Maize (corn),1967,2501,A,1195316,A,477939,A
212,760,Syrian Arab Republic,56,Maize (corn),1967,160.9,A,8900,A,55316,A
215,834,United Republic of Tanzania,56,Maize (corn),1967,750,E,750000,X,1000000,E
220,780,Trinidad and Tobago,56,Maize (corn),1967,4166.7,E,2000,E,480,E
236,862,Venezuela (Bolivarian Republic of),56,Maize (corn),1967,1028.1,A,633372,A,616075,A
2,4,Afghanistan,56,Maize (corn),1967,1414.4,A,768000,A,543000,A
12,44,Bahamas,56,Maize (corn),1967,937.5,E,450,E,480,E
91,328,Guyana,56,Maize (corn),1967,1123.5,A,1255,A,1117,A
130,454,Malawi,56,Maize (corn),1967,1469.9,A,1270000,A,864000,A
133,466,Mali,56,Maize (corn),1967,906.7,A,98100,A,108200,A
149,524,Nepal,56,Maize (corn),1967,1809.7,A,745600,A,412000,A
159,566,Nigeria,56,Maize (corn),1967,816.9,A,950000,A,1163000,A
181,716,Zimbabwe,56,Maize (corn),1967,1774.3,X,1517590,X,855315,X
189,662,Saint Lucia,56,Maize (corn),1967,1500,E,30,E,20,E
194,682,Saudi Arabia,56,Maize (corn),1967,500,E,2000,A,4000,E
195,686,Senegal,56,Maize (corn),1967,792.6,A,56800,A,71665,A
201,706,Somalia,56,Maize (corn),1967,833.3,E,115000,E,138000,E
209,748,Eswatini,56,Maize (corn),1967,673.1,A,62595,A,93000,A
217,768,Togo,56,Maize (corn),1967,494.5,A,93050,A,188171,A
231,840,United States of America,56,Maize (corn),1967,5026.5,A,123458304,A,24561648,A
251,894,Zambia,56,Maize (corn),1967,927.7,E,770000,E,830000,E
11,40,Austria,56,Maize (corn),1967,5249,A,315829,A,60169,A
16,50,Bangladesh,56,Maize (corn),1967,937.5,A,3000,A,3200,A
18,64,Bhutan,56,Maize (corn),1967,1400.5,E,57000,E,40700,E
32,120,Cameroon,56,Maize (corn),1967,750.6,E,310000,E,413000,E
56,214,Dominican Republic,56,Maize (corn),1967,1541.9,A,38548,A,25000,A
79,276,Germany,56,Maize (corn),1967,4699.3,A,197485,A,42024,A
90,324,Guinea,56,Maize (corn),1967,1158.7,E,73000,X,63000,E
120,418,Lao People's Democratic Republic,56,Maize (corn),1967,1571.4,E,22000,E,14000,E
137,480,Mauritius,56,Maize (corn),1967,1705.2,A,457,A,268,A
150,528,Netherlands (Kingdom of the),56,Maize (corn),1967,3791.5,E,800,E,211,A
155,548,Vanuatu,56,Maize (corn),1967,466.7,E,350,E,750,E
182,638,Réunion,56,Maize (corn),1967,3666.7,E,11000,A,3000,E
202,710,South Africa,56,Maize (corn),1967,2136,A,9802000,A,4589000,A
211,756,Switzerland,56,Maize (corn),1967,5715.8,A,21600,A,3779,A
20,72,Botswana,56,Maize (corn),1967,112.1,A,1534,A,13686,A
41,156,"China, mainland",56,Maize (corn),1967,1934.4,E,30950000,E,16000000,E
59,818,Egypt,56,Maize (corn),1967,3450.6,A,2167000,A,628000,A
86,308,Grenada,56,Maize (corn),1967,871,E,540,E,620,E
95,340,Honduras,56,Maize (corn),1967,1197.1,A,335655,A,280400,A
110,392,Japan,56,Maize (corn),1967,2845.8,A,60900,A,21400,A
153,540,New Caledonia,56,Maize (corn),1967,1416.7,E,850,A,600,E
158,562,Niger,56,Maize (corn),1967,575.6,A,2631,A,4571,A
177,630,Puerto Rico,56,Maize (corn),1967,1154.1,A,7938,A,6878,A
249,887,Yemen,56,Maize (corn),1967,2363.6,X,13000,X,5500,X
10,36,Australia,56,Maize (corn),1967,2334.7,A,190278,A,81500,A
21,76,Brazil,56,Maize (corn),1967,1382.8,A,12824380,A,9274321,A
35,132,Cabo Verde,56,Maize (corn),1967,488.9,E,22000,E,45000,E
107,384,Côte d'Ivoire,56,Maize (corn),1967,774.6,A,220000,A,284000,A
38,144,Sri Lanka,56,Maize (corn),1967,1172.6,A,16761,A,14294,A
39,148,Chad,56,Maize (corn),1967,1000,E,30000,A,30000,E
74,266,Gabon,56,Maize (corn),1967,1509.1,E,8300,E,5500,E
84,300,Greece,56,Maize (corn),1967,2344.7,A,312900,A,133450,A
97,348,Hungary,56,Maize (corn),1967,2848,A,3580115,A,1257060,A
165,586,Pakistan,56,Maize (corn),1967,1302.1,A,791500,A,607844,A
206,736,Sudan (former),56,Maize (corn),1967,510.9,A,18226,A,35677,A
226,800,Uganda,56,Maize (corn),1967,836.4,A,230000,A,275000,A
4,12,Algeria,56,Maize (corn),1967,1094.8,A,4215,A,3850,A
28,104,Myanmar,56,Maize (corn),1967,718.5,A,68075,A,94752,A
147,516,Namibia,56,Maize (corn),1967,1222.2,E,22000,E,18000,E
169,600,Paraguay,56,Maize (corn),1967,1300,A,225000,A,173080,A
248,890,Yugoslav SFR,56,Maize (corn),1967,2870.1,A,7204000,A,2510000,A
89,320,Guatemala,56,Maize (corn),1967,871,A,607426,A,697374,A
100,356,India,56,Maize (corn),1967,1122.8,A,6269300,A,5583400,A
114,404,Kenya,56,Maize (corn),1967,1200,E,1440000,E,1200000,E
168,598,Papua New Guinea,56,Maize (corn),1967,1375,E,77,E,56,E
223,792,Türkiye,56,Maize (corn),1967,1555.6,A,1050000,A,675000,A
37,140,Central African Republic,56,Maize (corn),1967,800,A,40000,A,50000,A
7,24,Angola,56,Maize (corn),1967,760,E,380000,X,500000,E
14,52,Barbados,56,Maize (corn),1967,2325.6,E,1000,E,430,E
109,388,Jamaica,56,Maize (corn),1967,1172.7,A,3647,A,3110,A
121,422,Lebanon,56,Maize (corn),1967,1757,A,5185,A,2951,A
225,784,United Arab Emirates,56,Maize (corn),1967,,,,M,,M
103,368,Iraq,56,Maize (corn),1967,1116.8,E,4467,A,4000,E
12,44,Bahamas,56,Maize (corn),1968,940,E,470,E,500,E
27,100,Bulgaria,56,Maize (corn),1968,3173.6,A,1768271,A,557182,A
32,120,Cameroon,56,Maize (corn),1968,816.1,E,355000,E,435000,E
35,132,Cabo Verde,56,Maize (corn),1968,440,E,11000,E,25000,E
51,200,Czechoslovakia,56,Maize (corn),1968,3377.1,A,452672,A,134040,A
55,212,Dominica,56,Maize (corn),1968,1280,E,160,E,125,E
58,218,Ecuador,56,Maize (corn),1968,681.2,A,173892,A,255280,A
81,288,Ghana,56,Maize (corn),1968,1108.9,A,301056,A,271500,A
86,308,Grenada,56,Maize (corn),1968,871,E,540,E,620,E
115,116,Cambodia,56,Maize (corn),1968,1361.6,A,154000,A,113100,A
136,478,Mauritania,56,Maize (corn),1968,597,A,4000,A,6700,A
147,516,Namibia,56,Maize (corn),1968,1210.5,E,23000,E,19000,E
157,558,Nicaragua,56,Maize (corn),1968,893.6,A,215900,A,241600,A
168,598,Papua New Guinea,56,Maize (corn),1968,1372.5,A,70,A,51,A
177,630,Puerto Rico,56,Maize (corn),1968,1154.5,A,3175,A,2750,A
193,678,Sao Tome and Principe,56,Maize (corn),1968,1466.7,E,440,E,300,E
206,736,Sudan (former),56,Maize (corn),1968,559.2,A,15900,A,28435,A
223,792,Türkiye,56,Maize (corn),1968,1526.7,A,1000000,A,655000,A
236,862,Venezuela (Bolivarian Republic of),56,Maize (corn),1968,1055,A,660786,A,626337,A
8,28,Antigua and Barbuda,56,Maize (corn),1968,2500,E,30,E,12,E
23,84,Belize,56,Maize (corn),1968,1060,A,7018,A,6621,A
40,152,Chile,56,Maize (corn),1968,3623.3,A,320810,A,88540,A
214,158,"China, Taiwan Province of",56,Maize (corn),1968,2274,A,51485,A,22641,A
250,180,Democratic Republic of the Congo,56,Maize (corn),1968,680,E,425000,E,625000,E
69,254,French Guiana,56,Maize (corn),1968,8500,A,85,A,10,A
87,312,Guadeloupe,56,Maize (corn),1968,1976.3,A,500,A,253,A
89,320,Guatemala,56,Maize (corn),1968,998,A,688890,A,690264,A
90,324,Guinea,56,Maize (corn),1968,1153.8,E,60000,X,52000,E
114,404,Kenya,56,Maize (corn),1968,1253.6,E,1730000,E,1380000,E
121,422,Lebanon,56,Maize (corn),1968,1231.7,A,3727,A,3026,A
133,466,Mali,56,Maize (corn),1968,841.4,A,91200,A,108390,A
143,504,Morocco,56,Maize (corn),1968,760,A,380000,A,500000,A
28,104,Myanmar,56,Maize (corn),1968,753.1,A,61861,A,82140,A
150,528,Netherlands (Kingdom of the),56,Maize (corn),1968,3703.7,E,200,E,54,A
166,591,Panama,56,Maize (corn),1968,834.9,A,83739,A,100300,A
169,600,Paraguay,56,Maize (corn),1968,1000,A,180000,A,180000,A
170,604,Peru,56,Maize (corn),1968,1690,A,525835,A,311140,A
4,12,Algeria,56,Maize (corn),1968,1144.3,A,6671,A,5830,A
53,204,Benin,56,Maize (corn),1968,592.7,A,221666,A,373998,A
18,64,Bhutan,56,Maize (corn),1968,1400,E,59500,E,42500,E
21,76,Brazil,56,Maize (corn),1968,1336.9,A,12813638,A,9584386,A
41,156,"China, mainland",56,Maize (corn),1968,1816.9,E,29070000,E,16000000,E
107,384,Côte d'Ivoire,56,Maize (corn),1968,686.7,A,206000,A,300000,A
62,230,Ethiopia PDR,56,Maize (corn),1968,1029.7,A,853000,A,828400,A
95,340,Honduras,56,Maize (corn),1968,1197.5,A,336631,A,281115,A
100,356,India,56,Maize (corn),1968,997.4,A,5701100,A,5715800,A
129,450,Madagascar,56,Maize (corn),1968,1026.3,A,140890,A,137285,A
130,454,Malawi,56,Maize (corn),1968,1019.7,A,1089000,A,1068000,A
137,480,Mauritius,56,Maize (corn),1968,2160.9,A,376,A,174,A
201,706,Somalia,56,Maize (corn),1968,814.8,E,110000,E,135000,E
228,810,USSR,56,Maize (corn),1968,2635.2,A,8828000,A,3350000,A
226,800,Uganda,56,Maize (corn),1968,1243.2,A,341884,A,275000,A
215,834,United Republic of Tanzania,56,Maize (corn),1968,543.4,A,551000,A,1014000,A
234,858,Uruguay,56,Maize (corn),1968,428,A,69165,A,161600,A
248,890,Yugoslav SFR,56,Maize (corn),1968,2769.5,A,6813000,A,2460000,A
15,58,Belgium-Luxembourg,56,Maize (corn),1968,4975.7,A,3483,A,700,A
20,72,Botswana,56,Maize (corn),1968,255.3,A,7545,A,29550,A
29,108,Burundi,56,Maize (corn),1968,1071.4,A,120000,A,112000,A
49,192,Cuba,56,Maize (corn),1968,937.5,E,90000,E,96000,E
138,484,Mexico,56,Maize (corn),1968,1180.6,A,9061823,A,7675845,A
174,620,Portugal,56,Maize (corn),1968,1303.3,A,596659,A,457795,A
175,624,Guinea-Bissau,56,Maize (corn),1968,750,E,3000,E,4000,E
181,716,Zimbabwe,56,Maize (corn),1968,1323.6,E,975436,A,736962,X
194,682,Saudi Arabia,56,Maize (corn),1968,500,E,2500,E,5000,E
216,764,Thailand,56,Maize (corn),1968,2195.5,A,1331000,A,606240,A
231,840,United States of America,56,Maize (corn),1968,4989.1,A,113022816,A,22653984,A
33,124,Canada,56,Maize (corn),1968,5320.9,A,2076379,A,390233,A
38,144,Sri Lanka,56,Maize (corn),1968,723.9,A,11913,A,16456,A
59,818,Egypt,56,Maize (corn),1968,3511.5,A,2300000,A,655000,A
93,332,Haiti,56,Maize (corn),1968,977.8,E,220000,A,225000,E
103,368,Iraq,56,Maize (corn),1968,1155,E,4389,A,3800,E
105,376,Israel,56,Maize (corn),1968,4111.8,A,2500,A,608,A
120,418,Lao People's Democratic Republic,56,Maize (corn),1968,1785.7,E,25000,A,14000,E
158,562,Niger,56,Maize (corn),1968,496.3,A,1800,A,3627,A
173,616,Poland,56,Maize (corn),1968,2452.8,A,13000,A,5300,A
195,686,Senegal,56,Maize (corn),1968,696.1,A,25300,A,36345,A
209,748,Eswatini,56,Maize (corn),1968,532.4,A,51709,A,97123,A
237,704,Viet Nam,56,Maize (corn),1968,1096.2,E,262000,E,239000,E
249,887,Yemen,56,Maize (corn),1968,2363.6,X,13000,X,5500,X
3,8,Albania,56,Maize (corn),1968,1878.2,A,219547,A,116890,A
48,188,Costa Rica,56,Maize (corn),1968,1422.4,E,81647,A,57400,X
66,242,Fiji,56,Maize (corn),1968,2467.1,E,3750,X,1520,A
106,380,Italy,56,Maize (corn),1968,4126.1,A,3990800,A,967207,A
110,392,Japan,56,Maize (corn),1968,2855.6,A,51400,A,18000,A
116,408,Democratic People's Republic of Korea,56,Maize (corn),1968,2400,E,1320000,X,550000,E
124,434,Libya,56,Maize (corn),1968,796.7,A,1301,A,1633,A
144,508,Mozambique,56,Maize (corn),1968,1000,E,430000,A,430000,E
149,524,Nepal,56,Maize (corn),1968,1814.2,A,764700,A,421500,A
184,646,Rwanda,56,Maize (corn),1968,1000,A,42800,A,42800,A
202,710,South Africa,56,Maize (corn),1968,1133.2,A,5358000,A,4728000,A
211,756,Switzerland,56,Maize (corn),1968,5505.2,A,24300,A,4414,A
212,760,Syrian Arab Republic,56,Maize (corn),1968,139.9,A,7737,A,55316,A
2,4,Afghanistan,56,Maize (corn),1968,1706.4,A,773000,A,453000,A
10,36,Australia,56,Maize (corn),1968,2233.8,A,181159,A,81100,A
11,40,Austria,56,Maize (corn),1968,5411.8,A,398552,A,73645,A
39,148,Chad,56,Maize (corn),1968,2000,A,12000,A,6000,A
46,178,Congo,56,Maize (corn),1968,937.5,E,7500,X,8000,E
74,266,Gabon,56,Maize (corn),1968,1490.9,E,8200,E,5500,E
79,276,Germany,56,Maize (corn),1968,4894.3,A,288989,A,59046,A
112,400,Jordan,56,Maize (corn),1968,592,A,74,A,125,A
117,410,Republic of Korea,56,Maize (corn),1968,1424.5,A,60000,A,42119,A
131,458,Malaysia,56,Maize (corn),1968,1624.1,E,14302,X,8806,A
132,462,Maldives,56,Maize (corn),1968,1000,E,20,E,20,E
197,694,Sierra Leone,56,Maize (corn),1968,956.5,E,11000,X,11500,E
9,32,Argentina,56,Maize (corn),1968,1942.1,A,6560000,A,3377700,A
14,52,Barbados,56,Maize (corn),1968,2375.4,E,1449,A,610,E
45,174,Comoros,56,Maize (corn),1968,1093.8,E,3500,E,3200,E
60,222,El Salvador,56,Maize (corn),1968,1289.4,A,257550,A,199745,A
102,364,Iran (Islamic Republic of),56,Maize (corn),1968,1400,A,35000,A,25000,A
122,426,Lesotho,56,Maize (corn),1968,682.2,A,106743,A,156477,A
156,554,New Zealand,56,Maize (corn),1968,6111.4,A,35892,A,5873,A
220,780,Trinidad and Tobago,56,Maize (corn),1968,4444.4,E,2000,E,450,E
225,784,United Arab Emirates,56,Maize (corn),1968,,,,M,,M
155,548,Vanuatu,56,Maize (corn),1968,475,E,380,E,800,E
251,894,Zambia,56,Maize (corn),1968,823.5,E,700000,E,850000,E
16,50,Bangladesh,56,Maize (corn),1968,937.5,A,3000,A,3200,A
44,170,Colombia,56,Maize (corn),1968,1083.1,A,886000,A,818000,A
56,214,Dominican Republic,56,Maize (corn),1968,1445.3,A,40000,A,27676,A
68,250,France,56,Maize (corn),1968,5264.3,A,5389580,A,1023800,A
91,328,Guyana,56,Maize (corn),1968,1523.6,A,1356,A,890,A
101,360,Indonesia,56,Maize (corn),1968,983.2,A,3166050,A,3220010,A
153,540,New Caledonia,56,Maize (corn),1968,1636.4,E,900,A,550,E
165,586,Pakistan,56,Maize (corn),1968,1015.5,A,625900,A,616343,A
176,626,Timor-Leste,56,Maize (corn),1968,1052.5,E,13156,A,12500,E
19,68,Bolivia (Plurinational State of),56,Maize (corn),1968,1322.4,A,287500,A,217400,A
84,300,Greece,56,Maize (corn),1968,2324.3,A,344000,A,148000,A
97,348,Hungary,56,Maize (corn),1968,2989.9,A,3813584,A,1275500,A
159,566,Nigeria,56,Maize (corn),1968,1028.3,A,1126000,A,1095000,A
217,768,Togo,56,Maize (corn),1968,577.9,A,115000,A,199000,A
233,854,Burkina Faso,56,Maize (corn),1968,600,A,137000,A,228333,A
37,140,Central African Republic,56,Maize (corn),1968,1000,A,50000,A,50000,A
109,388,Jamaica,56,Maize (corn),1968,869.3,A,3112,A,3580,A
183,642,Romania,56,Maize (corn),1968,2124.8,A,7105287,A,3344013,A
182,638,Réunion,56,Maize (corn),1968,3333.3,E,10000,A,3000,E
189,662,Saint Lucia,56,Maize (corn),1968,961.5,E,25,E,26,E
191,670,Saint Vincent and the Grenadines,56,Maize (corn),1968,3440,E,430,E,125,E
203,724,Spain,56,Maize (corn),1968,2816.8,A,1473100,A,522971,A
207,740,Suriname,56,Maize (corn),1968,2062.7,A,625,A,303,A
7,24,Angola,56,Maize (corn),1968,782.7,E,407000,X,520000,E
171,608,Philippines,56,Maize (corn),1968,768.1,A,1732800,A,2256100,A
75,270,Gambia,56,Maize (corn),1968,1150,E,2300,E,2000,E
4,12,Algeria,56,Maize (corn),1969,998.5,A,6151,A,6160,A
10,36,Australia,56,Maize (corn),1969,2240.1,A,149000,A,66516,A
16,50,Bangladesh,56,Maize (corn),1969,937.5,A,3000,A,3200,A
28,104,Myanmar,56,Maize (corn),1969,690.7,A,47608,A,68932,A
35,132,Cabo Verde,56,Maize (corn),1969,437.5,E,7000,E,16000,E
37,140,Central African Republic,56,Maize (corn),1969,773,A,47156,A,61000,A
39,148,Chad,56,Maize (corn),1969,1923.1,A,12000,A,6240,A
45,174,Comoros,56,Maize (corn),1969,1060.6,E,3500,E,3300,E
56,214,Dominican Republic,56,Maize (corn),1969,1535.7,E,43000,A,28000,X
74,266,Gabon,56,Maize (corn),1969,1490.9,E,8200,E,5500,E
84,300,Greece,56,Maize (corn),1969,2765.3,A,412863,A,149300,A
86,308,Grenada,56,Maize (corn),1969,883.3,E,530,E,600,E
107,384,Côte d'Ivoire,56,Maize (corn),1969,780.8,A,260000,A,333000,A
138,484,Mexico,56,Maize (corn),1969,1184,A,8410891,A,7103509,A
165,586,Pakistan,56,Maize (corn),1969,1030.9,A,667500,A,647500,A
171,608,Philippines,56,Maize (corn),1969,830,A,2008200,A,2419600,A
173,616,Poland,56,Maize (corn),1969,2340.4,A,11000,A,4700,A
182,638,Réunion,56,Maize (corn),1969,3520,E,8800,A,2500,E
207,740,Suriname,56,Maize (corn),1969,1792,A,405,A,226,A
228,810,USSR,56,Maize (corn),1969,2868.7,A,11954000,A,4167000,A
11,40,Austria,56,Maize (corn),1969,5957.8,A,698296,A,117207,A
20,72,Botswana,56,Maize (corn),1969,274.5,A,12800,A,46629,A
21,76,Brazil,56,Maize (corn),1969,1314.9,A,12693435,A,9653757,A
233,854,Burkina Faso,56,Maize (corn),1969,600,A,59530,A,99216,A
214,158,"China, Taiwan Province of",56,Maize (corn),1969,2351.9,A,44781,A,19040,A
116,408,Democratic People's Republic of Korea,56,Maize (corn),1969,2892.9,E,1620000,X,560000,E
58,218,Ecuador,56,Maize (corn),1969,724.8,A,211189,A,291380,A
66,242,Fiji,56,Maize (corn),1969,2500,E,2000,E,800,E
89,320,Guatemala,56,Maize (corn),1969,1036.5,A,718819,A,693508,A
102,364,Iran (Islamic Republic of),56,Maize (corn),1969,1400,X,35000,X,25000,X
105,376,Israel,56,Maize (corn),1969,3756.9,A,3400,A,905,A
121,422,Lebanon,56,Maize (corn),1969,904,A,1111,A,1229,A
136,478,Mauritania,56,Maize (corn),1969,597,A,4000,A,6700,A
137,480,Mauritius,56,Maize (corn),1969,1885.7,A,462,A,245,A
149,524,Nepal,56,Maize (corn),1969,1836.2,A,794900,A,432900,A
169,600,Paraguay,56,Maize (corn),1969,1200,A,153000,A,127500,A
184,646,Rwanda,56,Maize (corn),1969,1000,A,41300,A,41300,A
206,736,Sudan (former),56,Maize (corn),1969,715.7,A,35900,A,50158,A
237,704,Viet Nam,56,Maize (corn),1969,1119.8,E,271000,E,242000,E
249,887,Yemen,56,Maize (corn),1969,2442.5,X,13434,X,5500,X
248,890,Yugoslav SFR,56,Maize (corn),1969,3262.8,A,7821000,A,2397018,A
251,894,Zambia,56,Maize (corn),1969,804.6,E,700000,E,870000,E
15,58,Belgium-Luxembourg,56,Maize (corn),1969,5178,A,4479,A,865,A
23,84,Belize,56,Maize (corn),1969,1085.8,A,7711,A,7102,A
18,64,Bhutan,56,Maize (corn),1969,1399.1,E,61000,E,43600,E
41,156,"China, mainland",56,Maize (corn),1969,1776.3,E,28420000,E,16000000,E
48,188,Costa Rica,56,Maize (corn),1969,1365.7,E,76750,A,56200,X
250,180,Democratic Republic of the Congo,56,Maize (corn),1969,682.5,E,430000,E,630000,E
59,818,Egypt,56,Maize (corn),1969,3782.7,A,2368000,A,626000,A
60,222,El Salvador,56,Maize (corn),1969,1437.2,A,278967,A,194110,A
69,254,French Guiana,56,Maize (corn),1969,6666.7,A,100,A,15,A
81,288,Ghana,56,Maize (corn),1969,1104.7,A,304000,A,275182,A
175,624,Guinea-Bissau,56,Maize (corn),1969,666.7,E,2000,E,3000,E
95,340,Honduras,56,Maize (corn),1969,1197.9,A,337610,A,281831,A
120,418,Lao People's Democratic Republic,56,Maize (corn),1969,1857.1,E,26000,A,14000,E
122,426,Lesotho,56,Maize (corn),1969,717.4,A,101893,A,142037,A
132,462,Maldives,56,Maize (corn),1969,1000,E,22,A,22,E
143,504,Morocco,56,Maize (corn),1969,934.8,A,430000,A,460000,A
147,516,Namibia,56,Maize (corn),1969,1210.5,E,23000,E,19000,E
150,528,Netherlands (Kingdom of the),56,Maize (corn),1969,4000,E,376,E,94,A
156,554,New Zealand,56,Maize (corn),1969,7167,A,51158,A,7138,A
183,642,Romania,56,Maize (corn),1969,2330.9,A,7675808,A,3293068,A
189,662,Saint Lucia,56,Maize (corn),1969,892.9,E,25,E,28,E
201,706,Somalia,56,Maize (corn),1969,824.8,E,113000,E,137000,E
220,780,Trinidad and Tobago,56,Maize (corn),1969,4484.7,A,1323,A,295,A
223,792,Türkiye,56,Maize (corn),1969,1517.5,A,1000000,A,659000,A
2,4,Afghanistan,56,Maize (corn),1969,1717.7,A,785000,A,457000,A
3,8,Albania,56,Maize (corn),1969,1948.5,A,207343,A,106412,A
27,100,Bulgaria,56,Maize (corn),1969,4180.9,A,2415013,A,577624,A
32,120,Cameroon,56,Maize (corn),1969,930.2,E,400000,E,430000,E
38,144,Sri Lanka,56,Maize (corn),1969,824.5,A,16516,A,20032,A
93,332,Haiti,56,Maize (corn),1969,1052.2,E,242000,A,230000,E
109,388,Jamaica,56,Maize (corn),1969,1196.3,A,3876,A,3240,A
114,404,Kenya,56,Maize (corn),1969,1274.1,E,1720000,E,1350000,E
133,466,Mali,56,Maize (corn),1969,756.3,A,72558,A,95940,A
144,508,Mozambique,56,Maize (corn),1969,953.5,E,410000,A,430000,E
158,562,Niger,56,Maize (corn),1969,542.3,A,1540,A,2840,A
193,678,Sao Tome and Principe,56,Maize (corn),1969,1508.2,E,460,E,305,E
194,682,Saudi Arabia,56,Maize (corn),1969,500,E,3000,E,6000,E
209,748,Eswatini,56,Maize (corn),1969,587.6,A,58107,A,98884,A
211,756,Switzerland,56,Maize (corn),1969,5696.9,A,39400,A,6916,A
212,760,Syrian Arab Republic,56,Maize (corn),1969,156.2,A,8639,A,55316,A
226,800,Uganda,56,Maize (corn),1969,1274.3,E,446011,A,350000,E
234,858,Uruguay,56,Maize (corn),1969,737,A,128820,A,174790,A
46,178,Congo,56,Maize (corn),1969,571.4,E,4000,A,7000,E
112,400,Jordan,56,Maize (corn),1969,300.9,A,281,A,934,A
124,434,Libya,56,Maize (corn),1969,1463.4,A,1598,A,1092,A
166,591,Panama,56,Maize (corn),1969,853.7,A,87504,A,102500,A
174,620,Portugal,56,Maize (corn),1969,1336.6,A,597888,A,447326,A
176,626,Timor-Leste,56,Maize (corn),1969,1121.9,E,15707,A,14000,E
195,686,Senegal,56,Maize (corn),1969,881.4,A,48840,A,55414,A
203,724,Spain,56,Maize (corn),1969,3048.7,A,1507300,A,494400,A
216,764,Thailand,56,Maize (corn),1969,2519.1,E,1713000,A,680000,E
225,784,United Arab Emirates,56,Maize (corn),1969,,,,M,,M
29,108,Burundi,56,Maize (corn),1969,1116.1,E,125000,E,112000,E
33,124,Canada,56,Maize (corn),1969,4713.1,A,1882875,A,399500,A
62,230,Ethiopia PDR,56,Maize (corn),1969,1051,A,880400,A,837700,A
79,276,Germany,56,Maize (corn),1969,4875,A,403522,A,82773,A
90,324,Guinea,56,Maize (corn),1969,1152.5,E,68000,X,59000,E
100,356,India,56,Maize (corn),1969,967.9,A,5674300,A,5862200,A
106,380,Italy,56,Maize (corn),1969,4523.5,A,4519300,A,999066,A
117,410,Republic of Korea,56,Maize (corn),1969,1411.4,A,62581,A,44339,A
159,566,Nigeria,56,Maize (corn),1969,915.4,A,1255000,A,1371000,A
170,604,Peru,56,Maize (corn),1969,1600.7,A,589698,A,368405,A
177,630,Puerto Rico,56,Maize (corn),1969,1155.7,A,3629,A,3140,A
197,694,Sierra Leone,56,Maize (corn),1969,969.1,A,10160,A,10484,A
231,840,United States of America,56,Maize (corn),1969,5390.8,A,119055936,A,22085008,A
236,862,Venezuela (Bolivarian Republic of),56,Maize (corn),1969,1045.6,A,670304,A,641053,A
7,24,Angola,56,Maize (corn),1969,900,E,540000,A,600000,E
8,28,Antigua and Barbuda,56,Maize (corn),1969,2250,E,45,E,20,E
55,212,Dominica,56,Maize (corn),1969,1230.8,E,160,E,130,E
91,328,Guyana,56,Maize (corn),1969,1682.2,A,1768,A,1051,A
153,540,New Caledonia,56,Maize (corn),1969,1800,E,900,A,500,E
217,768,Togo,56,Maize (corn),1969,871.2,A,115000,A,132000,A
9,32,Argentina,56,Maize (corn),1969,1929.1,A,6860000,A,3556000,A
12,44,Bahamas,56,Maize (corn),1969,980,E,490,E,500,E
53,204,Benin,56,Maize (corn),1969,569.9,A,199800,A,350600,A
19,68,Bolivia (Plurinational State of),56,Maize (corn),1969,1323.2,A,290300,A,219400,A
115,116,Cambodia,56,Maize (corn),1969,1150.7,A,117600,A,102200,A
40,152,Chile,56,Maize (corn),1969,2631.6,A,153792,A,58440,A
49,192,Cuba,56,Maize (corn),1969,911.1,E,82000,E,90000,E
101,360,Indonesia,56,Maize (corn),1969,941.7,A,2292880,A,2434820,A
130,454,Malawi,56,Maize (corn),1969,990.4,A,1057700,A,1068000,A
131,458,Malaysia,56,Maize (corn),1969,1824,E,16556,X,9077,A
202,710,South Africa,56,Maize (corn),1969,1225.9,A,5378000,A,4387000,A
87,312,Guadeloupe,56,Maize (corn),1969,1500,A,600,A,400,A
110,392,Japan,56,Maize (corn),1969,2719.2,A,39700,A,14600,A
168,598,Papua New Guinea,56,Maize (corn),1969,971.8,A,69,A,71,A
181,716,Zimbabwe,56,Maize (corn),1969,1763.9,X,1571520,X,890934,X
215,834,United Republic of Tanzania,56,Maize (corn),1969,629.2,A,638000,A,1014000,A
75,270,Gambia,56,Maize (corn),1969,1080,E,2700,E,2500,E
103,368,Iraq,56,Maize (corn),1969,1196.3,E,4785,A,4000,E
191,670,Saint Vincent and the Grenadines,56,Maize (corn),1969,3185.2,E,430,E,135,E
155,548,Vanuatu,56,Maize (corn),1969,500,E,400,E,800,E
14,52,Barbados,56,Maize (corn),1969,2402.7,E,1754,A,730,E
44,170,Colombia,56,Maize (corn),1969,1203.4,A,872500,A,725000,A
68,250,France,56,Maize (corn),1969,4834.6,A,5730000,A,1185200,A
129,450,Madagascar,56,Maize (corn),1969,1032.2,A,142985,A,138530,A
51,200,Czechoslovakia,56,Maize (corn),1969,3987.2,A,495167,A,124189,A
97,348,Hungary,56,Maize (corn),1969,3787.7,A,4820192,A,1272598,A
157,558,Nicaragua,56,Maize (corn),1969,910.8,A,233700,A,256600,A
29,108,Burundi,56,Maize (corn),1970,1160.7,E,130000,A,112000,E
32,120,Cameroon,56,Maize (corn),1970,895.7,E,412000,E,460000,E
33,124,Canada,56,Maize (corn),1970,5274.8,A,2633677,A,499294,A
53,204,Benin,56,Maize (corn),1970,608.9,A,230700,A,378900,A
59,818,Egypt,56,Maize (corn),1970,3783.9,A,2397000,A,633481,A
68,250,France,56,Maize (corn),1970,5099.4,A,7491000,A,1469000,A
84,300,Greece,56,Maize (corn),1970,3016.5,A,511289,A,169500,A
93,332,Haiti,56,Maize (corn),1970,1043.5,E,240000,A,230000,E
109,388,Jamaica,56,Maize (corn),1970,1350.8,A,4401,A,3258,A
121,422,Lebanon,56,Maize (corn),1970,1015.4,A,1122,A,1105,A
144,508,Mozambique,56,Maize (corn),1970,1131,E,373237,A,330000,E
155,548,Vanuatu,56,Maize (corn),1970,529.4,E,450,E,850,E
157,558,Nicaragua,56,Maize (corn),1970,913.4,A,236200,A,258600,A
176,626,Timor-Leste,56,Maize (corn),1970,1052.2,E,16941,A,16100,E
191,670,Saint Vincent and the Grenadines,56,Maize (corn),1970,3185.2,E,430,E,135,E
216,764,Thailand,56,Maize (corn),1970,2587.7,A,1938200,A,749000,A
223,792,Türkiye,56,Maize (corn),1970,1609.9,A,1040000,A,646000,A
2,4,Afghanistan,56,Maize (corn),1970,1475.7,A,667000,A,452000,A
7,24,Angola,56,Maize (corn),1970,912,E,456000,A,500000,E
9,32,Argentina,56,Maize (corn),1970,2329.9,A,9360000,A,4017330,A
27,100,Bulgaria,56,Maize (corn),1970,3738.7,A,2375090,A,635275,A
44,170,Colombia,56,Maize (corn),1970,1325.7,A,876800,A,661400,A
60,222,El Salvador,56,Maize (corn),1970,1763,A,363078,A,205940,A
79,276,Germany,56,Maize (corn),1970,4974.3,A,521057,A,104750,A
86,308,Grenada,56,Maize (corn),1970,883.3,E,530,E,600,E
90,324,Guinea,56,Maize (corn),1970,1152.5,E,68000,X,59000,E
100,356,India,56,Maize (corn),1970,1279.1,A,7485600,A,5852300,A
103,368,Iraq,56,Maize (corn),1970,1229.6,E,5902,A,4800,E
120,418,Lao People's Democratic Republic,56,Maize (corn),1970,1666.7,A,25000,A,15000,A
129,450,Madagascar,56,Maize (corn),1970,1023.7,A,108825,A,106310,A
137,480,Mauritius,56,Maize (corn),1970,2082.7,A,529,A,254,A
138,484,Mexico,56,Maize (corn),1970,1193.5,A,8879385,A,7439684,A
117,410,Republic of Korea,56,Maize (corn),1970,1351.4,A,63000,A,46618,A
197,694,Sierra Leone,56,Maize (corn),1970,1011.6,A,10600,A,10478,A
211,756,Switzerland,56,Maize (corn),1970,5866.5,A,54500,A,9290,A
237,704,Viet Nam,56,Maize (corn),1970,1101,A,257300,A,233700,A
249,887,Yemen,56,Maize (corn),1970,2166.7,A,13000,A,6000,A
248,890,Yugoslav SFR,56,Maize (corn),1970,2947.4,A,6933000,A,2352225,A
10,36,Australia,56,Maize (corn),1970,2406.9,A,191600,A,79605,A
11,40,Austria,56,Maize (corn),1970,4934.9,A,611569,A,123927,A
12,44,Bahamas,56,Maize (corn),1970,980.8,E,510,E,520,E
35,132,Cabo Verde,56,Maize (corn),1970,308,E,924,A,3000,E
49,192,Cuba,56,Maize (corn),1970,809.5,E,85000,E,105000,E
58,218,Ecuador,56,Maize (corn),1970,877.9,A,256067,A,291670,A
209,748,Eswatini,56,Maize (corn),1970,620.3,A,62595,A,100915,A
81,288,Ghana,56,Maize (corn),1970,1064.3,A,481600,A,452500,A
124,434,Libya,56,Maize (corn),1970,1043,A,1262,A,1210,A
28,104,Myanmar,56,Maize (corn),1970,706.8,A,47471,A,67164,A
158,562,Niger,56,Maize (corn),1970,584.3,A,1560,A,2670,A
194,682,Saudi Arabia,56,Maize (corn),1970,500,E,4000,E,8000,E
203,724,Spain,56,Maize (corn),1970,3427.8,A,1847600,A,539000,A
220,780,Trinidad and Tobago,56,Maize (corn),1970,4487.3,A,1584,A,353,A
228,810,USSR,56,Maize (corn),1970,2811.8,A,9428000,A,3353000,A
14,52,Barbados,56,Maize (corn),1970,2424.2,E,1600,E,660,E
19,68,Bolivia (Plurinational State of),56,Maize (corn),1970,1292.2,A,285700,A,221100,A
37,140,Central African Republic,56,Maize (corn),1970,672.9,A,42188,A,62700,A
45,174,Comoros,56,Maize (corn),1970,1060.6,E,3500,E,3300,E
46,178,Congo,56,Maize (corn),1970,571.4,E,4000,A,7000,E
69,254,French Guiana,56,Maize (corn),1970,1363.6,A,225,A,165,A
97,348,Hungary,56,Maize (corn),1970,3376.2,A,4072412,A,1206200,A
105,376,Israel,56,Maize (corn),1970,5476.2,A,4600,A,840,A
115,116,Cambodia,56,Maize (corn),1970,1589.3,A,137000,A,86200,A
116,408,Democratic People's Republic of Korea,56,Maize (corn),1970,2824.6,E,1610000,X,570000,E
133,466,Mali,56,Maize (corn),1970,1083.2,E,57841,A,53400,X
149,524,Nepal,56,Maize (corn),1970,1869.5,A,833318,A,445750,A
159,566,Nigeria,56,Maize (corn),1970,995.9,A,1443000,A,1449000,A
170,604,Peru,56,Maize (corn),1970,1608.5,A,614619,A,382105,A
173,616,Poland,56,Maize (corn),1970,2352.9,A,12000,A,5100,A
195,686,Senegal,56,Maize (corn),1970,765.1,A,38747,A,50642,A
201,706,Somalia,56,Maize (corn),1970,914.3,E,108800,A,119000,E
207,740,Suriname,56,Maize (corn),1970,1488.4,A,192,A,129,A
23,84,Belize,56,Maize (corn),1970,1569.2,A,15876,A,10117,A
38,144,Sri Lanka,56,Maize (corn),1970,756,A,14410,A,19060,A
41,156,"China, mainland",56,Maize (corn),1970,2088.5,A,33030000,A,15815500,A
48,188,Costa Rica,56,Maize (corn),1970,1138.9,E,71294,A,62600,X
51,200,Czechoslovakia,56,Maize (corn),1970,4091.7,A,513453,A,125488,A
55,212,Dominica,56,Maize (corn),1970,1230.8,E,160,E,130,E
107,384,Côte d'Ivoire,56,Maize (corn),1970,704.6,A,231100,A,328000,A
112,400,Jordan,56,Maize (corn),1970,294.1,A,100,A,340,A
114,404,Kenya,56,Maize (corn),1970,1225,E,1470000,E,1200000,E
131,458,Malaysia,56,Maize (corn),1970,2124.5,E,16208,X,7629,A
150,528,Netherlands (Kingdom of the),56,Maize (corn),1970,4106.8,E,4000,E,974,A
171,608,Philippines,56,Maize (corn),1970,828.7,A,2011810,A,2427750,A
183,642,Romania,56,Maize (corn),1970,2119.1,A,6535512,A,3084036,A
193,678,Sao Tome and Principe,56,Maize (corn),1970,1516.1,E,470,E,310,E
215,834,United Republic of Tanzania,56,Maize (corn),1970,480.8,A,488000,A,1015000,A
226,800,Uganda,56,Maize (corn),1970,1293.3,A,388000,A,300000,A
251,894,Zambia,56,Maize (corn),1970,633.3,E,570000,E,900000,E
16,50,Bangladesh,56,Maize (corn),1970,937.5,A,3000,A,3200,A
20,72,Botswana,56,Maize (corn),1970,69.3,A,2100,A,30297,A
40,152,Chile,56,Maize (corn),1970,3236.6,A,239052,A,73860,A
95,340,Honduras,56,Maize (corn),1970,1198.4,A,338591,A,282546,A
110,392,Japan,56,Maize (corn),1970,2764.7,A,32900,A,11900,A
136,478,Mauritania,56,Maize (corn),1970,575.8,E,3800,A,6600,E
143,504,Morocco,56,Maize (corn),1970,626.7,A,319600,A,510000,A
147,516,Namibia,56,Maize (corn),1970,1210.5,E,23000,E,19000,E
168,598,Papua New Guinea,56,Maize (corn),1970,903.2,A,140,A,155,A
177,630,Puerto Rico,56,Maize (corn),1970,872.4,A,1361,A,1560,A
229,826,United Kingdom of Great Britain and Northern Ireland,56,Maize (corn),1970,4000,E,2000,A,500,E
236,862,Venezuela (Bolivarian Republic of),56,Maize (corn),1970,1207.1,A,709915,A,588120,A
4,12,Algeria,56,Maize (corn),1970,1023.5,A,6438,A,6290,A
56,214,Dominican Republic,56,Maize (corn),1970,1730.8,A,45000,A,26000,A
66,242,Fiji,56,Maize (corn),1970,1254,A,711,A,567,A
74,266,Gabon,56,Maize (corn),1970,1454.5,E,8000,E,5500,E
87,312,Guadeloupe,56,Maize (corn),1970,1777.8,E,800,E,450,E
91,328,Guyana,56,Maize (corn),1970,1457.7,A,1860,A,1276,A
101,360,Indonesia,56,Maize (corn),1970,961.4,A,2825220,A,2938610,A
153,540,New Caledonia,56,Maize (corn),1970,2444.4,E,1100,A,450,E
156,554,New Zealand,56,Maize (corn),1970,7247.4,A,58624,A,8089,A
169,600,Paraguay,56,Maize (corn),1970,1317.4,A,220000,A,167000,A
181,716,Zimbabwe,56,Maize (corn),1970,1202.2,A,1085327,A,902810,A
184,646,Rwanda,56,Maize (corn),1970,1200,A,64062,A,53385,A
206,736,Sudan (former),56,Maize (corn),1970,806.3,A,42000,A,52090,A
217,768,Togo,56,Maize (corn),1970,1213.3,A,182000,A,150000,A
231,840,United States of America,56,Maize (corn),1970,4543.9,A,105471120,A,23211632,A
234,858,Uruguay,56,Maize (corn),1970,834.2,A,189413,A,227048,A
3,8,Albania,56,Maize (corn),1970,2071.8,A,227449,A,109785,A
21,76,Brazil,56,Maize (corn),1970,1442.1,A,14216009,A,9858108,A
89,320,Guatemala,56,Maize (corn),1970,1187.3,A,785846,A,661870,A
106,380,Italy,56,Maize (corn),1970,4634.4,A,4754300,A,1025881,A
122,426,Lesotho,56,Maize (corn),1970,514.6,A,66514,A,129247,A
166,591,Panama,56,Maize (corn),1970,868.7,A,56419,A,64946,A
8,28,Antigua and Barbuda,56,Maize (corn),1970,2400,E,60,E,25,E
18,64,Bhutan,56,Maize (corn),1970,1401.3,E,62500,E,44600,E
39,148,Chad,56,Maize (corn),1970,1714.3,A,12000,A,7000,A
214,158,"China, Taiwan Province of",56,Maize (corn),1970,2551.8,E,57416,A,22500,E
75,270,Gambia,56,Maize (corn),1970,1033.3,E,3100,E,3000,E
102,364,Iran (Islamic Republic of),56,Maize (corn),1970,1400,X,35000,X,25000,X
175,624,Guinea-Bissau,56,Maize (corn),1970,666.7,E,2000,E,3000,E
212,760,Syrian Arab Republic,56,Maize (corn),1970,140.7,A,7785,A,55316,A
225,784,United Arab Emirates,56,Maize (corn),1970,,,,M,,M
233,854,Burkina Faso,56,Maize (corn),1970,644.7,A,55348,A,85854,A
132,462,Maldives,56,Maize (corn),1970,1000,E,5,A,5,E
165,586,Pakistan,56,Maize (corn),1970,1120.8,A,717300,A,640000,A
174,620,Portugal,56,Maize (corn),1970,1436.1,A,628195,A,437432,A
182,638,Réunion,56,Maize (corn),1970,3200,E,8000,A,2500,E
189,662,Saint Lucia,56,Maize (corn),1970,840,E,21,A,25,E
15,58,Belgium-Luxembourg,56,Maize (corn),1970,5243.6,A,10246,A,1954,A
202,710,South Africa,56,Maize (corn),1970,1398.6,A,6179000,A,4418000,A
62,230,Ethiopia PDR,56,Maize (corn),1970,1073.1,A,909000,A,847100,A
130,454,Malawi,56,Maize (corn),1970,900,E,900000,E,1000000,E
250,180,Democratic Republic of the Congo,56,Maize (corn),1970,719.4,A,428100,A,595100,A
15,58,Belgium-Luxembourg,56,Maize (corn),1971,5757.7,A,18799,A,3265,A
23,84,Belize,56,Maize (corn),1971,1549.3,A,15876,A,10247,A
28,104,Myanmar,56,Maize (corn),1971,743.9,A,57442,A,77216,A
48,188,Costa Rica,56,Maize (corn),1971,1352.8,E,70073,A,51800,X
53,204,Benin,56,Maize (corn),1971,501,A,174800,A,348900,A
60,222,El Salvador,56,Maize (corn),1971,1794.4,A,377200,A,210210,A
81,288,Ghana,56,Maize (corn),1971,1075.8,A,465400,A,432600,A
90,324,Guinea,56,Maize (corn),1971,1152.5,E,68000,X,59000,E
109,388,Jamaica,56,Maize (corn),1971,1264.1,A,5098,A,4033,A
122,426,Lesotho,56,Maize (corn),1971,548.1,A,74000,A,135000,A
131,458,Malaysia,56,Maize (corn),1971,1890.9,E,12083,X,6390,A
138,484,Mexico,56,Maize (corn),1971,1272.3,A,9785734,A,7691656,A
144,508,Mozambique,56,Maize (corn),1971,939.4,E,310000,A,330000,E
166,591,Panama,56,Maize (corn),1971,857,A,54078,A,63100,A
168,598,Papua New Guinea,56,Maize (corn),1971,819.7,E,100,E,122,A
182,638,Réunion,56,Maize (corn),1971,3928.6,E,11000,A,2800,E
183,642,Romania,56,Maize (corn),1971,2507,A,7850300,A,3131400,A
189,662,Saint Lucia,56,Maize (corn),1971,714.3,E,25,E,35,E
201,706,Somalia,56,Maize (corn),1971,971.2,E,101000,A,104000,E
211,756,Switzerland,56,Maize (corn),1971,6610.5,A,90300,A,13660,A
237,704,Viet Nam,56,Maize (corn),1971,1003.8,A,237000,A,236100,A
250,180,Democratic Republic of the Congo,56,Maize (corn),1971,716.9,A,435800,A,607906,A
3,8,Albania,56,Maize (corn),1971,1944.3,A,224230,A,115329,A
18,64,Bhutan,56,Maize (corn),1971,1400.4,E,64000,E,45700,E
233,854,Burkina Faso,56,Maize (corn),1971,739.4,A,66394,A,89795,A
39,148,Chad,56,Maize (corn),1971,2241.4,A,13000,A,5800,A
41,156,"China, mainland",56,Maize (corn),1971,2145.6,A,35850000,A,16709000,A
44,170,Colombia,56,Maize (corn),1971,1228.1,A,818500,A,666500,A
56,214,Dominican Republic,56,Maize (corn),1971,1884.6,A,49000,A,26000,A
58,218,Ecuador,56,Maize (corn),1971,709.2,A,249683,A,352045,A
62,230,Ethiopia PDR,56,Maize (corn),1971,1087.3,A,939000,A,863600,A
74,266,Gabon,56,Maize (corn),1971,1454.5,E,8000,E,5500,E
175,624,Guinea-Bissau,56,Maize (corn),1971,550,A,1650,A,3000,A
102,364,Iran (Islamic Republic of),56,Maize (corn),1971,1400,X,35000,X,25000,X
105,376,Israel,56,Maize (corn),1971,5066.7,A,7600,A,1500,A
114,404,Kenya,56,Maize (corn),1971,1217.4,E,1400000,E,1150000,E
120,418,Lao People's Democratic Republic,56,Maize (corn),1971,1625,A,26000,A,16000,A
124,434,Libya,56,Maize (corn),1971,1201.4,A,829,A,690,A
153,540,New Caledonia,56,Maize (corn),1971,2500,E,1000,A,400,E
169,600,Paraguay,56,Maize (corn),1971,1212.5,A,230500,A,190100,A
193,678,Sao Tome and Principe,56,Maize (corn),1971,1548.4,E,480,E,310,E
194,682,Saudi Arabia,56,Maize (corn),1971,517.6,E,5093,A,9840,X
203,724,Spain,56,Maize (corn),1971,3783.4,A,2056300,A,543500,A
38,144,Sri Lanka,56,Maize (corn),1971,712.4,A,12680,A,17800,A
229,826,United Kingdom of Great Britain and Northern Ireland,56,Maize (corn),1971,5000,E,5000,A,1000,E
251,894,Zambia,56,Maize (corn),1971,921.2,A,927938,A,1007328,A
10,36,Australia,56,Maize (corn),1971,2475.6,A,212000,A,85635,A
29,108,Burundi,56,Maize (corn),1971,1186.3,E,132860,A,112000,E
40,152,Chile,56,Maize (corn),1971,3354.5,A,258300,A,77000,A
214,158,"China, Taiwan Province of",56,Maize (corn),1971,2550.7,A,56819,A,22276,A
116,408,Democratic People's Republic of Korea,56,Maize (corn),1971,2830.5,E,1670000,X,590000,E
69,254,French Guiana,56,Maize (corn),1971,4000,A,1000,A,250,A
86,308,Grenada,56,Maize (corn),1971,877.2,E,500,E,570,E
87,312,Guadeloupe,56,Maize (corn),1971,2000,A,1000,A,500,A
95,340,Honduras,56,Maize (corn),1971,1198.8,A,339576,A,283261,A
121,422,Lebanon,56,Maize (corn),1971,823.4,A,1245,A,1512,A
129,450,Madagascar,56,Maize (corn),1971,952.8,A,113490,A,119115,A
133,466,Mali,56,Maize (corn),1971,852.4,E,71942,A,84400,X
143,504,Morocco,56,Maize (corn),1971,860.7,A,389900,A,453000,A
149,524,Nepal,56,Maize (corn),1971,1729.8,A,758727,A,438622,A
165,586,Pakistan,56,Maize (corn),1971,1113.9,A,705100,A,633000,A
171,608,Philippines,56,Maize (corn),1971,824.8,A,2024220,A,2454270,A
215,834,United Republic of Tanzania,56,Maize (corn),1971,730,A,719000,A,984900,A
155,548,Vanuatu,56,Maize (corn),1971,500,E,450,E,900,E
9,32,Argentina,56,Maize (corn),1971,2442.2,A,9930000,A,4066000,A
14,52,Barbados,56,Maize (corn),1971,2333.3,E,1400,X,600,E
20,72,Botswana,56,Maize (corn),1971,666.7,A,16600,A,24900,A
37,140,Central African Republic,56,Maize (corn),1971,688.8,E,43397,A,63000,E
46,178,Congo,56,Maize (corn),1971,666.7,E,5000,A,7500,E
84,300,Greece,56,Maize (corn),1971,3405.2,A,570715,A,167600,A
93,332,Haiti,56,Maize (corn),1971,1076.9,A,252000,A,234000,A
110,392,Japan,56,Maize (corn),1971,2500,A,25000,A,10000,A
130,454,Malawi,56,Maize (corn),1971,1180.2,E,1239200,A,1050000,E
150,528,Netherlands (Kingdom of the),56,Maize (corn),1971,4880.2,A,11000,A,2254,A
157,558,Nicaragua,56,Maize (corn),1971,913.1,A,242700,A,265800,A
206,736,Sudan (former),56,Maize (corn),1971,900.7,A,14000,A,15543,A
216,764,Thailand,56,Maize (corn),1971,2421.1,E,2300000,A,950000,E
217,768,Togo,56,Maize (corn),1971,1213.3,A,182000,A,150000,A
16,50,Bangladesh,56,Maize (corn),1971,714.3,A,2000,A,2800,A
51,200,Czechoslovakia,56,Maize (corn),1971,3984.5,A,524490,A,131632,A
59,818,Egypt,56,Maize (corn),1971,3656.5,A,2344000,A,641042,A
68,250,France,56,Maize (corn),1971,5415.1,A,8962000,A,1655000,A
89,320,Guatemala,56,Maize (corn),1971,1133.9,A,747364,A,659084,A
100,356,India,56,Maize (corn),1971,899.9,A,5100500,A,5667600,A
106,380,Italy,56,Maize (corn),1971,4848.4,A,4528400,A,934000,A
117,410,Republic of Korea,56,Maize (corn),1971,1609,A,64140,A,39863,A
136,478,Mauritania,56,Maize (corn),1971,567.2,E,3800,E,6700,E
173,616,Poland,56,Maize (corn),1971,2653.1,A,13000,A,4900,A
184,646,Rwanda,56,Maize (corn),1971,1034.8,A,56388,A,54490,A
191,670,Saint Vincent and the Grenadines,56,Maize (corn),1971,3259.3,E,440,E,135,E
197,694,Sierra Leone,56,Maize (corn),1971,971.4,E,10200,A,10500,E
207,740,Suriname,56,Maize (corn),1971,2531.7,A,319,A,126,A
225,784,United Arab Emirates,56,Maize (corn),1971,,,,M,,M
228,810,USSR,56,Maize (corn),1971,2580.1,A,8597000,A,3332000,A
7,24,Angola,56,Maize (corn),1971,777.6,E,404355,A,520000,E
21,76,Brazil,56,Maize (corn),1971,1339.3,A,14129749,A,10550489,A
66,242,Fiji,56,Maize (corn),1971,1253.1,A,406,A,324,A
132,462,Maldives,56,Maize (corn),1971,1000,E,1,A,1,E
147,516,Namibia,56,Maize (corn),1971,1210.5,E,23000,E,19000,E
156,554,New Zealand,56,Maize (corn),1971,8444.2,A,101178,A,11982,A
158,562,Niger,56,Maize (corn),1971,671.3,A,1920,A,2860,A
174,620,Portugal,56,Maize (corn),1971,1382.1,A,570396,A,412708,A
177,630,Puerto Rico,56,Maize (corn),1971,969.2,A,1134,A,1170,A
195,686,Senegal,56,Maize (corn),1971,788.4,A,38503,A,48834,A
202,710,South Africa,56,Maize (corn),1971,1802.3,A,8644000,A,4796000,A
181,716,Zimbabwe,56,Maize (corn),1971,1901.1,A,1855499,A,976017,A
236,862,Venezuela (Bolivarian Republic of),56,Maize (corn),1971,1214,A,713486,A,587702,A
4,12,Algeria,56,Maize (corn),1971,813.5,A,5052,A,6210,A
12,44,Bahamas,56,Maize (corn),1971,990.7,E,530,E,535,E
75,270,Gambia,56,Maize (corn),1971,1125,E,4500,E,4000,E
103,368,Iraq,56,Maize (corn),1971,1768.8,E,15919,A,9000,E
159,566,Nigeria,56,Maize (corn),1971,1046,A,1274000,A,1218000,A
231,840,United States of America,56,Maize (corn),1971,5527,A,143420656,A,25949296,A
19,68,Bolivia (Plurinational State of),56,Maize (corn),1971,1303.7,A,296600,A,227500,A
35,132,Cabo Verde,56,Maize (corn),1971,303.3,E,910,A,3000,E
209,748,Eswatini,56,Maize (corn),1971,1573.4,A,104695,A,66540,A
97,348,Hungary,56,Maize (corn),1971,3538.7,A,4731905,A,1337200,A
101,360,Indonesia,56,Maize (corn),1971,992.3,A,2606490,A,2626700,A
234,858,Uruguay,56,Maize (corn),1971,921.3,A,166015,A,180200,A
249,887,Yemen,56,Maize (corn),1971,2090.9,X,23000,X,11000,X
33,124,Canada,56,Maize (corn),1971,5162.5,A,2945932,A,570639,A
137,480,Mauritius,56,Maize (corn),1971,1984.3,A,504,A,254,A
176,626,Timor-Leste,56,Maize (corn),1971,1058.2,E,11429,A,10800,E
248,890,Yugoslav SFR,56,Maize (corn),1971,3072.7,A,7443000,A,2422273,A
11,40,Austria,56,Maize (corn),1971,5770,A,721498,A,125043,A
45,174,Comoros,56,Maize (corn),1971,1060.6,E,3500,E,3300,E
49,192,Cuba,56,Maize (corn),1971,846.2,E,88000,E,104000,E
107,384,Côte d'Ivoire,56,Maize (corn),1971,832.1,A,280000,A,336500,A
55,212,Dominica,56,Maize (corn),1971,1259.3,E,170,E,135,E
170,604,Peru,56,Maize (corn),1971,1648.7,A,616368,A,373845,A
212,760,Syrian Arab Republic,56,Maize (corn),1971,153,A,8465,A,55316,A
220,780,Trinidad and Tobago,56,Maize (corn),1971,3922,A,3620,A,923,A
27,100,Bulgaria,56,Maize (corn),1971,3845.4,A,2517970,A,654802,A
79,276,Germany,56,Maize (corn),1971,5039.6,A,602993,A,119650,A
2,4,Afghanistan,56,Maize (corn),1971,1340,A,670000,A,500000,A
112,400,Jordan,56,Maize (corn),1971,2950.7,A,838,A,284,A
115,116,Cambodia,56,Maize (corn),1971,1291.9,A,121700,A,94200,A
223,792,Türkiye,56,Maize (corn),1971,1795.9,A,1135000,A,632000,A
32,120,Cameroon,56,Maize (corn),1971,908.2,E,445000,E,490000,E
91,328,Guyana,56,Maize (corn),1971,1754.6,A,2409,A,1373,A
8,28,Antigua and Barbuda,56,Maize (corn),1971,2285.7,E,80,E,35,E
226,800,Uganda,56,Maize (corn),1971,1503.6,A,421000,A,280000,A
12,44,Bahamas,56,Maize (corn),1972,991,E,550,E,555,E
15,58,Belgium-Luxembourg,56,Maize (corn),1972,4105.5,A,18713,A,4558,A
16,50,Bangladesh,56,Maize (corn),1972,714.3,A,2000,A,2800,A
19,68,Bolivia (Plurinational State of),56,Maize (corn),1972,1251.7,A,268500,A,214500,A
20,72,Botswana,56,Maize (corn),1972,1084.2,A,10300,A,9500,A
29,108,Burundi,56,Maize (corn),1972,1067.6,E,119574,A,112000,E
37,140,Central African Republic,56,Maize (corn),1972,634.3,E,44400,A,70000,E
38,144,Sri Lanka,56,Maize (corn),1972,751.8,A,15111,A,20100,A
46,178,Congo,56,Maize (corn),1972,666.7,A,5000,A,7500,A
48,188,Costa Rica,56,Maize (corn),1972,1372.7,E,75910,A,55300,X
74,266,Gabon,56,Maize (corn),1972,1463.4,E,6000,A,4100,E
81,288,Ghana,56,Maize (corn),1972,1035.8,A,402400,A,388500,A
84,300,Greece,56,Maize (corn),1972,3539.4,A,584000,A,165000,A
91,328,Guyana,56,Maize (corn),1972,1903.9,A,2812,A,1477,A
112,400,Jordan,56,Maize (corn),1972,1365.9,A,336,A,246,A
115,116,Cambodia,56,Maize (corn),1972,1416.4,A,79600,A,56200,A
120,418,Lao People's Democratic Republic,56,Maize (corn),1972,1766.7,A,26500,A,15000,A
124,434,Libya,56,Maize (corn),1972,1244.4,A,1329,A,1068,A
133,466,Mali,56,Maize (corn),1972,676.9,E,44000,X,65000,E
138,484,Mexico,56,Maize (corn),1972,1264.8,A,9222837,A,7292180,A
150,528,Netherlands (Kingdom of the),56,Maize (corn),1972,3333.3,A,10000,A,3000,A
158,562,Niger,56,Maize (corn),1972,631.9,A,2275,A,3600,A
166,591,Panama,56,Maize (corn),1972,675,A,44348,A,65700,A
181,716,Zimbabwe,56,Maize (corn),1972,2311,A,2317167,A,1002677,A
182,638,Réunion,56,Maize (corn),1972,4107.1,E,11500,A,2800,E
189,662,Saint Lucia,56,Maize (corn),1972,750,E,30,E,40,E
193,678,Sao Tome and Principe,56,Maize (corn),1972,1538.5,E,500,E,325,E
194,682,Saudi Arabia,56,Maize (corn),1972,416.1,A,1482,A,3562,A
203,724,Spain,56,Maize (corn),1972,3602.4,A,1922600,A,533700,A
217,768,Togo,56,Maize (corn),1972,1111.5,A,115040,A,103500,A
226,800,Uganda,56,Maize (corn),1972,1204.8,A,500000,A,415000,A
228,810,USSR,56,Maize (corn),1972,2450.1,A,9830000,A,4012000,A
236,862,Venezuela (Bolivarian Republic of),56,Maize (corn),1972,1088.7,A,506316,A,465062,A
248,890,Yugoslav SFR,56,Maize (corn),1972,3328,A,7930000,A,2382836,A
251,894,Zambia,56,Maize (corn),1972,1143.3,E,1143338,A,1000000,E
14,52,Barbados,56,Maize (corn),1972,2727.6,E,2073,A,760,E
53,204,Benin,56,Maize (corn),1972,547.6,A,207100,A,378200,A
39,148,Chad,56,Maize (corn),1972,2142.9,A,13500,A,6300,A
58,218,Ecuador,56,Maize (corn),1972,732.6,A,257739,A,351830,A
68,250,France,56,Maize (corn),1972,4353.1,A,8257000,A,1896800,A
79,276,Germany,56,Maize (corn),1972,4659.5,A,591044,A,126847,A
95,340,Honduras,56,Maize (corn),1972,1199.3,A,340563,A,283977,A
110,392,Japan,56,Maize (corn),1972,2875,E,23000,A,8000,E
114,404,Kenya,56,Maize (corn),1972,1253.8,E,1630000,E,1300000,E
137,480,Mauritius,56,Maize (corn),1972,1880,A,470,A,250,A
117,410,Republic of Korea,56,Maize (corn),1972,1810.8,A,64000,A,35343,A
183,642,Romania,56,Maize (corn),1972,3071.1,A,9816700,A,3196500,A
211,756,Switzerland,56,Maize (corn),1972,3647.4,A,72400,A,19850,A
212,760,Syrian Arab Republic,56,Maize (corn),1972,270.9,A,14985,A,55316,A
216,764,Thailand,56,Maize (corn),1972,1414,E,1315000,A,930000,E
155,548,Vanuatu,56,Maize (corn),1972,526.3,E,500,E,950,E
32,120,Cameroon,56,Maize (corn),1972,909.6,E,448000,E,492500,E
41,156,"China, mainland",56,Maize (corn),1972,1923.8,A,32100000,A,16686000,A
250,180,Democratic Republic of the Congo,56,Maize (corn),1972,731.5,A,451500,A,617200,A
55,212,Dominica,56,Maize (corn),1972,1259.3,E,170,E,135,E
56,214,Dominican Republic,56,Maize (corn),1972,1923.1,E,50000,A,26000,X
136,478,Mauritania,56,Maize (corn),1972,538.5,E,3500,E,6500,E
191,670,Saint Vincent and the Grenadines,56,Maize (corn),1972,3169,E,450,E,142,X
207,740,Suriname,56,Maize (corn),1972,2500,A,350,A,140,A
237,704,Viet Nam,56,Maize (corn),1972,1111.3,E,261700,E,235500,E
44,170,Colombia,56,Maize (corn),1972,1291,A,806200,A,624500,A
60,222,El Salvador,56,Maize (corn),1972,1155.3,A,236782,A,204960,A
66,242,Fiji,56,Maize (corn),1972,1657,E,570,E,344,A
75,270,Gambia,56,Maize (corn),1972,1177.8,E,5300,E,4500,E
87,312,Guadeloupe,56,Maize (corn),1972,2100,A,1050,A,500,A
93,332,Haiti,56,Maize (corn),1972,1117.4,A,257000,A,230000,A
101,360,Indonesia,56,Maize (corn),1972,1043.7,A,2254380,A,2160050,A
102,364,Iran (Islamic Republic of),56,Maize (corn),1972,1428.6,E,20000,A,14000,E
106,380,Italy,56,Maize (corn),1972,5320.4,A,4741000,A,891100,A
132,462,Maldives,56,Maize (corn),1972,1000,E,1,X,1,E
157,558,Nicaragua,56,Maize (corn),1972,619.6,A,130800,A,211100,A
170,604,Peru,56,Maize (corn),1972,1640.8,A,628323,A,382945,A
175,624,Guinea-Bissau,56,Maize (corn),1972,571.4,A,2000,A,3500,A
202,710,South Africa,56,Maize (corn),1972,1917.3,A,9525000,A,4968000,A
231,840,United States of America,56,Maize (corn),1972,6089.7,A,141733312,A,23274368,A
2,4,Afghanistan,56,Maize (corn),1972,1565.2,A,720000,A,460000,A
11,40,Austria,56,Maize (corn),1972,5480,A,725947,A,132472,A
23,84,Belize,56,Maize (corn),1972,1321.6,A,14610,A,11055,A
35,132,Cabo Verde,56,Maize (corn),1972,191.7,E,575,X,3000,E
45,174,Comoros,56,Maize (corn),1972,1058.8,E,3600,E,3400,E
51,200,Czechoslovakia,56,Maize (corn),1972,4444.1,A,641549,A,144361,A
100,356,India,56,Maize (corn),1972,1094.3,A,6388500,A,5837800,A
122,426,Lesotho,56,Maize (corn),1972,536.4,A,59000,A,110000,A
144,508,Mozambique,56,Maize (corn),1972,1023.8,E,430000,A,420000,E
149,524,Nepal,56,Maize (corn),1972,1845,A,822003,A,445533,A
153,540,New Caledonia,56,Maize (corn),1972,2500,E,1000,X,400,E
159,566,Nigeria,56,Maize (corn),1972,573.1,A,639000,A,1115000,A
174,620,Portugal,56,Maize (corn),1972,1373.5,A,562459,A,409511,A
177,630,Puerto Rico,56,Maize (corn),1972,930.8,A,1089,A,1170,A
195,686,Senegal,56,Maize (corn),1972,625,A,20200,A,32319,A
229,826,United Kingdom of Great Britain and Northern Ireland,56,Maize (corn),1972,4000,E,6000,A,1500,E
9,32,Argentina,56,Maize (corn),1972,1862,A,5860000,A,3147200,A
21,76,Brazil,56,Maize (corn),1972,1413,A,14891444,A,10538943,A
116,408,Democratic People's Republic of Korea,56,Maize (corn),1972,2614.8,E,1595000,X,610000,E
121,422,Lebanon,56,Maize (corn),1972,1030.4,A,1018,A,988,A
131,458,Malaysia,56,Maize (corn),1972,2179.6,E,15000,E,6882,A
147,516,Namibia,56,Maize (corn),1972,1200,E,24000,E,20000,E
165,586,Pakistan,56,Maize (corn),1972,1094.5,A,705952,A,644979,A
171,608,Philippines,56,Maize (corn),1972,784,A,1842820,A,2350600,A
197,694,Sierra Leone,56,Maize (corn),1972,971.4,E,10200,A,10500,E
206,736,Sudan (former),56,Maize (corn),1972,969.8,A,11000,A,11342,A
59,818,Egypt,56,Maize (corn),1972,3747.2,A,2421000,A,646083,A
234,858,Uruguay,56,Maize (corn),1972,780.1,A,141200,A,181000,A
7,24,Angola,56,Maize (corn),1972,754.7,X,400000,X,530000,X
18,64,Bhutan,56,Maize (corn),1972,1399.6,E,65500,E,46800,E
27,100,Bulgaria,56,Maize (corn),1972,4317.6,A,2973501,A,688693,A
33,124,Canada,56,Maize (corn),1972,4708.2,A,2528365,A,537010,A
40,152,Chile,56,Maize (corn),1972,3349.8,A,282990,A,84480,A
107,384,Côte d'Ivoire,56,Maize (corn),1972,671.6,A,226000,A,336500,A
109,388,Jamaica,56,Maize (corn),1972,1093.4,A,4318,A,3949,A
173,616,Poland,56,Maize (corn),1972,2857.1,A,10000,A,3500,A
225,784,United Arab Emirates,56,Maize (corn),1972,,,,M,,M
4,12,Algeria,56,Maize (corn),1972,852.8,A,4716,A,5530,A
8,28,Antigua and Barbuda,56,Maize (corn),1972,2300,E,92,A,40,E
10,36,Australia,56,Maize (corn),1972,2735.9,A,213927,A,78193,A
233,854,Burkina Faso,56,Maize (corn),1972,724.9,A,58676,A,80939,A
49,192,Cuba,56,Maize (corn),1972,708.5,A,88950,A,125550,A
90,324,Guinea,56,Maize (corn),1972,1155.2,E,67000,X,58000,E
129,450,Madagascar,56,Maize (corn),1972,983.1,A,105805,A,107625,A
201,706,Somalia,56,Maize (corn),1972,979.2,E,141000,A,144000,E
3,8,Albania,56,Maize (corn),1972,1966.7,E,236000,E,120000,E
89,320,Guatemala,56,Maize (corn),1972,1190.6,A,801943,A,673536,A
97,348,Hungary,56,Maize (corn),1972,3976.8,A,5554447,A,1396700,A
103,368,Iraq,56,Maize (corn),1972,1416.2,E,17703,A,12500,E
118,414,Kuwait,56,Maize (corn),1972,3000,A,3,A,1,A
209,748,Eswatini,56,Maize (corn),1972,1740.5,A,120291,A,69111,A
249,887,Yemen,56,Maize (corn),1972,1292.9,A,18161,A,14047,A
214,158,"China, Taiwan Province of",56,Maize (corn),1972,2739.5,A,70532,A,25746,A
143,504,Morocco,56,Maize (corn),1972,764.4,A,367580,A,480900,A
168,598,Papua New Guinea,56,Maize (corn),1972,882.4,A,60,A,68,A
176,626,Timor-Leste,56,Maize (corn),1972,1027.1,E,8730,A,8500,E
220,780,Trinidad and Tobago,56,Maize (corn),1972,3923.2,A,3731,A,951,A
223,792,Türkiye,56,Maize (corn),1972,1713.8,A,1030000,A,601000,A
215,834,United Republic of Tanzania,56,Maize (corn),1972,621,E,621000,A,1000000,E
105,376,Israel,56,Maize (corn),1972,4976,A,10350,A,2080,A
130,454,Malawi,56,Maize (corn),1972,1190.9,E,1310000,A,1100000,E
28,104,Myanmar,56,Maize (corn),1972,702.3,A,55845,A,79513,A
62,230,Ethiopia PDR,56,Maize (corn),1972,1100.2,A,970500,A,882100,A
69,254,French Guiana,56,Maize (corn),1972,2000,A,500,A,250,A
156,554,New Zealand,56,Maize (corn),1972,7849.9,A,116226,A,14806,A
169,600,Paraguay,56,Maize (corn),1972,1135,A,209300,A,184400,A
184,646,Rwanda,56,Maize (corn),1972,1000,A,49917,A,49917,A
86,308,Grenada,56,Maize (corn),1972,865.4,E,450,E,520,E
15,58,Belgium-Luxembourg,56,Maize (corn),1973,6400.3,A,27022,A,4222,A
27,100,Bulgaria,56,Maize (corn),1973,4114.6,A,2565280,A,623464,A
33,124,Canada,56,Maize (corn),1973,5288.1,A,2803381,A,530131,A
39,148,Chad,56,Maize (corn),1973,1896.6,A,11000,A,5800,A
56,214,Dominican Republic,56,Maize (corn),1973,1864,E,46600,A,25000,X
59,818,Egypt,56,Maize (corn),1973,3605.3,A,2508031,A,695652,A
60,222,El Salvador,56,Maize (corn),1973,2016.6,A,405520,A,201089,A
68,250,France,56,Maize (corn),1973,5621.7,A,10698000,A,1903000,A
74,266,Gabon,56,Maize (corn),1973,1489.4,E,7000,E,4700,E
90,324,Guinea,56,Maize (corn),1973,1150,A,66320,A,57670,A
91,328,Guyana,56,Maize (corn),1973,1806.4,A,3331,A,1844,A
93,332,Haiti,56,Maize (corn),1973,887,A,204000,A,230000,A
103,368,Iraq,56,Maize (corn),1973,1910.8,A,19108,A,10000,A
114,404,Kenya,56,Maize (corn),1973,1289.7,E,1870000,E,1450000,E
115,116,Cambodia,56,Maize (corn),1973,1161.3,A,72700,A,62600,A
138,484,Mexico,56,Maize (corn),1973,1131.8,A,8609132,A,7606341,A
156,554,New Zealand,56,Maize (corn),1973,9138.8,A,117507,A,12858,A
168,598,Papua New Guinea,56,Maize (corn),1973,428.6,A,39,A,91,A
182,638,Réunion,56,Maize (corn),1973,3984.4,A,11714,A,2940,A
184,646,Rwanda,56,Maize (corn),1973,990.7,A,54755,A,55270,A
189,662,Saint Lucia,56,Maize (corn),1973,632.7,A,31,A,49,A
203,724,Spain,56,Maize (corn),1973,3898.8,A,2037900,A,522700,A
207,740,Suriname,56,Maize (corn),1973,1684.6,A,251,A,149,A
217,768,Togo,56,Maize (corn),1973,1117.9,A,115704,A,103500,A
231,840,United States of America,56,Maize (corn),1973,5727.8,A,144041760,A,25148032,A
237,704,Viet Nam,56,Maize (corn),1973,1252.1,E,300500,E,240000,E
249,887,Yemen,56,Maize (corn),1973,1578.9,X,45000,X,28500,X
23,84,Belize,56,Maize (corn),1973,1640.2,A,16102,A,9817,A
53,204,Benin,56,Maize (corn),1973,721.2,A,238200,A,330300,A
40,152,Chile,56,Maize (corn),1973,3403.4,A,294016,A,86390,A
48,188,Costa Rica,56,Maize (corn),1973,1082.2,A,65476,A,60503,A
55,212,Dominica,56,Maize (corn),1973,1285.7,E,180,E,140,E
209,748,Eswatini,56,Maize (corn),1973,1132,A,87834,A,77590,A
66,242,Fiji,56,Maize (corn),1973,3685.5,E,1500,E,407,A
75,270,Gambia,56,Maize (corn),1973,1214.3,E,5100,E,4200,E
84,300,Greece,56,Maize (corn),1973,3782.4,A,604800,A,159900,A
86,308,Grenada,56,Maize (corn),1973,855.6,E,385,A,450,E
175,624,Guinea-Bissau,56,Maize (corn),1973,750,A,3000,A,4000,A
97,348,Hungary,56,Maize (corn),1973,4046.2,A,5963241,A,1473800,A
102,364,Iran (Islamic Republic of),56,Maize (corn),1973,2066.7,E,31000,A,15000,E
105,376,Israel,56,Maize (corn),1973,6060.6,A,12000,A,1980,A
109,388,Jamaica,56,Maize (corn),1973,1134.2,A,3896,A,3435,A
124,434,Libya,56,Maize (corn),1973,1495,A,1208,A,808,A
28,104,Myanmar,56,Maize (corn),1973,768.7,A,61877,A,80493,A
174,620,Portugal,56,Maize (corn),1973,1419.3,A,558796,A,393714,A
177,630,Puerto Rico,56,Maize (corn),1973,922.9,A,503,A,545,A
117,410,Republic of Korea,56,Maize (corn),1973,1492.9,A,54000,A,36172,A
195,686,Senegal,56,Maize (corn),1973,861,A,33800,A,39256,A
201,706,Somalia,56,Maize (corn),1973,975.9,E,81000,A,83000,E
176,626,Timor-Leste,56,Maize (corn),1973,1042.5,E,11363,A,10900,E
228,810,USSR,56,Maize (corn),1973,3069.3,A,10138000,A,3303000,A
215,834,United Republic of Tanzania,56,Maize (corn),1973,887,E,887000,A,1000000,E
10,36,Australia,56,Maize (corn),1973,2342.3,A,138800,A,59259,A
12,44,Bahamas,56,Maize (corn),1973,1000,E,580,E,580,E
112,400,Jordan,56,Maize (corn),1973,814.1,A,162,A,199,A
149,524,Nepal,56,Maize (corn),1973,1794.8,A,813583,A,453312,A
153,540,New Caledonia,56,Maize (corn),1973,2631.6,E,1000,A,380,E
166,591,Panama,56,Maize (corn),1973,810.6,A,54795,A,67600,A
173,616,Poland,56,Maize (corn),1973,3714.3,A,13000,A,3500,A
183,642,Romania,56,Maize (corn),1973,2501.8,A,7397200,A,2956800,A
191,670,Saint Vincent and the Grenadines,56,Maize (corn),1973,3142.9,E,440,E,140,E
193,678,Sao Tome and Principe,56,Maize (corn),1973,1529.4,E,520,E,340,E
194,682,Saudi Arabia,56,Maize (corn),1973,692.8,A,918,A,1325,A
38,144,Sri Lanka,56,Maize (corn),1973,708.4,A,20677,A,29187,A
212,760,Syrian Arab Republic,56,Maize (corn),1973,278.9,A,15430,A,55316,A
220,780,Trinidad and Tobago,56,Maize (corn),1973,3920.9,A,3270,A,834,A
229,826,United Kingdom of Great Britain and Northern Ireland,56,Maize (corn),1973,4000,E,6000,A,1500,E
234,858,Uruguay,56,Maize (corn),1973,1012.3,A,228575,A,225800,A
155,548,Vanuatu,56,Maize (corn),1973,500,E,500,E,1000,A
248,890,Yugoslav SFR,56,Maize (corn),1973,3471.3,A,8253000,A,2377475,A
251,894,Zambia,56,Maize (corn),1973,891.5,E,873632,A,980000,E
3,8,Albania,56,Maize (corn),1973,2000,A,211600,A,105800,A
46,178,Congo,56,Maize (corn),1973,538.5,E,7000,A,13000,E
79,276,Germany,56,Maize (corn),1973,5335.3,A,586399,A,109909,A
87,312,Guadeloupe,56,Maize (corn),1973,2100,A,1050,A,500,A
121,422,Lebanon,56,Maize (corn),1973,726.2,A,891,A,1227,A
131,458,Malaysia,56,Maize (corn),1973,2400.1,E,15519,X,6466,A
137,480,Mauritius,56,Maize (corn),1973,2065.4,A,442,A,214,A
144,508,Mozambique,56,Maize (corn),1973,808.8,X,550000,X,680000,X
158,562,Niger,56,Maize (corn),1973,494.7,A,2562,A,5179,A
159,566,Nigeria,56,Maize (corn),1973,648.5,A,808000,A,1246000,A
181,716,Zimbabwe,56,Maize (corn),1973,1208.8,A,955358,A,790335,A
250,180,Democratic Republic of the Congo,56,Maize (corn),1973,724.1,A,459100,A,634000,A
2,4,Afghanistan,56,Maize (corn),1973,1617,A,760000,A,470000,A
9,32,Argentina,56,Maize (corn),1973,2720.6,A,9700000,A,3565400,A
11,40,Austria,56,Maize (corn),1973,6570,A,965974,A,147028,A
18,64,Bhutan,56,Maize (corn),1973,1398.7,E,67000,E,47900,E
44,170,Colombia,56,Maize (corn),1973,1273.7,A,739100,A,580300,A
45,174,Comoros,56,Maize (corn),1973,1057.1,E,3700,E,3500,E
49,192,Cuba,56,Maize (corn),1973,826.6,A,86924,A,105160,A
51,200,Czechoslovakia,56,Maize (corn),1973,4026.7,A,618865,A,153691,A
107,384,Côte d'Ivoire,56,Maize (corn),1973,668.6,A,232000,A,347000,A
110,392,Japan,56,Maize (corn),1973,2833.3,A,17000,A,6000,A
120,418,Lao People's Democratic Republic,56,Maize (corn),1973,1763.2,A,26800,A,15200,A
157,558,Nicaragua,56,Maize (corn),1973,931,A,191190,A,205356,A
169,600,Paraguay,56,Maize (corn),1973,1325.4,A,246000,A,185600,A
197,694,Sierra Leone,56,Maize (corn),1973,990.5,E,10400,A,10500,E
202,710,South Africa,56,Maize (corn),1973,1057.1,A,4202000,A,3975000,A
216,764,Thailand,56,Maize (corn),1973,2227.6,E,2339000,A,1050000,E
223,792,Türkiye,56,Maize (corn),1973,1782.8,A,1100000,A,617000,A
225,784,United Arab Emirates,56,Maize (corn),1973,,,,M,,M
7,24,Angola,56,Maize (corn),1973,728.8,X,430000,X,590000,X
14,52,Barbados,56,Maize (corn),1973,2631.6,E,2000,X,760,E
19,68,Bolivia (Plurinational State of),56,Maize (corn),1973,1281.8,A,275825,A,215186,A
29,108,Burundi,56,Maize (corn),1973,1150.7,E,135782,A,118000,E
89,320,Guatemala,56,Maize (corn),1973,1636.3,A,812680,A,496669,A
101,360,Indonesia,56,Maize (corn),1973,1074.8,A,3689800,A,3433170,A
118,414,Kuwait,56,Maize (corn),1973,4333.3,A,13,A,3,A
130,454,Malawi,56,Maize (corn),1973,1114.6,E,1281845,A,1150000,E
133,466,Mali,56,Maize (corn),1973,840,E,63000,X,75000,E
4,12,Algeria,56,Maize (corn),1973,1179.5,A,5343,A,4530,A
20,72,Botswana,56,Maize (corn),1973,446,E,22300,A,50000,E
37,140,Central African Republic,56,Maize (corn),1973,570,E,45600,A,80000,E
69,254,French Guiana,56,Maize (corn),1973,2000,A,500,A,250,A
106,380,Italy,56,Maize (corn),1973,5610.1,A,4994700,A,890300,A
129,450,Madagascar,56,Maize (corn),1973,1018.7,A,107870,A,105890,A
143,504,Morocco,56,Maize (corn),1973,486.8,A,217300,A,446400,A
165,586,Pakistan,56,Maize (corn),1973,1213.5,A,767727,A,632652,A
211,756,Switzerland,56,Maize (corn),1973,6889.7,A,134900,A,19580,A
8,28,Antigua and Barbuda,56,Maize (corn),1973,2000,E,28,A,14,E
58,218,Ecuador,56,Maize (corn),1973,928.4,A,245661,A,264620,A
81,288,Ghana,56,Maize (corn),1973,1052.5,A,426800,A,405500,A
122,426,Lesotho,56,Maize (corn),1973,608.7,A,70000,A,115000,A
171,608,Philippines,56,Maize (corn),1973,828,A,2257535,A,2726390,A
206,736,Sudan (former),56,Maize (corn),1973,662.3,A,37000,A,55870,A
21,76,Brazil,56,Maize (corn),1973,1429.5,A,14185877,A,9923570,A
95,340,Honduras,56,Maize (corn),1973,1193.5,A,342561,A,287011,A
132,462,Maldives,56,Maize (corn),1973,1000,E,4,A,4,E
136,478,Mauritania,56,Maize (corn),1973,250,E,1500,A,6000,E
233,854,Burkina Faso,56,Maize (corn),1973,657.8,A,58330,A,88680,A
32,120,Cameroon,56,Maize (corn),1973,861.5,E,448000,E,520000,E
214,158,"China, Taiwan Province of",56,Maize (corn),1973,2757.3,A,84175,A,30528,A
116,408,Democratic People's Republic of Korea,56,Maize (corn),1973,2841.3,E,1790000,X,630000,E
100,356,India,56,Maize (corn),1973,964.8,A,5803500,A,6015400,A
41,156,"China, mainland",56,Maize (corn),1973,2333.6,A,38630000,A,16554000,A
62,230,Ethiopia PDR,56,Maize (corn),1973,1020,A,888400,A,871000,A
16,50,Bangladesh,56,Maize (corn),1973,874.4,A,2382,A,2724,A
150,528,Netherlands (Kingdom of the),56,Maize (corn),1973,3666.7,A,11000,A,3000,A
236,862,Venezuela (Bolivarian Republic of),56,Maize (corn),1973,1035.3,A,454423,A,438918,A
147,516,Namibia,56,Maize (corn),1973,1250,E,25000,E,20000,E
170,604,Peru,56,Maize (corn),1973,1634.8,A,599490,A,366715,A
226,800,Uganda,56,Maize (corn),1973,1334.4,A,419000,A,314000,A
35,132,Cabo Verde,56,Maize (corn),1973,238,E,714,A,3000,E
7,24,Angola,56,Maize (corn),1974,666.7,X,400000,X,600000,X
20,72,Botswana,56,Maize (corn),1974,484.3,E,33900,A,70000,E
23,84,Belize,56,Maize (corn),1974,1120.8,A,12791,A,11412,A
51,200,Czechoslovakia,56,Maize (corn),1974,4010.4,A,573500,A,143004,A
62,230,Ethiopia PDR,56,Maize (corn),1974,1000,A,882000,A,882000,A
66,242,Fiji,56,Maize (corn),1974,1781.1,A,415,A,233,A
75,270,Gambia,56,Maize (corn),1974,1066.7,E,4800,E,4500,E
81,288,Ghana,56,Maize (corn),1974,1143.1,A,485700,A,424900,A
90,324,Guinea,56,Maize (corn),1974,1167.2,A,67988,A,58250,A
106,380,Italy,56,Maize (corn),1974,5594.6,A,4979200,A,890000,A
107,384,Côte d'Ivoire,56,Maize (corn),1974,641.7,A,240000,A,374000,A
144,508,Mozambique,56,Maize (corn),1974,661.8,X,450000,X,680000,X
147,516,Namibia,56,Maize (corn),1974,1238.1,E,26000,E,21000,E
155,548,Vanuatu,56,Maize (corn),1974,500,E,500,E,1000,A
159,566,Nigeria,56,Maize (corn),1974,911.9,A,528000,A,579000,A
165,586,Pakistan,56,Maize (corn),1974,1217.1,A,746898,A,613672,A
171,608,Philippines,56,Maize (corn),1974,835.2,A,2513865,A,3009910,A
173,616,Poland,56,Maize (corn),1974,4042.6,A,19000,A,4700,A
193,678,Sao Tome and Principe,56,Maize (corn),1974,1514.3,E,530,E,350,E
209,748,Eswatini,56,Maize (corn),1974,1547.6,A,117254,A,75766,A
225,784,United Arab Emirates,56,Maize (corn),1974,,,,M,,M
226,800,Uganda,56,Maize (corn),1974,1108.2,A,430000,A,388000,A
8,28,Antigua and Barbuda,56,Maize (corn),1974,2055.6,E,37,A,18,E
16,50,Bangladesh,56,Maize (corn),1974,887.8,A,2358,A,2656,A
27,100,Bulgaria,56,Maize (corn),1974,3107.8,A,1626491,A,523352,A
233,854,Burkina Faso,56,Maize (corn),1974,562.6,E,73136,A,130000,E
39,148,Chad,56,Maize (corn),1974,2053.6,A,11500,A,5600,A
49,192,Cuba,56,Maize (corn),1974,1048.4,A,94821,A,90443,A
58,218,Ecuador,56,Maize (corn),1974,941.7,A,255780,A,271615,A
93,332,Haiti,56,Maize (corn),1974,1020,A,204000,A,200000,A
102,364,Iran (Islamic Republic of),56,Maize (corn),1974,3125,A,50000,A,16000,A
122,426,Lesotho,56,Maize (corn),1974,944.8,A,122542,A,129708,A
129,450,Madagascar,56,Maize (corn),1974,1046,A,118010,A,112825,A
136,478,Mauritania,56,Maize (corn),1974,333.3,E,2000,E,6000,E
138,484,Mexico,56,Maize (corn),1974,1168.3,A,7847763,A,6717234,A
166,591,Panama,56,Maize (corn),1974,786.3,A,59363,A,75500,A
170,604,Peru,56,Maize (corn),1974,1663.5,A,605632,A,364070,A
177,630,Puerto Rico,56,Maize (corn),1974,945.8,E,454,A,480,E
183,642,Romania,56,Maize (corn),1974,2510.8,A,7439600,A,2963000,A
203,724,Spain,56,Maize (corn),1974,3981,A,1992500,A,500500,A
211,756,Switzerland,56,Maize (corn),1974,5797.8,A,127900,A,22060,A
217,768,Togo,56,Maize (corn),1974,1177.4,A,125397,A,106500,A
237,704,Viet Nam,56,Maize (corn),1974,1260,E,315000,E,250000,E
248,890,Yugoslav SFR,56,Maize (corn),1974,3559.6,A,8031000,A,2256129,A
251,894,Zambia,56,Maize (corn),1974,1027.2,E,1146360,A,1116000,X
181,716,Zimbabwe,56,Maize (corn),1974,2031.1,A,2104356,A,1036058,A
3,8,Albania,56,Maize (corn),1974,2198.1,E,233000,E,106000,E
10,36,Australia,56,Maize (corn),1974,2319.9,A,105800,A,45606,A
15,58,Belgium-Luxembourg,56,Maize (corn),1974,5146.2,A,24815,A,4822,A
53,204,Benin,56,Maize (corn),1974,756.9,A,228300,A,301644,A
19,68,Bolivia (Plurinational State of),56,Maize (corn),1974,1260.5,A,276660,A,219485,A
21,76,Brazil,56,Maize (corn),1974,1524.8,A,16273227,A,10672450,A
32,120,Cameroon,56,Maize (corn),1974,909.1,E,500000,E,550000,E
44,170,Colombia,56,Maize (corn),1974,1388.4,A,791500,A,570100,A
60,222,El Salvador,56,Maize (corn),1974,1668.1,A,352751,A,211470,A
175,624,Guinea-Bissau,56,Maize (corn),1974,700,E,3500,E,5000,E
95,340,Honduras,56,Maize (corn),1974,1200.1,A,343557,A,286284,A
97,348,Hungary,56,Maize (corn),1974,4238.5,A,6247109,A,1473900,A
105,376,Israel,56,Maize (corn),1974,7000,A,13650,A,1950,A
110,392,Japan,56,Maize (corn),1974,2490.6,A,13300,A,5340,A
120,418,Lao People's Democratic Republic,56,Maize (corn),1974,1710.7,A,27200,A,15900,A
130,454,Malawi,56,Maize (corn),1974,1153.2,E,1280000,X,1110000,E
132,462,Maldives,56,Maize (corn),1974,1000,E,30,A,30,E
137,480,Mauritius,56,Maize (corn),1974,2469.2,A,1684,A,682,A
38,144,Sri Lanka,56,Maize (corn),1974,669.7,A,22636,A,33798,A
176,626,Timor-Leste,56,Maize (corn),1974,1071.4,E,15000,E,14000,E
223,792,Türkiye,56,Maize (corn),1974,1935.5,A,1200000,A,620000,A
4,12,Algeria,56,Maize (corn),1974,1350.6,A,4295,A,3180,A
11,40,Austria,56,Maize (corn),1974,5760.1,A,856639,A,148720,A
12,44,Bahamas,56,Maize (corn),1974,1000,E,595,E,595,E
28,104,Myanmar,56,Maize (corn),1974,820.5,A,65027,A,79252,A
33,124,Canada,56,Maize (corn),1974,4433.9,A,2619700,A,590833,A
45,174,Comoros,56,Maize (corn),1974,1055.6,E,3800,E,3600,E
46,178,Congo,56,Maize (corn),1974,605.4,A,11763,A,19431,A
79,276,Germany,56,Maize (corn),1974,4819.5,A,523800,A,108683,A
89,320,Guatemala,56,Maize (corn),1974,1423.1,A,799489,A,561791,A
112,400,Jordan,56,Maize (corn),1974,1540.5,A,399,A,259,A
118,414,Kuwait,56,Maize (corn),1974,3000,A,3,A,1,A
124,434,Libya,56,Maize (corn),1974,1643.1,A,1206,A,734,A
182,638,Réunion,56,Maize (corn),1974,4415.5,A,13114,A,2970,A
195,686,Senegal,56,Maize (corn),1974,890.4,A,43293,A,48624,A
206,736,Sudan (former),56,Maize (corn),1974,544.9,A,45000,A,82584,A
212,760,Syrian Arab Republic,56,Maize (corn),1974,347.5,A,19220,A,55316,A
216,764,Thailand,56,Maize (corn),1974,2332.1,A,2500000,A,1072000,A
231,840,United States of America,56,Maize (corn),1974,4511.9,A,119420320,A,26468096,A
249,887,Yemen,56,Maize (corn),1974,1714.7,A,51193,A,29856,A
29,108,Burundi,56,Maize (corn),1974,987.5,E,108626,A,110000,E
40,152,Chile,56,Maize (corn),1974,3410.9,A,366300,A,107390,A
55,212,Dominica,56,Maize (corn),1974,1285.7,E,180,E,140,E
56,214,Dominican Republic,56,Maize (corn),1974,1682.8,E,48800,A,29000,X
59,818,Egypt,56,Maize (corn),1974,3579.2,A,2641307,A,737950,A
131,458,Malaysia,56,Maize (corn),1974,2474.1,E,23257,X,9400,E
174,620,Portugal,56,Maize (corn),1974,1410,A,532000,A,377300,A
189,662,Saint Lucia,56,Maize (corn),1974,700,E,35,E,50,E
191,670,Saint Vincent and the Grenadines,56,Maize (corn),1974,3142.9,E,440,E,140,E
228,810,USSR,56,Maize (corn),1974,3060.4,A,12104000,A,3955000,A
229,826,United Kingdom of Great Britain and Northern Ireland,56,Maize (corn),1974,3000,A,3000,A,1000,A
234,858,Uruguay,56,Maize (corn),1974,1169.3,A,225235,A,192627,A
35,132,Cabo Verde,56,Maize (corn),1974,314.3,E,2200,X,7000,E
100,356,India,56,Maize (corn),1974,948.1,A,5558900,A,5863100,A
168,598,Papua New Guinea,56,Maize (corn),1974,1454.5,A,96,A,66,A
184,646,Rwanda,56,Maize (corn),1974,1018.1,A,63696,A,62561,A
197,694,Sierra Leone,56,Maize (corn),1974,972.7,E,10700,A,11000,E
202,710,South Africa,56,Maize (corn),1974,2299.4,A,11083000,A,4820000,A
207,740,Suriname,56,Maize (corn),1974,1608.3,A,193,A,120,A
220,780,Trinidad and Tobago,56,Maize (corn),1974,3922.8,A,4064,A,1036,A
14,52,Barbados,56,Maize (corn),1974,2614.4,E,2000,X,765,E
41,156,"China, mainland",56,Maize (corn),1974,2467.7,A,42920000,A,17393008,A
87,312,Guadeloupe,56,Maize (corn),1974,1900,A,950,A,500,A
121,422,Lebanon,56,Maize (corn),1974,853.9,A,1216,A,1424,A
133,466,Mali,56,Maize (corn),1974,966.7,E,87000,A,90000,X
149,524,Nepal,56,Maize (corn),1974,1804.8,A,826653,A,458027,A
153,540,New Caledonia,56,Maize (corn),1974,2794.1,E,950,E,340,E
156,554,New Zealand,56,Maize (corn),1974,7055.3,A,88304,A,12516,A
84,300,Greece,56,Maize (corn),1974,3503.8,A,459000,A,131000,A
86,308,Grenada,56,Maize (corn),1974,769,A,426,A,554,A
157,558,Nicaragua,56,Maize (corn),1974,775.6,A,203044,A,261800,A
194,682,Saudi Arabia,56,Maize (corn),1974,669.6,A,3839,A,5733,A
236,862,Venezuela (Bolivarian Republic of),56,Maize (corn),1974,1197.6,A,553761,A,462383,A
214,158,"China, Taiwan Province of",56,Maize (corn),1974,2758.2,A,107098,A,38829,A
48,188,Costa Rica,56,Maize (corn),1974,1473.5,A,60519,A,41071,A
68,250,France,56,Maize (corn),1974,4558.7,A,8698000,A,1908000,A
69,254,French Guiana,56,Maize (corn),1974,2000,A,500,A,250,A
74,266,Gabon,56,Maize (corn),1974,1495.8,E,7928,A,5300,E
91,328,Guyana,56,Maize (corn),1974,2242.2,A,2722,A,1214,A
109,388,Jamaica,56,Maize (corn),1974,1546,A,9842,A,6366,A
114,404,Kenya,56,Maize (corn),1974,1344.8,E,1950000,E,1450000,E
143,504,Morocco,56,Maize (corn),1974,869.7,A,389000,A,447300,A
150,528,Netherlands (Kingdom of the),56,Maize (corn),1974,5000,A,10000,A,2000,A
169,600,Paraguay,56,Maize (corn),1974,1366.3,A,281595,A,206100,A
2,4,Afghanistan,56,Maize (corn),1974,1617,A,770000,A,476200,A
9,32,Argentina,56,Maize (corn),1974,2839.9,A,9900000,A,3486000,A
116,408,Democratic People's Republic of Korea,56,Maize (corn),1974,2946.2,E,1915000,X,650000,E
115,116,Cambodia,56,Maize (corn),1974,1166.7,E,70000,E,60000,E
250,180,Democratic Republic of the Congo,56,Maize (corn),1974,727.2,A,476800,A,655700,A
103,368,Iraq,56,Maize (corn),1974,2091.3,E,14639,A,7000,E
158,562,Niger,56,Maize (corn),1974,612.6,A,3697,A,6035,A
117,410,Republic of Korea,56,Maize (corn),1974,1734.7,A,61000,A,35165,A
215,834,United Republic of Tanzania,56,Maize (corn),1974,691.8,E,761000,A,1100000,E
37,140,Central African Republic,56,Maize (corn),1974,388.6,A,45754,A,117736,A
101,360,Indonesia,56,Maize (corn),1974,1129,A,3010780,A,2666870,A
18,64,Bhutan,56,Maize (corn),1974,1400.8,E,68500,E,48900,E
201,706,Somalia,56,Maize (corn),1974,975.8,E,88800,A,91000,E
4,12,Algeria,56,Maize (corn),1975,1805.9,A,6718,A,3720,A
9,32,Argentina,56,Maize (corn),1975,2508.1,A,7700000,A,3070000,A
10,36,Australia,56,Maize (corn),1975,2593.6,A,133300,A,51395,A
23,84,Belize,56,Maize (corn),1975,1040.8,A,11793,A,11331,A
37,140,Central African Republic,56,Maize (corn),1975,420.4,A,41000,A,97535,A
68,250,France,56,Maize (corn),1975,4184,A,8209000,A,1962000,A
79,276,Germany,56,Maize (corn),1975,5516.9,A,532412,A,96506,A
84,300,Greece,56,Maize (corn),1975,3842.5,A,488000,A,127000,A
89,320,Guatemala,56,Maize (corn),1975,1671.5,A,933542,A,558500,A
110,392,Japan,56,Maize (corn),1975,2687.1,A,14000,A,5210,A
114,404,Kenya,56,Maize (corn),1975,1413.8,E,2050000,E,1450000,A
116,408,Democratic People's Republic of Korea,56,Maize (corn),1975,2985.1,E,2000000,E,670000,E
144,508,Mozambique,56,Maize (corn),1975,416.7,X,250000,X,600000,X
193,678,Sao Tome and Principe,56,Maize (corn),1975,1527.8,E,550,A,360,E
202,710,South Africa,56,Maize (corn),1975,1907.1,A,9139000,A,4792000,A
216,764,Thailand,56,Maize (corn),1975,2375.2,A,2863168,A,1205440,A
223,792,Türkiye,56,Maize (corn),1975,2008.4,A,1200000,A,597500,A
237,704,Viet Nam,56,Maize (corn),1975,1050.5,A,280600,A,267100,A
248,890,Yugoslav SFR,56,Maize (corn),1975,3973.7,A,9389700,A,2362966,A
12,44,Bahamas,56,Maize (corn),1975,1009.9,E,610,E,604,E
29,108,Burundi,56,Maize (corn),1975,1142.8,E,137140,A,120000,E
33,124,Canada,56,Maize (corn),1975,5740.5,A,3644866,A,634943,A
45,174,Comoros,56,Maize (corn),1975,1052.6,E,4000,E,3800,E
46,178,Congo,56,Maize (corn),1975,600,A,16850,A,28083,A
107,384,Côte d'Ivoire,56,Maize (corn),1975,521.7,A,264000,A,506000,A
250,180,Democratic Republic of the Congo,56,Maize (corn),1975,733.8,A,495400,A,675100,A
58,218,Ecuador,56,Maize (corn),1975,997.3,A,273027,A,273763,A
60,222,El Salvador,56,Maize (corn),1975,1784.2,A,439245,A,246190,A
209,748,Eswatini,56,Maize (corn),1975,1425.4,A,93911,A,65886,A
81,288,Ghana,56,Maize (corn),1975,1074.1,A,343400,A,319700,A
91,328,Guyana,56,Maize (corn),1975,1913,A,5806,A,3035,A
102,364,Iran (Islamic Republic of),56,Maize (corn),1975,2166.7,E,65000,A,30000,X
124,434,Libya,56,Maize (corn),1975,1195.3,A,1175,A,983,A
136,478,Mauritania,56,Maize (corn),1975,312.5,E,2500,A,8000,E
138,484,Mexico,56,Maize (corn),1975,1262.1,A,8448708,A,6694267,A
153,540,New Caledonia,56,Maize (corn),1975,3000,A,912,A,304,A
170,604,Peru,56,Maize (corn),1975,1750.6,A,634687,A,362560,A
174,620,Portugal,56,Maize (corn),1975,1290.3,A,505800,A,392000,A
183,642,Romania,56,Maize (corn),1975,2796.2,A,9240661,A,3304691,A
197,694,Sierra Leone,56,Maize (corn),1975,981.8,E,10800,A,11000,E
225,784,United Arab Emirates,56,Maize (corn),1975,,,,M,,M
234,858,Uruguay,56,Maize (corn),1975,1027.8,A,157135,A,152892,A
236,862,Venezuela (Bolivarian Republic of),56,Maize (corn),1975,1290.9,A,653412,A,506151,A
7,24,Angola,56,Maize (corn),1975,750,X,450000,X,600000,X
11,40,Austria,56,Maize (corn),1975,6820,A,980532,A,143773,A
14,52,Barbados,56,Maize (corn),1975,2614.4,E,2000,X,765,E
15,58,Belgium-Luxembourg,56,Maize (corn),1975,5916.8,A,37885,A,6403,A
115,116,Cambodia,56,Maize (corn),1975,1181.8,E,65000,E,55000,E
49,192,Cuba,56,Maize (corn),1975,1136.5,A,93536,A,82303,A
105,376,Israel,56,Maize (corn),1975,5794.6,A,14950,A,2580,A
109,388,Jamaica,56,Maize (corn),1975,1864.2,E,11185,A,6000,E
112,400,Jordan,56,Maize (corn),1975,1156.8,A,686,A,593,A
118,414,Kuwait,56,Maize (corn),1975,3000,E,3,E,1,E
133,466,Mali,56,Maize (corn),1975,868,A,70628,A,81372,A
143,504,Morocco,56,Maize (corn),1975,753.9,A,370700,A,491700,A
28,104,Myanmar,56,Maize (corn),1975,797.3,A,61369,A,76972,A
147,516,Namibia,56,Maize (corn),1975,1227.3,E,27000,E,22000,E
157,558,Nicaragua,56,Maize (corn),1975,920,A,192105,A,208810,A
171,608,Philippines,56,Maize (corn),1975,851,A,2717320,A,3193160,A
184,646,Rwanda,56,Maize (corn),1975,1075.1,A,67457,A,62745,A
194,682,Saudi Arabia,56,Maize (corn),1975,713.6,A,1774,A,2486,A
195,686,Senegal,56,Maize (corn),1975,866.5,A,48900,A,56437,A
201,706,Somalia,56,Maize (corn),1975,979.2,A,103800,A,106000,A
203,724,Spain,56,Maize (corn),1975,3698.9,A,1793600,A,484900,A
206,736,Sudan (former),56,Maize (corn),1975,601.2,A,50000,A,83170,A
176,626,Timor-Leste,56,Maize (corn),1975,1111.1,E,20000,E,18000,E
226,800,Uganda,56,Maize (corn),1975,1199,A,570000,A,475400,A
229,826,United Kingdom of Great Britain and Northern Ireland,56,Maize (corn),1975,3000,A,3000,A,1000,A
231,840,United States of America,56,Maize (corn),1975,5421.3,A,148361072,A,27366480,A
181,716,Zimbabwe,56,Maize (corn),1975,1757.5,A,1763075,A,1003170,A
16,50,Bangladesh,56,Maize (corn),1975,902.5,A,2239,A,2481,A
27,100,Bulgaria,56,Maize (corn),1975,4328.6,A,2822482,A,652061,A
32,120,Cameroon,56,Maize (corn),1975,1230.2,A,661620,A,537800,A
35,132,Cabo Verde,56,Maize (corn),1975,444.4,E,4000,E,9000,E
38,144,Sri Lanka,56,Maize (corn),1975,682.7,A,27100,A,39698,A
48,188,Costa Rica,56,Maize (corn),1975,1314.9,A,67767,A,51537,A
55,212,Dominica,56,Maize (corn),1975,1266.7,E,190,E,150,E
75,270,Gambia,56,Maize (corn),1975,1200,E,4800,A,4000,E
93,332,Haiti,56,Maize (corn),1975,923.1,A,180000,A,195000,A
97,348,Hungary,56,Maize (corn),1975,5017.6,A,7171695,A,1429300,A
122,426,Lesotho,56,Maize (corn),1975,651.8,A,70292,A,107844,A
130,454,Malawi,56,Maize (corn),1975,1000,E,1000000,X,1000000,E
155,548,Vanuatu,56,Maize (corn),1975,500,E,550,E,1100,E
156,554,New Zealand,56,Maize (corn),1975,7666.1,A,157599,A,20558,A
158,562,Niger,56,Maize (corn),1975,462.5,A,3700,A,8000,A
169,600,Paraguay,56,Maize (corn),1975,1351.1,A,300754,A,222600,A
191,670,Saint Vincent and the Grenadines,56,Maize (corn),1975,3214.3,E,450,E,140,E
212,760,Syrian Arab Republic,56,Maize (corn),1975,483.6,A,26752,A,55316,A
251,894,Zambia,56,Maize (corn),1975,1454.1,E,1483133,A,1020000,E
3,8,Albania,56,Maize (corn),1975,2700,E,270000,E,100000,E
19,68,Bolivia (Plurinational State of),56,Maize (corn),1975,1324.6,A,305000,A,230250,A
53,204,Benin,56,Maize (corn),1975,708.7,A,226500,A,319600,A
59,818,Egypt,56,Maize (corn),1975,3617.5,A,2780519,A,768640,A
87,312,Guadeloupe,56,Maize (corn),1975,1000,A,150,A,150,A
150,528,Netherlands (Kingdom of the),56,Maize (corn),1975,5384.6,A,7000,A,1300,A
165,586,Pakistan,56,Maize (corn),1975,1294.4,A,802476,A,619970,A
166,591,Panama,56,Maize (corn),1975,877.4,A,65212,A,74320,A
168,598,Papua New Guinea,56,Maize (corn),1975,1150.9,A,122,A,106,A
189,662,Saint Lucia,56,Maize (corn),1975,700,E,35,E,50,E
217,768,Togo,56,Maize (corn),1975,1233.7,A,135090,A,109500,A
39,148,Chad,56,Maize (corn),1975,1515.2,A,15000,A,9900,A
41,156,"China, mainland",56,Maize (corn),1975,2541.6,A,47220000,A,18579008,A
214,158,"China, Taiwan Province of",56,Maize (corn),1975,2773.3,A,137880,A,49717,A
120,418,Lao People's Democratic Republic,56,Maize (corn),1975,1555.6,E,28000,E,18000,E
121,422,Lebanon,56,Maize (corn),1975,1250,E,1500,X,1200,E
182,638,Réunion,56,Maize (corn),1975,4262.6,A,13214,A,3100,A
20,72,Botswana,56,Maize (corn),1975,717.5,E,28700,A,40000,E
51,200,Czechoslovakia,56,Maize (corn),1975,5489.6,A,842510,A,153473,A
66,242,Fiji,56,Maize (corn),1975,1294.1,A,198,A,153,A
69,254,French Guiana,56,Maize (corn),1975,2000,A,500,A,250,A
86,308,Grenada,56,Maize (corn),1975,878,E,439,A,500,E
131,458,Malaysia,56,Maize (corn),1975,1281.4,E,14318,X,11174,A
159,566,Nigeria,56,Maize (corn),1975,1371.8,A,1332000,A,971000,A
8,28,Antigua and Barbuda,56,Maize (corn),1975,1875,E,60,A,32,E
62,230,Ethiopia PDR,56,Maize (corn),1975,1122.5,A,840840,A,749100,A
74,266,Gabon,56,Maize (corn),1975,1396.2,E,7400,A,5300,E
100,356,India,56,Maize (corn),1975,1203.1,A,7255800,A,6030700,A
101,360,Indonesia,56,Maize (corn),1975,1187.3,A,2902890,A,2444870,A
106,380,Italy,56,Maize (corn),1975,5862.7,A,5258800,A,897000,A
129,450,Madagascar,56,Maize (corn),1975,1095.9,A,119675,A,109200,A
137,480,Mauritius,56,Maize (corn),1975,2296.2,A,1194,A,520,A
173,616,Poland,56,Maize (corn),1975,5332.3,A,78961,A,14808,A
117,410,Republic of Korea,56,Maize (corn),1975,1715.3,A,54186,A,31589,A
211,756,Switzerland,56,Maize (corn),1975,6539.5,A,140900,A,21546,A
215,834,United Republic of Tanzania,56,Maize (corn),1975,1242.7,E,1367000,A,1100000,E
249,887,Yemen,56,Maize (corn),1975,1847.4,A,52209,A,28261,A
44,170,Colombia,56,Maize (corn),1975,1261.7,A,722600,A,572700,A
233,854,Burkina Faso,56,Maize (corn),1975,587.3,A,84490,A,143860,A
21,76,Brazil,56,Maize (corn),1975,1504.8,A,16334516,A,10854687,A
90,324,Guinea,56,Maize (corn),1975,1150,A,67666,A,58840,A
103,368,Iraq,56,Maize (corn),1975,2480,A,23424,A,9445,A
228,810,USSR,56,Maize (corn),1975,2763.2,A,7328000,A,2652000,A
18,64,Bhutan,56,Maize (corn),1975,1400,E,70000,E,50000,E
207,740,Suriname,56,Maize (corn),1975,1849.3,A,270,A,146,A
40,152,Chile,56,Maize (corn),1975,3593.5,A,328987,A,91550,A
95,340,Honduras,56,Maize (corn),1975,1083.5,A,358129,A,330532,A
132,462,Maldives,56,Maize (corn),1975,1000,E,24,A,24,E
177,630,Puerto Rico,56,Maize (corn),1975,945.8,E,454,A,480,E
56,214,Dominican Republic,56,Maize (corn),1975,1844.9,E,46122,A,25000,X
175,624,Guinea-Bissau,56,Maize (corn),1975,666.7,E,4000,E,6000,E
149,524,Nepal,56,Maize (corn),1975,1652.5,A,747810,A,452520,A
220,780,Trinidad and Tobago,56,Maize (corn),1975,3921.4,A,4588,A,1170,A
2,4,Afghanistan,56,Maize (corn),1975,1611.6,A,780000,A,484000,A
2,4,Afghanistan,56,Maize (corn),1976,1659.8,A,800000,A,482000,A
4,12,Algeria,56,Maize (corn),1976,1278.7,A,2762,A,2160,A
11,40,Austria,56,Maize (corn),1976,5860,A,936428,A,159800,A
16,50,Bangladesh,56,Maize (corn),1976,897.4,A,2152,A,2398,A
39,148,Chad,56,Maize (corn),1976,1600,E,16000,A,10000,E
40,152,Chile,56,Maize (corn),1976,2578.8,A,247950,A,96150,A
59,818,Egypt,56,Maize (corn),1976,3834.3,A,3047000,A,794677,A
68,250,France,56,Maize (corn),1976,4030.5,A,5625000,A,1395600,A
79,276,Germany,56,Maize (corn),1976,4678.2,A,479726,A,102546,A
84,300,Greece,56,Maize (corn),1976,3945.3,A,505000,A,128000,A
106,380,Italy,56,Maize (corn),1976,5986.2,A,5320500,A,888800,A
132,462,Maldives,56,Maize (corn),1976,1000,E,14,A,14,E
137,480,Mauritius,56,Maize (corn),1976,2502.4,A,1584,A,633,A
150,528,Netherlands (Kingdom of the),56,Maize (corn),1976,5555.6,A,5000,A,900,A
176,626,Timor-Leste,56,Maize (corn),1976,1087,E,25000,E,23000,E
207,740,Suriname,56,Maize (corn),1976,1404.3,A,132,A,94,A
217,768,Togo,56,Maize (corn),1976,829.1,A,94520,A,114000,A
220,780,Trinidad and Tobago,56,Maize (corn),1976,4210.5,E,4000,E,950,E
226,800,Uganda,56,Maize (corn),1976,1280.2,A,674000,A,526470,A
228,810,USSR,56,Maize (corn),1976,3069.3,A,10138000,A,3303000,A
236,862,Venezuela (Bolivarian Republic of),56,Maize (corn),1976,1218.5,A,417424,A,342569,A
12,44,Bahamas,56,Maize (corn),1976,1021.2,E,625,E,612,E
44,170,Colombia,56,Maize (corn),1976,1364.8,A,883700,A,647500,A
48,188,Costa Rica,56,Maize (corn),1976,1530.4,A,91672,A,59902,A
209,748,Eswatini,56,Maize (corn),1976,1447.6,A,97463,A,67325,A
62,230,Ethiopia PDR,56,Maize (corn),1976,1870.5,A,1370550,A,732700,A
75,270,Gambia,56,Maize (corn),1976,1071.4,A,4500,A,4200,A
110,392,Japan,56,Maize (corn),1976,2619,A,11000,A,4200,A
121,422,Lebanon,56,Maize (corn),1976,1000,E,1000,E,1000,E
130,454,Malawi,56,Maize (corn),1976,1098,E,1098000,A,1000000,X
143,504,Morocco,56,Maize (corn),1976,1140.6,A,492500,A,431800,A
28,104,Myanmar,56,Maize (corn),1976,770.6,A,58321,A,75685,A
158,562,Niger,56,Maize (corn),1976,753.2,A,11900,A,15800,A
165,586,Pakistan,56,Maize (corn),1976,1224.2,A,763866,A,623992,A
194,682,Saudi Arabia,56,Maize (corn),1976,755.6,A,7304,A,9666,A
197,694,Sierra Leone,56,Maize (corn),1976,1038.5,A,13500,A,13000,A
201,706,Somalia,56,Maize (corn),1976,904.2,A,107600,A,119000,A
155,548,Vanuatu,56,Maize (corn),1976,500,E,600,E,1200,E
251,894,Zambia,56,Maize (corn),1976,1492.7,E,1641989,A,1100000,E
19,68,Bolivia (Plurinational State of),56,Maize (corn),1976,1526.9,A,338170,A,221480,A
66,242,Fiji,56,Maize (corn),1976,3702.3,A,1281,A,346,A
91,328,Guyana,56,Maize (corn),1976,929.2,A,2495,A,2685,A
93,332,Haiti,56,Maize (corn),1976,947.4,A,180000,A,190000,A
105,376,Israel,56,Maize (corn),1976,5669.3,A,14400,A,2540,A
118,414,Kuwait,56,Maize (corn),1976,3000,E,6,E,2,E
136,478,Mauritania,56,Maize (corn),1976,529.4,E,4500,E,8500,E
157,558,Nicaragua,56,Maize (corn),1976,887.1,A,201080,A,226660,A
177,630,Puerto Rico,56,Maize (corn),1976,945.8,E,227,A,240,E
183,642,Romania,56,Maize (corn),1976,3429.4,A,11583200,A,3377600,A
206,736,Sudan (former),56,Maize (corn),1976,434,A,35000,A,80650,A
211,756,Switzerland,56,Maize (corn),1976,6169.2,A,114500,A,18560,A
231,840,United States of America,56,Maize (corn),1976,5520.6,A,159751184,A,28937056,A
181,716,Zimbabwe,56,Maize (corn),1976,1806.5,A,1837752,A,1017301,A
14,52,Barbados,56,Maize (corn),1976,2614.4,E,2000,X,765,E
15,58,Belgium-Luxembourg,56,Maize (corn),1976,5278.1,A,30439,A,5767,A
35,132,Cabo Verde,56,Maize (corn),1976,454.5,E,5000,A,11000,E
45,174,Comoros,56,Maize (corn),1976,1050,E,4200,E,4000,E
55,212,Dominica,56,Maize (corn),1976,1333.3,E,200,E,150,E
86,308,Grenada,56,Maize (corn),1976,911.1,E,492,A,540,E
89,320,Guatemala,56,Maize (corn),1976,1334.2,A,845900,A,634000,A
95,340,Honduras,56,Maize (corn),1976,1020.6,A,388566,A,380705,A
100,356,India,56,Maize (corn),1976,1060.1,A,6361200,A,6000300,A
102,364,Iran (Islamic Republic of),56,Maize (corn),1976,2142.9,A,75000,A,35000,A
112,400,Jordan,56,Maize (corn),1976,1137.3,A,580,A,510,A
115,116,Cambodia,56,Maize (corn),1976,1363.6,E,75000,E,55000,E
116,408,Democratic People's Republic of Korea,56,Maize (corn),1976,3235.3,E,2200000,E,680000,E
122,426,Lesotho,56,Maize (corn),1976,579.2,A,49128,A,84827,A
149,524,Nepal,56,Maize (corn),1976,1790.4,A,797339,A,445350,A
171,608,Philippines,56,Maize (corn),1976,855.7,A,2774770,A,3242520,A
191,670,Saint Vincent and the Grenadines,56,Maize (corn),1976,3214.3,E,450,E,140,E
234,858,Uruguay,56,Maize (corn),1976,1220.6,A,210404,A,172380,A
3,8,Albania,56,Maize (corn),1976,3111.1,E,280000,E,90000,E
20,72,Botswana,56,Maize (corn),1976,783,E,62637,A,80000,E
41,156,"China, mainland",56,Maize (corn),1976,2506.6,A,48150000,A,19209008,A
60,222,El Salvador,56,Maize (corn),1976,1462.4,A,342429,A,234150,A
69,254,French Guiana,56,Maize (corn),1976,1666.7,A,500,A,300,A
109,388,Jamaica,56,Maize (corn),1976,1821.5,A,11093,A,6090,A
114,404,Kenya,56,Maize (corn),1976,1635.2,A,2600000,A,1590000,A
117,410,Republic of Korea,56,Maize (corn),1976,2316.7,A,69627,A,30054,A
120,418,Lao People's Democratic Republic,56,Maize (corn),1976,1044.2,A,30387,A,29100,A
131,458,Malaysia,56,Maize (corn),1976,1578.4,E,25500,E,16156,A
170,604,Peru,56,Maize (corn),1976,1882.7,A,725659,A,385445,A
184,646,Rwanda,56,Maize (corn),1976,1079.8,A,70627,A,65407,A
193,678,Sao Tome and Principe,56,Maize (corn),1976,1515.2,E,500,E,330,E
203,724,Spain,56,Maize (corn),1976,3578.6,A,1544900,A,431700,A
237,704,Viet Nam,56,Maize (corn),1976,1149.1,A,386800,A,336600,A
248,890,Yugoslav SFR,56,Maize (corn),1976,3836,A,9106000,A,2373800,A
7,24,Angola,56,Maize (corn),1976,750,X,450000,X,600000,X
21,76,Brazil,56,Maize (corn),1976,1596.7,A,17751072,A,11117570,A
27,100,Bulgaria,56,Maize (corn),1976,4145.9,A,3031270,A,731156,A
51,200,Czechoslovakia,56,Maize (corn),1976,3598.4,A,514218,A,142903,A
53,204,Benin,56,Maize (corn),1976,694.7,A,181800,A,261700,A
81,288,Ghana,56,Maize (corn),1976,1043.8,A,286000,A,274000,A
103,368,Iraq,56,Maize (corn),1976,2009.9,E,54980,A,27355,E
124,434,Libya,56,Maize (corn),1976,1104.2,A,1144,A,1036,A
133,466,Mali,56,Maize (corn),1976,857,A,76620,A,89400,A
159,566,Nigeria,56,Maize (corn),1976,1197.3,A,1068000,A,892000,A
174,620,Portugal,56,Maize (corn),1976,1165.6,A,428910,A,367989,A
182,638,Réunion,56,Maize (corn),1976,5393.5,A,13214,A,2450,A
189,662,Saint Lucia,56,Maize (corn),1976,700,E,35,E,50,E
215,834,United Republic of Tanzania,56,Maize (corn),1976,1114.6,E,1449000,A,1300000,X
249,887,Yemen,56,Maize (corn),1976,1661,X,49000,X,29500,X
10,36,Australia,56,Maize (corn),1976,2811.3,A,131466,A,46763,A
18,64,Bhutan,56,Maize (corn),1976,1399.2,E,71500,E,51100,E
29,108,Burundi,56,Maize (corn),1976,1132.8,E,138200,A,122000,E
49,192,Cuba,56,Maize (corn),1976,1240.1,X,94000,X,75800,X
56,214,Dominican Republic,56,Maize (corn),1976,2018.8,E,66621,A,33000,X
153,540,New Caledonia,56,Maize (corn),1976,2400,E,600,E,250,E
168,598,Papua New Guinea,56,Maize (corn),1976,1391.7,A,167,A,120,A
195,686,Senegal,56,Maize (corn),1976,1086.4,A,52800,A,48600,A
212,760,Syrian Arab Republic,56,Maize (corn),1976,920.9,A,50943,A,55316,A
214,158,"China, Taiwan Province of",56,Maize (corn),1976,2758,A,114215,A,41413,A
250,180,Democratic Republic of the Congo,56,Maize (corn),1976,727.7,A,503600,A,692000,A
23,84,Belize,56,Maize (corn),1976,1443.8,A,18144,A,12567,A
233,854,Burkina Faso,56,Maize (corn),1976,845.6,E,60041,A,71000,X
33,124,Canada,56,Maize (corn),1976,5302.5,A,3759500,A,709000,A
90,324,Guinea,56,Maize (corn),1976,1150,A,68425,A,59500,A
175,624,Guinea-Bissau,56,Maize (corn),1976,625,E,5000,E,8000,E
101,360,Indonesia,56,Maize (corn),1976,1227.7,A,2572140,A,2095050,A
129,450,Madagascar,56,Maize (corn),1976,1188,A,136045,A,114515,A
147,516,Namibia,56,Maize (corn),1976,1227.3,E,27000,E,22000,E
156,554,New Zealand,56,Maize (corn),1976,7087.3,A,184469,A,26028,A
216,764,Thailand,56,Maize (corn),1976,2386.2,A,2675195,A,1121120,A
9,32,Argentina,56,Maize (corn),1976,2116.9,A,5855000,A,2765900,A
32,120,Cameroon,56,Maize (corn),1976,888.7,A,465469,A,523737,A
37,140,Central African Republic,56,Maize (corn),1976,420,A,42000,A,100000,A
38,144,Sri Lanka,56,Maize (corn),1976,702.7,A,26900,A,38280,A
138,484,Mexico,56,Maize (corn),1976,1181.9,A,8017294,A,6783184,A
169,600,Paraguay,56,Maize (corn),1976,1365.9,A,351458,A,257300,A
173,616,Poland,56,Maize (corn),1976,4404.6,A,230810,A,52402,A
202,710,South Africa,56,Maize (corn),1976,1506.9,A,7518000,A,4989000,A
46,178,Congo,56,Maize (corn),1976,600,A,16980,A,28300,A
58,218,Ecuador,56,Maize (corn),1976,993.6,A,274987,A,276764,A
144,508,Mozambique,56,Maize (corn),1976,750,X,450000,X,600000,X
8,28,Antigua and Barbuda,56,Maize (corn),1976,1821.4,E,51,A,28,E
223,792,Türkiye,56,Maize (corn),1976,2192.5,A,1310000,A,597500,A
229,826,United Kingdom of Great Britain and Northern Ireland,56,Maize (corn),1976,2000,A,2000,A,1000,A
74,266,Gabon,56,Maize (corn),1976,1481.5,E,8000,A,5400,E
97,348,Hungary,56,Maize (corn),1976,3806.2,A,5141003,A,1350700,A
166,591,Panama,56,Maize (corn),1976,769.3,A,63971,A,83150,A
225,784,United Arab Emirates,56,Maize (corn),1976,,,,M,,M
87,312,Guadeloupe,56,Maize (corn),1976,1200,A,120,A,100,A
107,384,Côte d'Ivoire,56,Maize (corn),1976,476.8,A,247000,A,518000,A
3,8,Albania,56,Maize (corn),1977,3764.7,E,320000,E,85000,E
9,32,Argentina,56,Maize (corn),1977,3278,A,8300000,A,2532000,A
20,72,Botswana,56,Maize (corn),1977,544.6,E,35400,A,65000,E
33,124,Canada,56,Maize (corn),1977,5772.9,A,4249400,A,736100,A
41,156,"China, mainland",56,Maize (corn),1977,2515.5,A,49400000,A,19638000,A
44,170,Colombia,56,Maize (corn),1977,1296.8,A,752800,A,580500,A
55,212,Dominica,56,Maize (corn),1977,1333.3,E,200,E,150,E
62,230,Ethiopia PDR,56,Maize (corn),1977,1409.2,A,947810,A,672600,A
69,254,French Guiana,56,Maize (corn),1977,2000,E,1200,A,600,E
86,308,Grenada,56,Maize (corn),1977,906.3,E,571,A,630,E
150,528,Netherlands (Kingdom of the),56,Maize (corn),1977,7374.6,A,5000,A,678,A
153,540,New Caledonia,56,Maize (corn),1977,2931,A,425,A,145,A
157,558,Nicaragua,56,Maize (corn),1977,854.4,A,181330,A,212240,A
165,586,Pakistan,56,Maize (corn),1977,1251.2,A,820900,A,656100,A
168,598,Papua New Guinea,56,Maize (corn),1977,1037.2,A,585,A,564,A
182,638,Réunion,56,Maize (corn),1977,6292.4,A,13214,A,2100,A
189,662,Saint Lucia,56,Maize (corn),1977,700,E,35,E,50,E
194,682,Saudi Arabia,56,Maize (corn),1977,643.4,A,4005,A,6225,A
203,724,Spain,56,Maize (corn),1977,4481.8,A,1892200,A,422200,A
217,768,Togo,56,Maize (corn),1977,994.2,A,123731,A,124450,A
223,792,Türkiye,56,Maize (corn),1977,2181,A,1265000,A,580000,A
228,810,USSR,56,Maize (corn),1977,3271.9,A,11000000,A,3362000,A
7,24,Angola,56,Maize (corn),1977,583.3,X,350000,X,600000,X
16,50,Bangladesh,56,Maize (corn),1977,840.5,A,1961,A,2333,A
18,64,Bhutan,56,Maize (corn),1977,1401.2,E,73000,E,52100,E
32,120,Cameroon,56,Maize (corn),1977,897.8,A,477338,A,531654,A
48,188,Costa Rica,56,Maize (corn),1977,1802.2,E,84703,A,47000,X
51,200,Czechoslovakia,56,Maize (corn),1977,4701.2,A,792408,A,168556,A
116,408,Democratic People's Republic of Korea,56,Maize (corn),1977,3333.3,E,2300000,E,690000,E
209,748,Eswatini,56,Maize (corn),1977,1275.7,A,68764,A,53902,A
74,266,Gabon,56,Maize (corn),1977,1508.8,E,8600,A,5700,E
75,270,Gambia,56,Maize (corn),1977,1129,E,7000,A,6200,E
90,324,Guinea,56,Maize (corn),1977,1076.9,E,70000,E,65000,E
137,480,Mauritius,56,Maize (corn),1977,2496.2,A,1328,A,532,A
138,484,Mexico,56,Maize (corn),1977,1357.2,A,10137914,A,7469649,A
156,554,New Zealand,56,Maize (corn),1977,7366.1,A,210419,A,28566,A
183,642,Romania,56,Maize (corn),1977,3048.4,A,10113559,A,3317671,A
215,834,United Republic of Tanzania,56,Maize (corn),1977,1280,E,1664000,A,1300000,X
234,858,Uruguay,56,Maize (corn),1977,876.6,A,120996,A,138033,A
181,716,Zimbabwe,56,Maize (corn),1977,1866.5,A,1613285,A,864354,A
4,12,Algeria,56,Maize (corn),1977,1222.6,A,2005,A,1640,A
8,28,Antigua and Barbuda,56,Maize (corn),1977,1666.7,E,30,A,18,E
59,818,Egypt,56,Maize (corn),1977,3674.9,A,2724844,A,741467,A
87,312,Guadeloupe,56,Maize (corn),1977,2000,A,100,A,50,A
103,368,Iraq,56,Maize (corn),1977,2602.4,A,82210,A,31590,A
112,400,Jordan,56,Maize (corn),1977,1383.5,A,285,A,206,A
118,414,Kuwait,56,Maize (corn),1977,3000,E,9,E,3,E
120,418,Lao People's Democratic Republic,56,Maize (corn),1977,1419.6,A,34921,A,24600,A
121,422,Lebanon,56,Maize (corn),1977,1250,E,1000,X,800,E
130,454,Malawi,56,Maize (corn),1977,1321,E,1321000,A,1000000,X
149,524,Nepal,56,Maize (corn),1977,1664.1,A,740470,A,444980,A
166,591,Panama,56,Maize (corn),1977,962.8,A,79698,A,82780,A
171,608,Philippines,56,Maize (corn),1977,885.4,A,2796085,A,3158070,A
174,620,Portugal,56,Maize (corn),1977,1293.8,A,490993,A,379508,A
206,736,Sudan (former),56,Maize (corn),1977,691.7,A,43000,A,62170,A
220,780,Trinidad and Tobago,56,Maize (corn),1977,4086,E,3800,E,930,E
236,862,Venezuela (Bolivarian Republic of),56,Maize (corn),1977,1560.9,A,774419,A,496140,A
249,887,Yemen,56,Maize (corn),1977,1611.1,X,58000,X,36000,X
2,4,Afghanistan,56,Maize (corn),1977,1583.3,A,760000,A,480000,A
19,68,Bolivia (Plurinational State of),56,Maize (corn),1977,1261.6,A,304715,A,241540,A
23,84,Belize,56,Maize (corn),1977,1346.5,A,17055,A,12666,A
28,104,Myanmar,56,Maize (corn),1977,951.6,A,75289,A,79117,A
58,218,Ecuador,56,Maize (corn),1977,884.4,A,218450,A,247000,A
97,348,Hungary,56,Maize (corn),1977,4643.9,A,6007168,A,1293566,A
100,356,India,56,Maize (corn),1977,1051.1,A,5973300,A,5682700,A
101,360,Indonesia,56,Maize (corn),1977,1224.5,A,3142650,A,2566510,A
124,434,Libya,56,Maize (corn),1977,1080.7,A,1111,A,1028,A
175,624,Guinea-Bissau,56,Maize (corn),1977,666.7,E,8000,E,12000,E
176,626,Timor-Leste,56,Maize (corn),1977,1142.9,E,32000,E,28000,E
191,670,Saint Vincent and the Grenadines,56,Maize (corn),1977,3214.3,E,450,E,140,E
214,158,"China, Taiwan Province of",56,Maize (corn),1977,2635.1,A,95001,A,36052,A
250,180,Democratic Republic of the Congo,56,Maize (corn),1977,722.7,A,509600,A,705100,A
251,894,Zambia,56,Maize (corn),1977,1692.5,E,1607917,A,950000,E
84,300,Greece,56,Maize (corn),1977,4035.8,A,496000,A,122900,A
93,332,Haiti,56,Maize (corn),1977,799.9,A,168260,A,210352,A
105,376,Israel,56,Maize (corn),1977,5708,A,12900,A,2260,A
110,392,Japan,56,Maize (corn),1977,2631.1,A,8130,A,3090,A
114,404,Kenya,56,Maize (corn),1977,1626.1,A,2553000,A,1570000,A
117,410,Republic of Korea,56,Maize (corn),1977,2739.8,A,82705,A,30186,A
131,458,Malaysia,56,Maize (corn),1977,1694.1,E,18000,E,10625,A
144,508,Mozambique,56,Maize (corn),1977,716.7,E,430000,E,600000,X
155,548,Vanuatu,56,Maize (corn),1977,500,E,600,E,1200,E
193,678,Sao Tome and Principe,56,Maize (corn),1977,1515.2,E,500,E,330,E
195,686,Senegal,56,Maize (corn),1977,1051.5,A,56407,A,53642,A
226,800,Uganda,56,Maize (corn),1977,1318.4,A,566000,A,429298,A
229,826,United Kingdom of Great Britain and Northern Ireland,56,Maize (corn),1977,3271.5,A,3000,A,917,A
11,40,Austria,56,Maize (corn),1977,6980,A,1159413,A,166105,A
60,222,El Salvador,56,Maize (corn),1977,1550.9,A,379738,A,244846,A
91,328,Guyana,56,Maize (corn),1977,1088.7,E,3266,A,3000,X
95,340,Honduras,56,Maize (corn),1977,935.2,A,438518,A,468884,A
107,384,Côte d'Ivoire,56,Maize (corn),1977,479.6,A,258000,A,538000,A
122,426,Lesotho,56,Maize (corn),1977,1567.6,A,125932,A,80336,A
129,450,Madagascar,56,Maize (corn),1977,1056.9,A,121965,A,115395,A
159,566,Nigeria,56,Maize (corn),1977,1065.6,A,650000,A,610000,A
170,604,Peru,56,Maize (corn),1977,1877.2,A,733873,A,390930,A
184,646,Rwanda,56,Maize (corn),1977,1101.8,A,77166,A,70036,A
201,706,Somalia,56,Maize (corn),1977,739,A,111300,A,150600,A
207,740,Suriname,56,Maize (corn),1977,2090.9,A,230,A,110,A
216,764,Thailand,56,Maize (corn),1977,1717.7,A,1676518,A,976046,A
225,784,United Arab Emirates,56,Maize (corn),1977,,,,M,,M
233,854,Burkina Faso,56,Maize (corn),1977,819.4,E,73748,A,90000,E
14,52,Barbados,56,Maize (corn),1977,2614.4,E,2000,X,765,E
29,108,Burundi,56,Maize (corn),1977,1147.5,E,140000,A,122000,E
35,132,Cabo Verde,56,Maize (corn),1977,375,E,1500,A,4000,E
38,144,Sri Lanka,56,Maize (corn),1977,653.9,A,17960,A,27468,A
40,152,Chile,56,Maize (corn),1977,3074.8,A,355320,A,115560,A
45,174,Comoros,56,Maize (corn),1977,1069.8,E,4600,E,4300,E
81,288,Ghana,56,Maize (corn),1977,1070.3,A,274000,A,256000,A
202,710,South Africa,56,Maize (corn),1977,2081,A,9793000,A,4706000,A
248,890,Yugoslav SFR,56,Maize (corn),1977,4252.5,A,9870000,A,2321000,A
39,148,Chad,56,Maize (corn),1977,950,E,9500,E,10000,E
109,388,Jamaica,56,Maize (corn),1977,2152.8,A,9242,A,4293,A
133,466,Mali,56,Maize (corn),1977,872.5,A,78000,A,89400,A
143,504,Morocco,56,Maize (corn),1977,434.1,A,184270,A,424500,A
158,562,Niger,56,Maize (corn),1977,727.3,A,5600,A,7700,A
173,616,Poland,56,Maize (corn),1977,4051.6,A,232085,A,57283,A
197,694,Sierra Leone,56,Maize (corn),1977,1076.9,A,14000,A,13000,A
212,760,Syrian Arab Republic,56,Maize (corn),1977,1060.3,A,58651,A,55316,A
37,140,Central African Republic,56,Maize (corn),1977,330,E,33000,X,100000,E
79,276,Germany,56,Maize (corn),1977,5810.7,A,581311,A,100041,A
89,320,Guatemala,56,Maize (corn),1977,1312.6,A,841900,A,641400,A
102,364,Iran (Islamic Republic of),56,Maize (corn),1977,1375,A,55000,A,40000,A
136,478,Mauritania,56,Maize (corn),1977,500,E,4000,E,8000,E
237,704,Viet Nam,56,Maize (corn),1977,1002,A,403700,A,402900,A
231,840,United States of America,56,Maize (corn),1977,5701.5,A,165234544,A,28980752,A
12,44,Bahamas,56,Maize (corn),1977,1030.6,E,640,E,621,E
53,204,Benin,56,Maize (corn),1977,731.1,A,224800,A,307500,A
27,100,Bulgaria,56,Maize (corn),1977,3580.2,A,2513276,A,701993,A
68,250,France,56,Maize (corn),1977,5238.2,A,8506780,A,1624000,A
177,630,Puerto Rico,56,Maize (corn),1977,945.8,E,227,A,240,E
56,214,Dominican Republic,56,Maize (corn),1977,1871.1,E,65488,A,35000,E
169,600,Paraguay,56,Maize (corn),1977,1391.8,A,400983,A,288100,A
211,756,Switzerland,56,Maize (corn),1977,6479.5,A,110800,A,17100,A
115,116,Cambodia,56,Maize (corn),1977,1290.3,E,80000,E,62000,E
132,462,Maldives,56,Maize (corn),1977,1000,E,13,A,13,E
21,76,Brazil,56,Maize (corn),1977,1632.2,A,19255936,A,11797411,A
66,242,Fiji,56,Maize (corn),1977,3706.5,A,341,A,92,A
106,380,Italy,56,Maize (corn),1977,6508.7,A,6396300,A,982726,A
147,516,Namibia,56,Maize (corn),1977,1208.3,E,29000,E,24000,E
15,58,Belgium-Luxembourg,56,Maize (corn),1977,5139.9,A,29390,A,5718,A
46,178,Congo,56,Maize (corn),1977,611.1,A,17111,A,28000,A
49,192,Cuba,56,Maize (corn),1977,1250,E,95000,E,76000,E
10,36,Australia,56,Maize (corn),1977,2719.2,A,144177,A,53022,A
7,24,Angola,56,Maize (corn),1978,666.7,X,400000,X,600000,X
9,32,Argentina,56,Maize (corn),1978,3646.6,A,9700000,A,2660000,A
15,58,Belgium-Luxembourg,56,Maize (corn),1978,6259.9,A,37378,A,5971,A
28,104,Myanmar,56,Maize (corn),1978,924.8,A,76988,A,83252,A
29,108,Burundi,56,Maize (corn),1978,1333.3,E,160000,A,120000,E
37,140,Central African Republic,56,Maize (corn),1978,502.9,A,39353,A,78248,A
45,174,Comoros,56,Maize (corn),1978,1000,E,5000,E,5000,A
58,218,Ecuador,56,Maize (corn),1978,952.2,A,175760,A,184589,A
68,250,France,56,Maize (corn),1978,5286.2,A,9531000,A,1803000,A
74,266,Gabon,56,Maize (corn),1978,1498.4,E,9290,A,6200,E
79,276,Germany,56,Maize (corn),1978,5286.8,A,619416,A,117163,A
84,300,Greece,56,Maize (corn),1978,4665.5,A,523000,A,112100,A
86,308,Grenada,56,Maize (corn),1978,908.2,E,663,A,730,E
95,340,Honduras,56,Maize (corn),1978,958.9,A,454572,A,474031,A
97,348,Hungary,56,Maize (corn),1978,5133.5,A,6654642,A,1296323,A
115,116,Cambodia,56,Maize (corn),1978,1230.8,E,80000,E,65000,E
166,591,Panama,56,Maize (corn),1978,940.1,A,64489,A,68600,A
171,608,Philippines,56,Maize (corn),1978,942.5,A,3065255,A,3252430,A
181,716,Zimbabwe,56,Maize (corn),1978,1673.2,A,1628234,A,973144,A
206,736,Sudan (former),56,Maize (corn),1978,650.5,A,47000,A,72250,A
207,740,Suriname,56,Maize (corn),1978,1950,A,273,A,140,A
216,764,Thailand,56,Maize (corn),1978,2124,A,2790575,A,1313830,A
217,768,Togo,56,Maize (corn),1978,1171.4,A,138698,A,118400,A
233,854,Burkina Faso,56,Maize (corn),1978,931.3,A,107713,A,115664,A
12,44,Bahamas,56,Maize (corn),1978,1158.7,A,730,A,630,A
14,52,Barbados,56,Maize (corn),1978,2614.4,E,2000,X,765,E
20,72,Botswana,56,Maize (corn),1978,311.1,E,14000,A,45000,E
35,132,Cabo Verde,56,Maize (corn),1978,333.3,E,1000,A,3000,E
214,158,"China, Taiwan Province of",56,Maize (corn),1978,2898.7,A,107169,A,36972,A
44,170,Colombia,56,Maize (corn),1978,1285.1,A,862200,A,670900,A
175,624,Guinea-Bissau,56,Maize (corn),1978,600,E,6000,E,10000,E
91,328,Guyana,56,Maize (corn),1978,1334.1,A,2268,A,1700,A
100,356,India,56,Maize (corn),1978,1076.2,A,6199000,A,5760000,A
130,454,Malawi,56,Maize (corn),1978,1237.4,E,1423000,A,1150000,E
137,480,Mauritius,56,Maize (corn),1978,2288,A,1144,A,500,A
158,562,Niger,56,Maize (corn),1978,798.2,A,8700,A,10900,A
177,630,Puerto Rico,56,Maize (corn),1978,934.8,E,215,E,230,E
183,642,Romania,56,Maize (corn),1978,3042.4,A,9671200,A,3178798,A
201,706,Somalia,56,Maize (corn),1978,724.3,A,107700,A,148700,A
212,760,Syrian Arab Republic,56,Maize (corn),1978,1015.8,A,56191,A,55316,A
220,780,Trinidad and Tobago,56,Maize (corn),1978,4069.8,E,3500,E,860,E
215,834,United Republic of Tanzania,56,Maize (corn),1978,1126.9,E,1465000,A,1300000,X
4,12,Algeria,56,Maize (corn),1978,1081.3,A,984,A,910,A
16,50,Bangladesh,56,Maize (corn),1978,799.1,A,1770,A,2215,A
19,68,Bolivia (Plurinational State of),56,Maize (corn),1978,1301.4,A,337370,A,259230,A
40,152,Chile,56,Maize (corn),1978,2736.3,A,256880,A,93880,A
49,192,Cuba,56,Maize (corn),1978,1250,E,95000,E,76000,E
116,408,Democratic People's Republic of Korea,56,Maize (corn),1978,3478.3,E,2400000,E,690000,E
69,254,French Guiana,56,Maize (corn),1978,2000,E,1200,A,600,E
112,400,Jordan,56,Maize (corn),1978,1380.4,A,127,A,92,A
114,404,Kenya,56,Maize (corn),1978,1455.7,A,2169000,A,1490000,A
121,422,Lebanon,56,Maize (corn),1978,1000,E,2000,X,2000,E
143,504,Morocco,56,Maize (corn),1978,989.8,A,390360,A,394400,A
173,616,Poland,56,Maize (corn),1978,3626.3,A,119390,A,32923,A
184,646,Rwanda,56,Maize (corn),1978,1121,A,75635,A,67474,A
176,626,Timor-Leste,56,Maize (corn),1978,1055.6,E,38000,E,36000,E
226,800,Uganda,56,Maize (corn),1978,1320,A,594000,A,450000,A
8,28,Antigua and Barbuda,56,Maize (corn),1978,1750,E,35,A,20,E
21,76,Brazil,56,Maize (corn),1978,1219.7,A,13569401,A,11124827,A
32,120,Cameroon,56,Maize (corn),1978,747,A,400983,A,536802,A
38,144,Sri Lanka,56,Maize (corn),1978,740,A,18330,A,24769,A
41,156,"China, mainland",56,Maize (corn),1978,2803,A,55950000,A,19961008,A
55,212,Dominica,56,Maize (corn),1978,1333.3,E,200,E,150,E
56,214,Dominican Republic,56,Maize (corn),1978,1388.8,A,66032,A,47547,A
89,320,Guatemala,56,Maize (corn),1978,1532.9,A,906412,A,591300,A
90,324,Guinea,56,Maize (corn),1978,1000,E,70000,E,70000,E
101,360,Indonesia,56,Maize (corn),1978,1332.1,A,4029200,A,3024610,A
107,384,Côte d'Ivoire,56,Maize (corn),1978,468.1,A,264000,A,564000,A
110,392,Japan,56,Maize (corn),1978,2916.7,A,7000,A,2400,A
117,410,Republic of Korea,56,Maize (corn),1978,3246.2,A,100187,A,30863,A
118,414,Kuwait,56,Maize (corn),1978,3000,E,9,E,3,E
120,418,Lao People's Democratic Republic,56,Maize (corn),1978,1047.1,A,29580,A,28250,A
122,426,Lesotho,56,Maize (corn),1978,1408,A,143168,A,101683,A
131,458,Malaysia,56,Maize (corn),1978,1101.9,E,11900,X,10800,A
133,466,Mali,56,Maize (corn),1978,2409.1,A,103110,A,42800,A
147,516,Namibia,56,Maize (corn),1978,1250,E,30000,E,24000,E
156,554,New Zealand,56,Maize (corn),1978,7048.8,A,174536,A,24761,A
157,558,Nicaragua,56,Maize (corn),1978,1117.1,A,254150,A,227500,A
182,638,Réunion,56,Maize (corn),1978,5393.5,A,13214,A,2450,A
193,678,Sao Tome and Principe,56,Maize (corn),1978,1515.2,E,500,E,330,E
194,682,Saudi Arabia,56,Maize (corn),1978,1624.4,A,1319,A,812,A
197,694,Sierra Leone,56,Maize (corn),1978,1076.9,A,14000,A,13000,A
203,724,Spain,56,Maize (corn),1978,4441.9,A,1969000,A,443277,A
211,756,Switzerland,56,Maize (corn),1978,6752.4,A,105000,A,15550,A
48,188,Costa Rica,56,Maize (corn),1978,1689.9,A,62284,A,36857,A
62,230,Ethiopia PDR,56,Maize (corn),1978,1093.8,A,929080,A,849400,A
81,288,Ghana,56,Maize (corn),1978,1063.4,A,218000,A,205000,A
106,380,Italy,56,Maize (corn),1978,6640.1,A,6162000,A,928000,A
129,450,Madagascar,56,Maize (corn),1978,943.4,A,114645,A,121525,A
138,484,Mexico,56,Maize (corn),1978,1519.9,A,10930077,A,7191128,A
149,524,Nepal,56,Maize (corn),1978,1635.2,A,742590,A,454140,A
159,566,Nigeria,56,Maize (corn),1978,1267.8,A,658000,A,519000,A
174,620,Portugal,56,Maize (corn),1978,1284.8,A,499491,A,388779,A
189,662,Saint Lucia,56,Maize (corn),1978,700,E,35,E,50,E
3,8,Albania,56,Maize (corn),1978,3953.5,E,340000,E,86000,E
27,100,Bulgaria,56,Maize (corn),1978,3721.5,A,2235763,A,600762,A
33,124,Canada,56,Maize (corn),1978,5258.6,A,4479500,A,851850,A
102,364,Iran (Islamic Republic of),56,Maize (corn),1978,1395.3,A,60000,A,43000,A
105,376,Israel,56,Maize (corn),1978,5124,A,12400,A,2420,A
109,388,Jamaica,56,Maize (corn),1978,1623.5,A,7864,A,4844,A
124,434,Libya,56,Maize (corn),1978,1093.2,A,1150,A,1052,A
132,462,Maldives,56,Maize (corn),1978,1000,E,8,A,8,E
136,478,Mauritania,56,Maize (corn),1978,545.5,A,4800,A,8800,A
150,528,Netherlands (Kingdom of the),56,Maize (corn),1978,7142.9,A,5000,A,700,A
165,586,Pakistan,56,Maize (corn),1978,1228.2,A,798600,A,650200,A
195,686,Senegal,56,Maize (corn),1978,959.9,A,54048,A,56307,A
237,704,Viet Nam,56,Maize (corn),1978,1104.5,A,433500,A,392500,A
59,818,Egypt,56,Maize (corn),1978,3909.9,A,3117045,A,797222,A
23,84,Belize,56,Maize (corn),1978,1721.3,A,19504,A,11331,A
46,178,Congo,56,Maize (corn),1978,384.6,E,10000,E,26000,E
93,332,Haiti,56,Maize (corn),1978,650,A,161442,A,248373,A
169,600,Paraguay,56,Maize (corn),1978,1302.3,A,355400,A,272900,A
248,890,Yugoslav SFR,56,Maize (corn),1978,3561,A,7585000,A,2130000,A
251,894,Zambia,56,Maize (corn),1978,1704.9,E,1380937,A,810000,E
10,36,Australia,56,Maize (corn),1978,2868.3,A,130107,A,45361,A
53,204,Benin,56,Maize (corn),1978,777.9,A,343098,A,441053,A
209,748,Eswatini,56,Maize (corn),1978,1787.1,A,96329,A,53902,A
75,270,Gambia,56,Maize (corn),1978,1397.1,E,9500,A,6800,E
170,604,Peru,56,Maize (corn),1978,1681.4,A,590014,A,350908,A
202,710,South Africa,56,Maize (corn),1978,2313,A,10205000,A,4412000,A
155,548,Vanuatu,56,Maize (corn),1978,500,E,600,E,1200,E
144,508,Mozambique,56,Maize (corn),1978,700,E,420000,E,600000,X
223,792,Türkiye,56,Maize (corn),1978,2241.4,A,1300000,A,580000,A
228,810,USSR,56,Maize (corn),1978,3550.3,A,9000000,A,2535000,A
229,826,United Kingdom of Great Britain and Northern Ireland,56,Maize (corn),1978,3062.8,A,2000,A,653,A
231,840,United States of America,56,Maize (corn),1978,6342.1,A,184613008,A,29109344,A
2,4,Afghanistan,56,Maize (corn),1978,1618.3,A,780000,A,482000,A
11,40,Austria,56,Maize (corn),1978,6560,A,1165640,A,177689,A
18,64,Bhutan,56,Maize (corn),1978,1400.4,E,74500,E,53200,E
250,180,Democratic Republic of the Congo,56,Maize (corn),1978,708.4,A,499900,A,705700,A
66,242,Fiji,56,Maize (corn),1978,2666.7,E,800,E,300,E
168,598,Papua New Guinea,56,Maize (corn),1978,967.4,A,1156,A,1195,A
225,784,United Arab Emirates,56,Maize (corn),1978,,,,M,,M
249,887,Yemen,56,Maize (corn),1978,1540.5,X,57000,X,37000,X
51,200,Czechoslovakia,56,Maize (corn),1978,4299.8,A,618847,A,143924,A
103,368,Iraq,56,Maize (corn),1978,2285.7,A,74800,A,32725,A
153,540,New Caledonia,56,Maize (corn),1978,2650,E,795,A,300,E
39,148,Chad,56,Maize (corn),1978,750,E,15000,E,20000,E
60,222,El Salvador,56,Maize (corn),1978,1917.9,A,506947,A,264320,A
191,670,Saint Vincent and the Grenadines,56,Maize (corn),1978,3357.1,A,470,A,140,A
234,858,Uruguay,56,Maize (corn),1978,1051.9,A,171669,A,163196,A
236,862,Venezuela (Bolivarian Republic of),56,Maize (corn),1978,1428.7,A,591364,A,413932,A
10,36,Australia,56,Maize (corn),1979,3376,A,168800,A,50000,A
21,76,Brazil,56,Maize (corn),1979,1440.6,A,16306380,A,11318885,A
35,132,Cabo Verde,56,Maize (corn),1979,428.6,E,6000,A,14000,E
38,144,Sri Lanka,56,Maize (corn),1979,1067.7,A,20810,A,19490,A
40,152,Chile,56,Maize (corn),1979,3751.8,A,489270,A,130410,A
60,222,El Salvador,56,Maize (corn),1979,1895.9,A,522767,A,275734,A
66,242,Fiji,56,Maize (corn),1979,2500,E,1000,E,400,E
101,360,Indonesia,56,Maize (corn),1979,1390.2,A,3605535,A,2593621,A
107,384,Côte d'Ivoire,56,Maize (corn),1979,470.9,A,275000,A,584000,A
112,400,Jordan,56,Maize (corn),1979,4040.7,A,497,A,123,A
120,418,Lao People's Democratic Republic,56,Maize (corn),1979,1123.4,A,31670,A,28190,A
129,450,Madagascar,56,Maize (corn),1979,1003.9,A,116440,A,115985,A
150,528,Netherlands (Kingdom of the),56,Maize (corn),1979,3333.3,E,2000,X,600,A
156,554,New Zealand,56,Maize (corn),1979,8031.5,A,178998,A,22287,A
170,604,Peru,56,Maize (corn),1979,1674.9,A,621457,A,371037,A
183,642,Romania,56,Maize (corn),1979,3553.9,A,11768100,A,3311291,A
203,724,Spain,56,Maize (corn),1979,4739,A,2211700,A,466700,A
231,840,United States of America,56,Maize (corn),1979,6873.4,A,201383008,A,29298800,A
248,890,Yugoslav SFR,56,Maize (corn),1979,4479.8,A,10084000,A,2251000,A
3,8,Albania,56,Maize (corn),1979,3750,A,366750,A,97800,A
4,12,Algeria,56,Maize (corn),1979,1116.9,A,860,A,770,A
15,58,Belgium-Luxembourg,56,Maize (corn),1979,6130,A,36927,A,6024,A
19,68,Bolivia (Plurinational State of),56,Maize (corn),1979,1360.2,A,378045,A,277930,A
27,100,Bulgaria,56,Maize (corn),1979,4840.3,A,3223361,A,665943,A
214,158,"China, Taiwan Province of",56,Maize (corn),1979,2912.1,A,98515,A,33829,A
44,170,Colombia,56,Maize (corn),1979,1413.6,A,870200,A,615600,A
48,188,Costa Rica,56,Maize (corn),1979,1654.2,A,72880,A,44057,A
51,200,Czechoslovakia,56,Maize (corn),1979,5008.3,A,949350,A,189557,A
250,180,Democratic Republic of the Congo,56,Maize (corn),1979,800,A,582400,A,728000,A
69,254,French Guiana,56,Maize (corn),1979,2000,E,1200,A,600,E
91,328,Guyana,56,Maize (corn),1979,1479.6,A,1669,A,1128,A
103,368,Iraq,56,Maize (corn),1979,2496.3,A,58600,A,23475,A
124,434,Libya,56,Maize (corn),1979,1075.2,A,1086,A,1010,A
144,508,Mozambique,56,Maize (corn),1979,644.6,E,400000,E,620493,A
153,540,New Caledonia,56,Maize (corn),1979,2046,A,890,A,435,A
117,410,Republic of Korea,56,Maize (corn),1979,4586.6,A,149000,A,32486,A
197,694,Sierra Leone,56,Maize (corn),1979,923.1,E,12000,X,13000,E
226,800,Uganda,56,Maize (corn),1979,1665.4,A,453000,A,272000,A
234,858,Uruguay,56,Maize (corn),1979,757.7,A,70922,A,93602,A
237,704,Viet Nam,56,Maize (corn),1979,991.7,A,371200,A,374300,A
12,44,Bahamas,56,Maize (corn),1979,1142.9,E,720,E,630,E
23,84,Belize,56,Maize (corn),1979,1524.4,A,15422,A,10117,A
115,116,Cambodia,56,Maize (corn),1979,933.3,E,70000,E,75000,A
32,120,Cameroon,56,Maize (corn),1979,748.2,A,407638,A,544860,A
39,148,Chad,56,Maize (corn),1979,800,E,20000,E,25000,E
81,288,Ghana,56,Maize (corn),1979,1061.5,A,380000,A,358000,A
97,348,Hungary,56,Maize (corn),1979,5411.5,A,7395819,A,1366689,A
106,380,Italy,56,Maize (corn),1979,6617.3,A,6197400,A,936552,A
110,392,Japan,56,Maize (corn),1979,2590.7,A,5000,A,1930,A
121,422,Lebanon,56,Maize (corn),1979,1000,X,2000,X,2000,X
137,480,Mauritius,56,Maize (corn),1979,2502.1,A,1171,A,468,A
159,566,Nigeria,56,Maize (corn),1979,1148.2,A,488000,A,425000,A
165,586,Pakistan,56,Maize (corn),1979,1248.3,A,875200,A,701100,A
166,591,Panama,56,Maize (corn),1979,923,A,64211,A,69570,A
168,598,Papua New Guinea,56,Maize (corn),1979,2209.2,A,1246,A,564,A
169,600,Paraguay,56,Maize (corn),1979,1504.4,X,340000,X,226000,X
211,756,Switzerland,56,Maize (corn),1979,7542.1,A,134400,A,17820,A
223,792,Türkiye,56,Maize (corn),1979,2307.7,A,1350000,A,585000,A
228,810,USSR,56,Maize (corn),1979,3144.2,A,8374000,A,2663300,A
251,894,Zambia,56,Maize (corn),1979,1688,E,877759,X,520000,E
7,24,Angola,56,Maize (corn),1979,500,E,300000,E,600000,X
14,52,Barbados,56,Maize (corn),1979,2614.4,E,2000,X,765,E
37,140,Central African Republic,56,Maize (corn),1979,327.7,A,33703,A,102839,A
53,204,Benin,56,Maize (corn),1979,724,A,307262,A,424373,A
56,214,Dominican Republic,56,Maize (corn),1979,1175.7,A,38228,A,32516,A
62,230,Ethiopia PDR,56,Maize (corn),1979,1507.9,A,1372370,A,910100,A
79,276,Germany,56,Maize (corn),1979,6405.7,A,746481,A,116533,A
90,324,Guinea,56,Maize (corn),1979,1000,E,80000,E,80000,E
114,404,Kenya,56,Maize (corn),1979,1300,E,1755000,A,1350000,E
143,504,Morocco,56,Maize (corn),1979,750,A,311620,A,415500,A
147,516,Namibia,56,Maize (corn),1979,1304.3,E,30000,E,23000,E
158,562,Niger,56,Maize (corn),1979,779.4,A,9487,A,12172,A
201,706,Somalia,56,Maize (corn),1979,733.6,A,108200,A,147500,A
206,736,Sudan (former),56,Maize (corn),1979,632.4,E,43000,A,68000,E
225,784,United Arab Emirates,56,Maize (corn),1979,,,,M,,M
2,4,Afghanistan,56,Maize (corn),1979,1610.2,A,760000,A,472000,A
8,28,Antigua and Barbuda,56,Maize (corn),1979,1920,E,96,A,50,E
11,40,Austria,56,Maize (corn),1979,7170,A,1346655,A,187818,A
16,50,Bangladesh,56,Maize (corn),1979,726.5,A,1456,A,2004,A
20,72,Botswana,56,Maize (corn),1979,106.6,A,2250,A,21100,A
28,104,Myanmar,56,Maize (corn),1979,1263.7,A,126496,A,100096,A
58,218,Ecuador,56,Maize (corn),1979,995.8,A,217870,A,218779,A
86,308,Grenada,56,Maize (corn),1979,907.6,A,550,A,606,A
132,462,Maldives,56,Maize (corn),1979,1000,E,9,A,9,E
133,466,Mali,56,Maize (corn),1979,1668.4,A,75914,A,45500,A
136,478,Mauritania,56,Maize (corn),1979,555.6,E,5000,A,9000,E
176,626,Timor-Leste,56,Maize (corn),1979,1046.5,E,45000,E,43000,E
193,678,Sao Tome and Principe,56,Maize (corn),1979,1500,E,450,E,300,E
202,710,South Africa,56,Maize (corn),1979,1856.1,A,8475000,A,4566000,A
236,862,Venezuela (Bolivarian Republic of),56,Maize (corn),1979,1498,A,612473,A,408860,A
18,64,Bhutan,56,Maize (corn),1979,1399.6,E,76000,E,54300,E
33,124,Canada,56,Maize (corn),1979,5538.6,A,5276100,A,952600,A
122,426,Lesotho,56,Maize (corn),1979,1112.2,A,124856,A,112263,A
174,620,Portugal,56,Maize (corn),1979,1283.8,A,505980,A,394138,A
184,646,Rwanda,56,Maize (corn),1979,1071.9,A,83348,A,77759,A
207,740,Suriname,56,Maize (corn),1979,1670.9,A,264,A,158,A
229,826,United Kingdom of Great Britain and Northern Ireland,56,Maize (corn),1979,1790,E,895,A,500,E
215,834,United Republic of Tanzania,56,Maize (corn),1979,1323.1,E,1720000,A,1300000,E
9,32,Argentina,56,Maize (corn),1979,3107.1,A,8700000,A,2800000,A
41,156,"China, mainland",56,Maize (corn),1979,2985.2,A,60040000,A,20112496,A
49,192,Cuba,56,Maize (corn),1979,1250,X,95000,X,76000,X
55,212,Dominica,56,Maize (corn),1979,1419.4,E,220,E,155,E
59,818,Egypt,56,Maize (corn),1979,3711.9,A,2938208,A,791554,A
74,266,Gabon,56,Maize (corn),1979,1503.1,E,9620,A,6400,E
102,364,Iran (Islamic Republic of),56,Maize (corn),1979,1357.1,X,57000,X,42000,X
109,388,Jamaica,56,Maize (corn),1979,1491.3,A,6092,A,4085,A
116,408,Democratic People's Republic of Korea,56,Maize (corn),1979,3623.2,E,2500000,E,690000,E
157,558,Nicaragua,56,Maize (corn),1979,1027.9,A,172700,A,168017,A
171,608,Philippines,56,Maize (corn),1979,975.5,A,3122790,A,3201070,A
175,624,Guinea-Bissau,56,Maize (corn),1979,666.7,E,8000,E,12000,E
189,662,Saint Lucia,56,Maize (corn),1979,700,E,35,E,50,E
209,748,Eswatini,56,Maize (corn),1979,917.7,A,65291,A,71145,A
212,760,Syrian Arab Republic,56,Maize (corn),1979,609.8,A,33734,A,55316,A
216,764,Thailand,56,Maize (corn),1979,2010.3,A,2863201,A,1424246,A
220,780,Trinidad and Tobago,56,Maize (corn),1979,2811.5,A,3267,A,1162,A
233,854,Burkina Faso,56,Maize (corn),1979,906.7,A,99487,A,109720,A
68,250,France,56,Maize (corn),1979,5219.5,A,10413000,A,1995000,A
95,340,Honduras,56,Maize (corn),1979,1037.1,A,353979,A,341312,A
105,376,Israel,56,Maize (corn),1979,4037.7,A,10700,A,2650,A
118,414,Kuwait,56,Maize (corn),1979,5000,E,20,E,4,E
130,454,Malawi,56,Maize (corn),1979,1199.8,E,1393000,A,1161000,E
191,670,Saint Vincent and the Grenadines,56,Maize (corn),1979,3333.3,E,500,E,150,E
194,682,Saudi Arabia,56,Maize (corn),1979,761.5,A,3797,A,4986,A
46,178,Congo,56,Maize (corn),1979,653.8,A,17000,A,26000,A
89,320,Guatemala,56,Maize (corn),1979,1744.7,A,940590,A,539100,A
93,332,Haiti,56,Maize (corn),1979,784.3,A,183331,A,233749,A
131,458,Malaysia,56,Maize (corn),1979,1142.9,A,8000,A,7000,A
149,524,Nepal,56,Maize (corn),1979,1332.1,A,575910,A,432340,A
173,616,Poland,56,Maize (corn),1979,3899.8,A,181226,A,46471,A
181,716,Zimbabwe,56,Maize (corn),1979,1428.4,A,1141916,A,799430,A
29,108,Burundi,56,Maize (corn),1979,1128.3,E,135400,A,120000,E
75,270,Gambia,56,Maize (corn),1979,1222.2,A,6600,A,5400,A
195,686,Senegal,56,Maize (corn),1979,683.9,A,46293,A,67685,A
155,548,Vanuatu,56,Maize (corn),1979,500,E,600,E,1200,E
249,887,Yemen,56,Maize (corn),1979,1639.8,X,61000,X,37200,X
45,174,Comoros,56,Maize (corn),1979,1000,E,5000,A,5000,E
84,300,Greece,56,Maize (corn),1979,5788.9,A,710300,A,122700,A
177,630,Puerto Rico,56,Maize (corn),1979,931.8,E,205,E,220,E
138,484,Mexico,56,Maize (corn),1979,1515.4,A,8457899,A,5581158,A
182,638,Réunion,56,Maize (corn),1979,5400,E,13500,A,2500,E
217,768,Togo,56,Maize (corn),1979,1163.7,A,159308,A,136900,A
100,356,India,56,Maize (corn),1979,979.4,A,5602900,A,5720600,A
12,44,Bahamas,56,Maize (corn),1980,1141.3,A,719,A,630,A
21,76,Brazil,56,Maize (corn),1980,1779,A,20372080,A,11451293,A
33,124,Canada,56,Maize (corn),1980,5628.3,A,5753200,A,1022200,A
35,132,Cabo Verde,56,Maize (corn),1980,531.3,E,8500,A,16000,E
39,148,Chad,56,Maize (corn),1980,833.3,E,25000,E,30000,E
44,170,Colombia,56,Maize (corn),1980,1389.3,A,853560,A,614400,A
51,200,Czechoslovakia,56,Maize (corn),1980,4685.1,A,744973,A,159008,A
55,212,Dominica,56,Maize (corn),1980,1437.5,E,230,E,160,E
58,218,Ecuador,56,Maize (corn),1980,1069.8,A,241680,A,225911,A
68,250,France,56,Maize (corn),1980,5316.7,A,9323400,A,1753600,A
74,266,Gabon,56,Maize (corn),1980,1489.6,E,9980,A,6700,E
79,276,Germany,56,Maize (corn),1980,5643.5,A,675807,A,119749,A
84,300,Greece,56,Maize (corn),1980,7414.5,A,1279000,A,172500,A
86,308,Grenada,56,Maize (corn),1980,894,E,447,A,500,E
95,340,Honduras,56,Maize (corn),1980,1145.5,A,387424,A,338226,A
121,422,Lebanon,56,Maize (corn),1980,1000,X,2000,X,2000,X
131,458,Malaysia,56,Maize (corn),1980,1142.9,A,8000,A,7000,A
133,466,Mali,56,Maize (corn),1980,1109.7,A,45387,A,40900,A
138,484,Mexico,56,Maize (corn),1980,1826.1,A,12374400,A,6776479,A
169,600,Paraguay,56,Maize (corn),1980,1553.1,X,351000,X,226000,X
183,642,Romania,56,Maize (corn),1980,3213.1,A,10563300,A,3287560,A
214,158,"China, Taiwan Province of",56,Maize (corn),1980,2878.2,A,115141,A,40005,A
215,834,United Republic of Tanzania,56,Maize (corn),1980,1232.9,E,1726000,A,1400000,E
223,792,Türkiye,56,Maize (corn),1980,2126.9,A,1240000,A,583000,A
226,800,Uganda,56,Maize (corn),1980,1108.5,A,286000,A,258000,A
236,862,Venezuela (Bolivarian Republic of),56,Maize (corn),1980,1459.6,A,575400,A,394224,A
237,704,Viet Nam,56,Maize (corn),1980,1100.6,A,428800,A,389600,A
250,180,Democratic Republic of the Congo,56,Maize (corn),1980,799.5,A,594000,A,743000,A
251,894,Zambia,56,Maize (corn),1980,1687.5,E,937266,X,555410,A
20,72,Botswana,56,Maize (corn),1980,249.5,A,11600,A,46500,A
107,384,Côte d'Ivoire,56,Maize (corn),1980,812,A,380000,A,468000,A
60,222,El Salvador,56,Maize (corn),1980,1815.3,A,529368,A,291608,A
62,230,Ethiopia PDR,56,Maize (corn),1980,1750.2,A,1524080,A,870780,A
175,624,Guinea-Bissau,56,Maize (corn),1980,1000,E,12000,E,12000,A
93,332,Haiti,56,Maize (corn),1980,895.9,A,179170,A,200000,A
109,388,Jamaica,56,Maize (corn),1980,1521.6,A,4393,A,2887,A
130,454,Malawi,56,Maize (corn),1980,1223.2,A,1186000,A,969600,A
168,598,Papua New Guinea,56,Maize (corn),1980,2426.1,A,1543,A,636,A
170,604,Peru,56,Maize (corn),1980,1582.3,A,493307,A,311762,A
174,620,Portugal,56,Maize (corn),1980,1693.1,A,532000,A,314223,A
117,410,Republic of Korea,56,Maize (corn),1980,4361.9,A,154071,A,35322,A
184,646,Rwanda,56,Maize (corn),1980,1184.7,A,85059,A,71800,A
182,638,Réunion,56,Maize (corn),1980,4280.8,E,10274,A,2400,E
211,756,Switzerland,56,Maize (corn),1980,6471.5,A,91300,A,14108,A
212,760,Syrian Arab Republic,56,Maize (corn),1980,870.4,A,48146,A,55316,A
216,764,Thailand,56,Maize (corn),1980,2228.3,A,2997882,A,1345386,A
220,780,Trinidad and Tobago,56,Maize (corn),1980,2806,A,3182,A,1134,A
229,826,United Kingdom of Great Britain and Northern Ireland,56,Maize (corn),1980,1570,E,785,A,500,E
155,548,Vanuatu,56,Maize (corn),1980,520,E,650,E,1250,E
9,32,Argentina,56,Maize (corn),1980,2570.3,A,6400000,A,2490000,A
11,40,Austria,56,Maize (corn),1980,6700,A,1292745,A,192947,A
53,204,Benin,56,Maize (corn),1980,743.7,A,271300,A,364807,A
27,100,Bulgaria,56,Maize (corn),1980,3858.6,A,2255535,A,584543,A
115,116,Cambodia,56,Maize (corn),1980,1000,A,101000,A,101000,A
37,140,Central African Republic,56,Maize (corn),1980,378.6,A,40857,A,107909,A
48,188,Costa Rica,56,Maize (corn),1980,1938.7,A,75314,A,38847,A
116,408,Democratic People's Republic of Korea,56,Maize (corn),1980,3913,E,2700000,E,690000,E
66,242,Fiji,56,Maize (corn),1980,1750,E,700,E,400,E
81,288,Ghana,56,Maize (corn),1980,868.2,A,382000,A,440000,A
90,324,Guinea,56,Maize (corn),1980,1000,E,90000,E,90000,E
118,414,Kuwait,56,Maize (corn),1980,5400,A,27,A,5,A
28,104,Myanmar,56,Maize (corn),1980,1151.3,A,166347,A,144483,A
173,616,Poland,56,Maize (corn),1980,3544.3,A,57800,A,16308,A
191,670,Saint Vincent and the Grenadines,56,Maize (corn),1980,3312.5,E,530,E,160,E
193,678,Sao Tome and Principe,56,Maize (corn),1980,1500,E,450,E,300,E
194,682,Saudi Arabia,56,Maize (corn),1980,517,A,991,A,1917,A
202,710,South Africa,56,Maize (corn),1980,2419.5,A,11040000,A,4563000,A
225,784,United Arab Emirates,56,Maize (corn),1980,,,,M,,M
14,52,Barbados,56,Maize (corn),1980,2500,E,2000,X,800,E
75,270,Gambia,56,Maize (corn),1980,1067.8,A,6300,A,5900,A
114,404,Kenya,56,Maize (corn),1980,1200,E,1620000,A,1350000,X
143,504,Morocco,56,Maize (corn),1980,808.7,A,332700,A,411400,A
144,508,Mozambique,56,Maize (corn),1980,542.9,E,380000,E,700000,E
159,566,Nigeria,56,Maize (corn),1980,1316.1,A,612000,A,465000,A
165,586,Pakistan,56,Maize (corn),1980,1261.9,A,970400,A,769000,A
166,591,Panama,56,Maize (corn),1980,963.1,A,55021,A,57130,A
3,8,Albania,56,Maize (corn),1980,2650.4,A,276700,A,104400,A
32,120,Cameroon,56,Maize (corn),1980,831.8,A,413680,A,497311,A
46,178,Congo,56,Maize (corn),1980,805.6,X,8987,X,11155,X
91,328,Guyana,56,Maize (corn),1980,1479.7,A,1678,A,1134,A
100,356,India,56,Maize (corn),1980,1158.6,A,6957000,A,6004800,A
105,376,Israel,56,Maize (corn),1980,4892.9,A,13700,A,2800,A
124,434,Libya,56,Maize (corn),1980,950,A,931,A,980,A
157,558,Nicaragua,56,Maize (corn),1980,1123.1,A,181605,A,161698,A
171,608,Philippines,56,Maize (corn),1980,960.2,A,3109685,A,3238690,A
217,768,Togo,56,Maize (corn),1980,920.8,A,138391,A,150300,A
249,887,Yemen,56,Maize (corn),1980,1575.8,A,52000,A,33000,A
18,64,Bhutan,56,Maize (corn),1980,1398.9,E,77500,E,55400,E
38,144,Sri Lanka,56,Maize (corn),1980,1090.9,A,21200,A,19433,A
103,368,Iraq,56,Maize (corn),1980,2514.8,A,59600,A,23700,A
106,380,Italy,56,Maize (corn),1980,6771.2,A,6376700,A,941739,A
122,426,Lesotho,56,Maize (corn),1980,957.1,A,105618,A,110357,A
129,450,Madagascar,56,Maize (corn),1980,997.5,A,127570,A,127890,A
136,478,Mauritania,56,Maize (corn),1980,645.2,A,5000,A,7750,A
153,540,New Caledonia,56,Maize (corn),1980,2924.5,A,1550,A,530,A
156,554,New Zealand,56,Maize (corn),1980,8075.8,A,156461,A,19374,A
158,562,Niger,56,Maize (corn),1980,657.9,A,10000,A,15200,A
233,854,Burkina Faso,56,Maize (corn),1980,902.9,A,104510,A,115747,A
248,890,Yugoslav SFR,56,Maize (corn),1980,4231.2,A,9317000,A,2202000,A
7,24,Angola,56,Maize (corn),1980,600,X,360000,X,600000,X
16,50,Bangladesh,56,Maize (corn),1980,714.6,A,1377,A,1927,A
19,68,Bolivia (Plurinational State of),56,Maize (corn),1980,1306.3,A,383365,A,293480,A
29,108,Burundi,56,Maize (corn),1980,1076.9,E,140000,A,130000,E
112,400,Jordan,56,Maize (corn),1980,7650,A,459,A,60,A
132,462,Maldives,56,Maize (corn),1980,1000,E,7,A,7,E
147,516,Namibia,56,Maize (corn),1980,1230.8,E,32000,E,26000,E
203,724,Spain,56,Maize (corn),1980,5090.4,A,2313600,A,454500,A
207,740,Suriname,56,Maize (corn),1980,1584.7,A,290,A,183,A
228,810,USSR,56,Maize (corn),1980,3182.7,A,9454000,A,2970400,A
97,348,Hungary,56,Maize (corn),1980,5324.2,A,6673203,A,1253377,A
189,662,Saint Lucia,56,Maize (corn),1980,,,,E,,E
195,686,Senegal,56,Maize (corn),1980,727.4,A,56777,A,78059,A
231,840,United States of America,56,Maize (corn),1980,5711.8,A,168647008,A,29525904,A
234,858,Uruguay,56,Maize (corn),1980,953.8,A,125824,A,131923,A
2,4,Afghanistan,56,Maize (corn),1980,1671.1,E,752000,E,450000,E
8,28,Antigua and Barbuda,56,Maize (corn),1980,1705.9,E,29,A,17,E
10,36,Australia,56,Maize (corn),1980,2791.2,A,150903,A,54063,A
40,152,Chile,56,Maize (corn),1980,3487.3,A,405190,A,116190,A
41,156,"China, mainland",56,Maize (corn),1980,3078.9,A,62600000,A,20332000,A
49,192,Cuba,56,Maize (corn),1980,1233.8,X,95000,X,77000,X
56,214,Dominican Republic,56,Maize (corn),1980,1278.3,A,44488,A,34802,A
120,418,Lao People's Democratic Republic,56,Maize (corn),1980,1003.1,A,28398,A,28310,A
149,524,Nepal,56,Maize (corn),1980,1624.1,A,742940,A,457450,A
181,716,Zimbabwe,56,Maize (corn),1980,1339.6,A,1510739,A,1127733,A
206,736,Sudan (former),56,Maize (corn),1980,628.1,X,43000,X,68460,X
15,58,Belgium-Luxembourg,56,Maize (corn),1980,6280.1,A,39062,A,6220,A
23,84,Belize,56,Maize (corn),1980,1789.1,A,18825,A,10522,A
209,748,Eswatini,56,Maize (corn),1980,1359.7,A,96735,A,71145,A
101,360,Indonesia,56,Maize (corn),1980,1459.2,A,3990939,A,2734940,A
176,626,Timor-Leste,56,Maize (corn),1980,1041.7,E,50000,E,48000,E
4,12,Algeria,56,Maize (corn),1980,966,A,1478,A,1530,A
89,320,Guatemala,56,Maize (corn),1980,1369,A,902419,A,659200,A
137,480,Mauritius,56,Maize (corn),1980,2245.4,A,732,A,326,A
150,528,Netherlands (Kingdom of the),56,Maize (corn),1980,3921.6,A,2000,A,510,A
177,630,Puerto Rico,56,Maize (corn),1980,1034.5,E,150,E,145,E
201,706,Somalia,56,Maize (corn),1980,1009.2,A,110000,A,109000,A
45,174,Comoros,56,Maize (corn),1980,1000,E,5200,E,5200,E
59,818,Egypt,56,Maize (corn),1980,4036.6,A,3231075,A,800440,A
110,392,Japan,56,Maize (corn),1980,1988.6,A,3500,A,1760,A
197,694,Sierra Leone,56,Maize (corn),1980,923.1,E,12000,A,13000,E
102,364,Iran (Islamic Republic of),56,Maize (corn),1980,1428.6,X,60000,X,42000,X
12,44,Bahamas,56,Maize (corn),1981,1142.9,E,720,E,630,E
18,64,Bhutan,56,Maize (corn),1981,1420.8,A,80700,A,56800,A
21,76,Brazil,56,Maize (corn),1981,1833,A,21116912,A,11520336,A
40,152,Chile,56,Maize (corn),1981,4127.7,A,518150,A,125530,A
51,200,Czechoslovakia,56,Maize (corn),1981,4174.4,A,705687,A,169050,A
75,270,Gambia,56,Maize (corn),1981,1644.7,A,12500,A,7600,A
86,308,Grenada,56,Maize (corn),1981,1044.4,A,470,A,450,A
90,324,Guinea,56,Maize (corn),1981,1111.1,E,100000,E,90000,E
97,348,Hungary,56,Maize (corn),1981,5876.9,A,6997639,A,1190694,A
105,376,Israel,56,Maize (corn),1981,4498.5,A,14800,A,3290,A
112,400,Jordan,56,Maize (corn),1981,3658.2,A,289,A,79,A
131,458,Malaysia,56,Maize (corn),1981,1142.9,A,8000,A,7000,A
138,484,Mexico,56,Maize (corn),1981,1824,A,13988074,A,7668692,A
144,508,Mozambique,56,Maize (corn),1981,528.6,E,370000,E,700000,E
147,516,Namibia,56,Maize (corn),1981,1230.8,E,32000,E,26000,E
153,540,New Caledonia,56,Maize (corn),1981,3448,A,2155,A,625,A
155,548,Vanuatu,56,Maize (corn),1981,520,E,650,E,1250,E
157,558,Nicaragua,56,Maize (corn),1981,938.5,A,193154,A,205811,A
159,566,Nigeria,56,Maize (corn),1981,1643.8,A,720000,A,438000,A
177,630,Puerto Rico,56,Maize (corn),1981,5434.8,A,125,A,23,A
182,638,Réunion,56,Maize (corn),1981,5510.2,A,13500,A,2450,A
195,686,Senegal,56,Maize (corn),1981,1216.7,A,94825,A,77934,A
203,724,Spain,56,Maize (corn),1981,5031,A,2156800,A,428700,A
209,748,Eswatini,56,Maize (corn),1981,1683.5,A,93691,A,55654,A
15,58,Belgium-Luxembourg,56,Maize (corn),1981,6479.9,A,38251,A,5903,A
115,116,Cambodia,56,Maize (corn),1981,1000,A,85000,A,85000,A
33,124,Canada,56,Maize (corn),1981,5857.3,A,6682600,A,1140900,A
45,174,Comoros,56,Maize (corn),1981,1000,E,5300,E,5300,E
46,178,Congo,56,Maize (corn),1981,960,E,10560,A,11000,E
49,192,Cuba,56,Maize (corn),1981,1233.8,X,95000,X,77000,X
116,408,Democratic People's Republic of Korea,56,Maize (corn),1981,4058,E,2800000,E,690000,E
55,212,Dominica,56,Maize (corn),1981,1424.2,E,235,E,165,E
56,214,Dominican Republic,56,Maize (corn),1981,1385.2,A,40271,A,29072,A
101,360,Indonesia,56,Maize (corn),1981,1526,A,4509302,A,2955039,A
120,418,Lao People's Democratic Republic,56,Maize (corn),1981,1059.9,A,32780,A,30928,A
133,466,Mali,56,Maize (corn),1981,883.6,A,61145,A,69200,A
201,706,Somalia,56,Maize (corn),1981,720.8,A,142000,A,197000,A
207,740,Suriname,56,Maize (corn),1981,2000,A,410,A,205,A
211,756,Switzerland,56,Maize (corn),1981,7508.1,A,138600,A,18460,A
228,810,USSR,56,Maize (corn),1981,2660,A,9418000,A,3540600,A
225,784,United Arab Emirates,56,Maize (corn),1981,,,,M,,M
9,32,Argentina,56,Maize (corn),1981,3800.8,A,12900000,A,3394000,A
10,36,Australia,56,Maize (corn),1981,3058.4,A,172800,A,56500,A
16,50,Bangladesh,56,Maize (corn),1981,730,A,1344,A,1841,A
23,84,Belize,56,Maize (corn),1981,1844.4,A,21137,A,11460,A
32,120,Cameroon,56,Maize (corn),1981,977.3,A,431495,A,441500,A
72,262,Djibouti,56,Maize (corn),1981,2500,E,5,E,2,E
66,242,Fiji,56,Maize (corn),1981,2333.3,E,1400,E,600,E
114,404,Kenya,56,Maize (corn),1981,1578.6,A,1768000,A,1120000,A
130,454,Malawi,56,Maize (corn),1981,1131.8,E,1245000,A,1100000,X
132,462,Maldives,56,Maize (corn),1981,1000,E,8,A,8,E
136,478,Mauritania,56,Maize (corn),1981,519.5,A,4000,A,7700,A
165,586,Pakistan,56,Maize (corn),1981,1258.8,A,930400,A,739100,A
170,604,Peru,56,Maize (corn),1981,1730.7,A,590805,A,341365,A
184,646,Rwanda,56,Maize (corn),1981,1232.8,A,84800,A,68785,A
206,736,Sudan (former),56,Maize (corn),1981,489,X,31000,X,63400,X
220,780,Trinidad and Tobago,56,Maize (corn),1981,2785.8,E,3148,A,1130,E
8,28,Antigua and Barbuda,56,Maize (corn),1981,1800,E,45,A,25,E
19,68,Bolivia (Plurinational State of),56,Maize (corn),1981,1608.7,A,503710,A,313110,A
60,222,El Salvador,56,Maize (corn),1981,1809.8,A,499919,A,276224,A
68,250,France,56,Maize (corn),1981,5829.1,A,9145800,A,1569000,A
74,266,Gabon,56,Maize (corn),1981,1400,E,9520,A,6800,E
79,276,Germany,56,Maize (corn),1981,6444.4,A,835360,A,129626,A
81,288,Ghana,56,Maize (corn),1981,1016.1,A,378000,A,372000,A
89,320,Guatemala,56,Maize (corn),1981,1463.8,A,997464,A,681400,A
91,328,Guyana,56,Maize (corn),1981,866.2,A,680,A,785,A
117,410,Republic of Korea,56,Maize (corn),1981,4382.9,A,145342,A,33161,A
143,504,Morocco,56,Maize (corn),1981,248.6,A,90000,A,362000,A
149,524,Nepal,56,Maize (corn),1981,1580.5,A,751520,A,475490,A
156,554,New Zealand,56,Maize (corn),1981,8829.5,A,152080,A,17224,A
158,562,Niger,56,Maize (corn),1981,687.5,A,11000,A,16000,A
173,616,Poland,56,Maize (corn),1981,4204.8,A,65489,A,15575,A
183,642,Romania,56,Maize (corn),1981,2703.6,A,8321500,A,3077900,A
197,694,Sierra Leone,56,Maize (corn),1981,1076.9,E,14000,E,13000,E
212,760,Syrian Arab Republic,56,Maize (corn),1981,834.3,A,46150,A,55316,A
231,840,United States of America,56,Maize (corn),1981,6838,A,206222000,A,30158400,A
248,890,Yugoslav SFR,56,Maize (corn),1981,4269.5,A,9807000,A,2297000,A
20,72,Botswana,56,Maize (corn),1981,361.1,A,21415,A,59300,A
93,332,Haiti,56,Maize (corn),1981,944.6,A,175700,A,186000,A
100,356,India,56,Maize (corn),1981,1162.2,A,6897100,A,5934700,A
109,388,Jamaica,56,Maize (corn),1981,1454.3,A,4514,A,3104,A
110,392,Japan,56,Maize (corn),1981,2250,A,3150,A,1400,A
150,528,Netherlands (Kingdom of the),56,Maize (corn),1981,3148.1,E,510,E,162,A
191,670,Saint Vincent and the Grenadines,56,Maize (corn),1981,3235.3,E,550,E,170,E
223,792,Türkiye,56,Maize (corn),1981,2069,A,1200000,A,580000,A
237,704,Viet Nam,56,Maize (corn),1981,1117,A,429600,A,384600,A
2,4,Afghanistan,56,Maize (corn),1981,1669,E,701000,E,420000,E
7,24,Angola,56,Maize (corn),1981,416.7,E,250000,X,600000,E
14,52,Barbados,56,Maize (corn),1981,2500,E,2000,X,800,E
29,108,Burundi,56,Maize (corn),1981,1123.1,E,146000,A,130000,X
41,156,"China, mainland",56,Maize (corn),1981,3051.3,A,59210000,A,19405008,A
250,180,Democratic Republic of the Congo,56,Maize (corn),1981,833.4,A,636700,A,764000,A
48,188,Costa Rica,56,Maize (corn),1981,1764.6,A,82796,A,46920,A
53,204,Benin,56,Maize (corn),1981,664.6,A,287491,A,432553,A
102,364,Iran (Islamic Republic of),56,Maize (corn),1981,1950,E,39000,X,20000,E
103,368,Iraq,56,Maize (corn),1981,2229.8,A,39300,A,17625,A
107,384,Côte d'Ivoire,56,Maize (corn),1981,816.3,A,400000,A,490000,A
121,422,Lebanon,56,Maize (corn),1981,750,E,450,A,600,E
129,450,Madagascar,56,Maize (corn),1981,946,A,120665,A,127550,A
168,598,Papua New Guinea,56,Maize (corn),1981,1438.5,A,1099,A,764,A
171,608,Philippines,56,Maize (corn),1981,979,A,3290175,A,3360700,A
59,818,Egypt,56,Maize (corn),1981,4093.6,A,3307640,A,808009,A
215,834,United Republic of Tanzania,56,Maize (corn),1981,1362.2,E,1839000,A,1350000,E
3,8,Albania,56,Maize (corn),1981,3158.5,A,310800,A,98400,A
38,144,Sri Lanka,56,Maize (corn),1981,917.8,A,22100,A,24080,A
39,148,Chad,56,Maize (corn),1981,875,E,35000,E,40000,E
58,218,Ecuador,56,Maize (corn),1981,1150.3,A,281245,A,244491,A
122,426,Lesotho,56,Maize (corn),1981,846.7,A,105674,A,124812,A
124,434,Libya,56,Maize (corn),1981,1020.4,E,1000,E,980,E
174,620,Portugal,56,Maize (corn),1981,1440,A,420240,A,291838,A
176,626,Timor-Leste,56,Maize (corn),1981,1046.5,E,45000,E,43000,E
234,858,Uruguay,56,Maize (corn),1981,1236.5,A,180780,A,146202,A
233,854,Burkina Faso,56,Maize (corn),1981,829.7,A,118563,A,142897,A
35,132,Cabo Verde,56,Maize (corn),1981,428.6,E,3000,A,7000,E
37,140,Central African Republic,56,Maize (corn),1981,409.8,A,46073,A,112433,A
175,624,Guinea-Bissau,56,Maize (corn),1981,812.5,E,13000,X,16000,A
137,480,Mauritius,56,Maize (corn),1981,2462.4,A,1081,A,439,A
189,662,Saint Lucia,56,Maize (corn),1981,,,,M,,M
193,678,Sao Tome and Principe,56,Maize (corn),1981,1515.2,E,500,E,330,E
217,768,Togo,56,Maize (corn),1981,988,A,150970,A,152800,A
4,12,Algeria,56,Maize (corn),1981,1003.1,A,2277,A,2270,A
27,100,Bulgaria,56,Maize (corn),1981,4261.6,A,2400514,A,563289,A
118,414,Kuwait,56,Maize (corn),1981,11000,A,11,A,1,A
202,710,South Africa,56,Maize (corn),1981,3313.7,A,14872000,A,4488000,A
226,800,Uganda,56,Maize (corn),1981,1315.4,A,342000,A,260000,A
11,40,Austria,56,Maize (corn),1981,7270,A,1374386,A,189049,A
214,158,"China, Taiwan Province of",56,Maize (corn),1981,2729.8,A,96226,A,35250,A
62,230,Ethiopia PDR,56,Maize (corn),1981,1297.3,A,948249,A,730950,A
106,380,Italy,56,Maize (corn),1981,7281.6,A,7196700,A,988346,A
166,591,Panama,56,Maize (corn),1981,978.6,A,56970,A,58218,A
84,300,Greece,56,Maize (corn),1981,8577.1,A,1507000,A,175700,A
95,340,Honduras,56,Maize (corn),1981,1423.7,A,480672,A,337632,A
169,600,Paraguay,56,Maize (corn),1981,1610.3,X,314000,X,195000,X
216,764,Thailand,56,Maize (corn),1981,2353.8,A,3448538,A,1465080,A
28,104,Myanmar,56,Maize (corn),1981,1466,A,206066,A,140568,A
194,682,Saudi Arabia,56,Maize (corn),1981,272.7,A,2121,A,7779,A
236,862,Venezuela (Bolivarian Republic of),56,Maize (corn),1981,1451,A,452220,A,311661,A
251,894,Zambia,56,Maize (corn),1981,2039.9,A,1007280,A,493783,A
181,716,Zimbabwe,56,Maize (corn),1981,2078.1,A,2833395,A,1363448,A
44,170,Colombia,56,Maize (corn),1981,1399,A,880000,A,629000,A
249,887,Yemen,56,Maize (corn),1981,1697.2,X,68705,X,40481,X
40,152,Chile,56,Maize (corn),1982,3695.7,A,425000,A,115000,A
51,200,Czechoslovakia,56,Maize (corn),1982,5331.2,A,940710,A,176454,A
55,212,Dominica,56,Maize (corn),1982,1411.8,E,240,E,170,E
66,242,Fiji,56,Maize (corn),1982,2061.9,E,1000,E,485,A
79,276,Germany,56,Maize (corn),1982,6571.7,A,1055271,A,160577,A
81,288,Ghana,56,Maize (corn),1982,927.6,A,346000,A,373000,A
84,300,Greece,56,Maize (corn),1982,8707.9,A,1550000,A,178000,A
95,340,Honduras,56,Maize (corn),1982,1345.1,A,365662,A,271839,A
106,380,Italy,56,Maize (corn),1982,6750.9,A,6792700,A,1006191,A
112,400,Jordan,56,Maize (corn),1982,2887.5,A,231,A,80,A
130,454,Malawi,56,Maize (corn),1982,1179.2,E,1415000,A,1200000,E
133,466,Mali,56,Maize (corn),1982,992.7,A,47053,A,47400,A
143,504,Morocco,56,Maize (corn),1982,617.2,A,246890,A,400000,A
156,554,New Zealand,56,Maize (corn),1982,9070.5,A,170071,A,18750,A
177,630,Puerto Rico,56,Maize (corn),1982,4000,A,80,A,20,A
183,642,Romania,56,Maize (corn),1982,3816.4,A,10550000,A,2764387,A
184,646,Rwanda,56,Maize (corn),1982,1160.6,A,91956,A,79229,A
195,686,Senegal,56,Maize (corn),1982,975.8,A,76259,A,78149,A
197,694,Sierra Leone,56,Maize (corn),1982,1071.4,E,15000,E,14000,E
207,740,Suriname,56,Maize (corn),1982,1555.6,A,210,A,135,A
214,158,"China, Taiwan Province of",56,Maize (corn),1982,3027.8,A,118419,A,39110,A
250,180,Democratic Republic of the Congo,56,Maize (corn),1982,847.6,A,666250,A,786000,A
9,32,Argentina,56,Maize (corn),1982,3028.4,A,9600000,A,3170000,A
10,36,Australia,56,Maize (corn),1982,3481.9,A,212397,A,61000,A
16,50,Bangladesh,56,Maize (corn),1982,738.7,A,1173,A,1588,A
18,64,Bhutan,56,Maize (corn),1982,1420.9,A,80730,A,56817,A
20,72,Botswana,56,Maize (corn),1982,518.8,A,12400,A,23900,A
37,140,Central African Republic,56,Maize (corn),1982,402.3,A,48200,A,119820,A
41,156,"China, mainland",56,Maize (corn),1982,3269.1,A,60560000,A,18525008,A
46,178,Congo,56,Maize (corn),1982,570.1,E,6271,X,11000,E
62,230,Ethiopia PDR,56,Maize (corn),1982,1838.5,A,1199550,A,652470,A
91,328,Guyana,56,Maize (corn),1982,883.1,E,680,A,770,E
132,462,Maldives,56,Maize (corn),1982,1000,E,6,E,6,E
137,480,Mauritius,56,Maize (corn),1982,2536.9,A,1375,A,542,A
28,104,Myanmar,56,Maize (corn),1982,1760,A,239199,A,135908,A
150,528,Netherlands (Kingdom of the),56,Maize (corn),1982,5154.6,A,1000,A,194,A
165,586,Pakistan,56,Maize (corn),1982,1273,A,1005400,A,789800,A
166,591,Panama,56,Maize (corn),1982,856.1,A,61902,A,72310,A
189,662,Saint Lucia,56,Maize (corn),1982,,,,M,,M
223,792,Türkiye,56,Maize (corn),1982,2344.8,A,1360000,A,580000,A
248,890,Yugoslav SFR,56,Maize (corn),1982,4958.6,A,11137000,A,2246000,A
12,44,Bahamas,56,Maize (corn),1982,1165.4,E,740,E,635,E
14,52,Barbados,56,Maize (corn),1982,2500,E,2000,X,800,E
53,204,Benin,56,Maize (corn),1982,648.4,A,272913,A,420874,A
19,68,Bolivia (Plurinational State of),56,Maize (corn),1982,1573.3,A,449605,A,285780,A
21,76,Brazil,56,Maize (corn),1982,1730.8,A,21842480,A,12619531,A
27,100,Bulgaria,56,Maize (corn),1982,5504.7,A,3417731,A,620879,A
35,132,Cabo Verde,56,Maize (corn),1982,440,E,4400,A,10000,E
72,262,Djibouti,56,Maize (corn),1982,2500,E,5,E,2,E
60,222,El Salvador,56,Maize (corn),1982,1734.4,A,414000,A,238700,A
75,270,Gambia,56,Maize (corn),1982,1808.5,A,17000,A,9400,A
90,324,Guinea,56,Maize (corn),1982,1111.1,E,100000,E,90000,E
175,624,Guinea-Bissau,56,Maize (corn),1982,650,A,9750,A,15000,A
93,332,Haiti,56,Maize (corn),1982,999.4,A,170900,A,171000,A
97,348,Hungary,56,Maize (corn),1982,6874.3,A,7959152,A,1157812,A
114,404,Kenya,56,Maize (corn),1982,2071.2,A,2502000,A,1208000,A
118,414,Kuwait,56,Maize (corn),1982,5000,E,25,E,5,E
121,422,Lebanon,56,Maize (corn),1982,695.7,A,320,A,460,A
147,516,Namibia,56,Maize (corn),1982,1230.8,E,32000,E,26000,E
173,616,Poland,56,Maize (corn),1982,4195.7,A,67694,A,16134,A
117,410,Republic of Korea,56,Maize (corn),1982,4119.4,A,117048,A,28414,A
182,638,Réunion,56,Maize (corn),1982,5510.2,A,13500,A,2450,A
193,678,Sao Tome and Principe,56,Maize (corn),1982,1515.2,E,500,E,330,E
206,736,Sudan (former),56,Maize (corn),1982,491.5,E,29000,A,59000,X
155,548,Vanuatu,56,Maize (corn),1982,520,E,650,E,1250,E
38,144,Sri Lanka,56,Maize (corn),1982,837.9,A,22360,A,26685,A
44,170,Colombia,56,Maize (corn),1982,1412.5,A,898500,A,636100,A
56,214,Dominican Republic,56,Maize (corn),1982,1298.6,A,27709,A,21338,A
103,368,Iraq,56,Maize (corn),1982,2364.8,A,28200,A,11925,A
149,524,Nepal,56,Maize (corn),1982,1406.2,A,718240,A,510770,A
158,562,Niger,56,Maize (corn),1982,680.9,A,7282,A,10695,A
202,710,South Africa,56,Maize (corn),1982,1882.7,A,8781000,A,4664000,A
209,748,Eswatini,56,Maize (corn),1982,886.8,A,52267,A,58936,A
231,840,United States of America,56,Maize (corn),1982,7108.2,A,209180000,A,29427904,A
249,887,Yemen,56,Maize (corn),1982,1733.7,X,74205,X,42802,X
2,4,Afghanistan,56,Maize (corn),1982,1665.8,X,663000,X,398000,X
11,40,Austria,56,Maize (corn),1982,7850,A,1550775,A,197551,A
49,192,Cuba,56,Maize (corn),1982,1233.8,X,95000,X,77000,X
68,250,France,56,Maize (corn),1982,6318.5,A,10400200,A,1646000,A
100,356,India,56,Maize (corn),1982,1144.8,A,6548500,A,5720300,A
102,364,Iran (Islamic Republic of),56,Maize (corn),1982,2000,E,28000,X,14000,E
124,434,Libya,56,Maize (corn),1982,1020.4,A,1000,A,980,A
159,566,Nigeria,56,Maize (corn),1982,1377.7,A,766000,A,556000,A
171,608,Philippines,56,Maize (corn),1982,990,A,3125885,A,3157480,A
176,626,Timor-Leste,56,Maize (corn),1982,1043.5,E,48000,E,46000,E
201,706,Somalia,56,Maize (corn),1982,717.2,A,149900,A,209000,A
203,724,Spain,56,Maize (corn),1982,5570.4,A,2330100,A,418300,A
236,862,Venezuela (Bolivarian Republic of),56,Maize (corn),1982,1642.5,A,500966,A,304995,A
237,704,Viet Nam,56,Maize (corn),1982,1148.7,A,438100,A,381400,A
7,24,Angola,56,Maize (corn),1982,416.7,E,250000,E,600000,E
23,84,Belize,56,Maize (corn),1982,1925.7,A,21183,A,11000,A
115,116,Cambodia,56,Maize (corn),1982,836.1,A,51000,A,61000,A
39,148,Chad,56,Maize (corn),1982,724.4,A,29700,A,41000,A
144,508,Mozambique,56,Maize (corn),1982,437.5,E,350000,E,800000,E
168,598,Papua New Guinea,56,Maize (corn),1982,1325.8,A,1294,A,976,A
170,604,Peru,56,Maize (corn),1982,1741.8,A,658558,A,378081,A
174,620,Portugal,56,Maize (corn),1982,1564.3,A,463785,A,296479,A
191,670,Saint Vincent and the Grenadines,56,Maize (corn),1982,3333.3,E,600,E,180,E
216,764,Thailand,56,Maize (corn),1982,2298.8,A,3002304,A,1306033,A
215,834,United Republic of Tanzania,56,Maize (corn),1982,1343,A,1654000,A,1231550,A
234,858,Uruguay,56,Maize (corn),1982,1025,A,97324,A,94948,A
251,894,Zambia,56,Maize (corn),1982,1650.7,A,750240,A,454500,A
3,8,Albania,56,Maize (corn),1982,3725.2,A,341600,A,91700,A
32,120,Cameroon,56,Maize (corn),1982,1092.8,A,503120,A,460380,A
58,218,Ecuador,56,Maize (corn),1982,1496.4,A,323978,A,216505,A
153,540,New Caledonia,56,Maize (corn),1982,3182.1,A,2062,A,648,A
194,682,Saudi Arabia,56,Maize (corn),1982,935.4,A,1143,A,1222,A
212,760,Syrian Arab Republic,56,Maize (corn),1982,895.4,A,49529,A,55316,A
228,810,USSR,56,Maize (corn),1982,3537.6,A,14720000,A,4161000,A
233,854,Burkina Faso,56,Maize (corn),1982,823.5,A,111294,A,135155,A
48,188,Costa Rica,56,Maize (corn),1982,1529.4,A,82300,A,53812,A
107,384,Côte d'Ivoire,56,Maize (corn),1982,826.9,A,430000,A,520000,A
120,418,Lao People's Democratic Republic,56,Maize (corn),1982,1099.8,A,34699,A,31550,A
136,478,Mauritania,56,Maize (corn),1982,571.4,A,4000,A,7000,A
157,558,Nicaragua,56,Maize (corn),1982,925.6,A,190495,A,205800,A
217,768,Togo,56,Maize (corn),1982,861.5,A,150929,A,175200,A
226,800,Uganda,56,Maize (corn),1982,1378.9,A,393000,A,285000,A
181,716,Zimbabwe,56,Maize (corn),1982,1276.7,A,1808376,A,1416440,A
4,12,Algeria,56,Maize (corn),1982,783.6,A,1434,A,1830,A
8,28,Antigua and Barbuda,56,Maize (corn),1982,1787.9,E,59,A,33,E
29,108,Burundi,56,Maize (corn),1982,1107.7,E,144000,A,130000,E
86,308,Grenada,56,Maize (corn),1982,900,E,423,A,470,E
105,376,Israel,56,Maize (corn),1982,6526.8,A,28000,A,4290,A
109,388,Jamaica,56,Maize (corn),1982,1302.2,A,3094,A,2376,A
110,392,Japan,56,Maize (corn),1982,2029.7,A,2050,A,1010,A
169,600,Paraguay,56,Maize (corn),1982,1489.2,X,344000,X,231000,X
211,756,Switzerland,56,Maize (corn),1982,8532.6,A,172700,A,20240,A
225,784,United Arab Emirates,56,Maize (corn),1982,,,,M,,M
33,124,Canada,56,Maize (corn),1982,5881.2,A,6522300,A,1109000,A
45,174,Comoros,56,Maize (corn),1982,1000,E,5200,E,5200,A
74,266,Gabon,56,Maize (corn),1982,1458.3,E,10500,E,7200,E
89,320,Guatemala,56,Maize (corn),1982,1644.9,A,1099837,A,668640,A
131,458,Malaysia,56,Maize (corn),1982,1125,A,9000,A,8000,A
116,408,Democratic People's Republic of Korea,56,Maize (corn),1982,4202.9,E,2900000,E,690000,E
101,360,Indonesia,56,Maize (corn),1982,1569.3,A,3234825,A,2061299,A
122,426,Lesotho,56,Maize (corn),1982,726.5,A,83028,A,114282,A
59,818,Egypt,56,Maize (corn),1982,4118.1,A,3347293,A,812832,A
129,450,Madagascar,56,Maize (corn),1982,969.7,A,113000,A,116525,A
220,780,Trinidad and Tobago,56,Maize (corn),1982,2806.2,A,3011,A,1073,A
15,58,Belgium-Luxembourg,56,Maize (corn),1982,7860,A,52363,A,6662,A
138,484,Mexico,56,Maize (corn),1982,1797.6,A,10119665,A,5629549,A
7,24,Angola,56,Maize (corn),1983,458.3,E,275000,E,600000,E
10,36,Australia,56,Maize (corn),1983,2165.3,A,139126,A,64253,A
32,120,Cameroon,56,Maize (corn),1983,1029.1,A,488800,A,475000,A
45,174,Comoros,56,Maize (corn),1983,1250,E,5000,E,4000,E
49,192,Cuba,56,Maize (corn),1983,1233.8,X,95000,X,77000,X
62,230,Ethiopia PDR,56,Maize (corn),1983,1955.6,A,1602950,A,819670,A
86,308,Grenada,56,Maize (corn),1983,949.3,A,393,A,414,A
89,320,Guatemala,56,Maize (corn),1983,1835.7,A,1045800,A,569700,A
90,324,Guinea,56,Maize (corn),1983,1111.1,E,100000,E,90000,E
97,348,Hungary,56,Maize (corn),1983,5694,A,6425808,A,1128532,A
102,364,Iran (Islamic Republic of),56,Maize (corn),1983,1956.5,X,90000,X,46000,X
107,384,Côte d'Ivoire,56,Maize (corn),1983,745.5,A,410000,A,550000,A
112,400,Jordan,56,Maize (corn),1983,1333.3,X,200,X,150,X
114,404,Kenya,56,Maize (corn),1983,1769.2,A,2300000,A,1300000,A
116,408,Democratic People's Republic of Korea,56,Maize (corn),1983,4347.8,E,3000000,E,690000,E
120,418,Lao People's Democratic Republic,56,Maize (corn),1983,1069.4,A,31863,A,29794,A
144,508,Mozambique,56,Maize (corn),1983,412.5,E,330000,E,800000,E
156,554,New Zealand,56,Maize (corn),1983,8298.5,A,142768,A,17204,A
175,624,Guinea-Bissau,56,Maize (corn),1983,625,A,10000,A,16000,A
183,642,Romania,56,Maize (corn),1983,3507.9,A,10296000,A,2935120,A
184,646,Rwanda,56,Maize (corn),1983,1291.6,A,110300,A,85400,A
191,670,Saint Vincent and the Grenadines,56,Maize (corn),1983,3351.4,E,620,E,185,E
195,686,Senegal,56,Maize (corn),1983,859.3,A,60594,A,70512,A
212,760,Syrian Arab Republic,56,Maize (corn),1983,484.1,A,26779,A,55316,A
215,834,United Republic of Tanzania,56,Maize (corn),1983,1342.7,A,1651000,A,1229620,A
220,780,Trinidad and Tobago,56,Maize (corn),1983,2807.9,A,2909,A,1036,A
223,792,Türkiye,56,Maize (corn),1983,2690.9,A,1480000,A,550000,A
228,810,USSR,56,Maize (corn),1983,3413.7,A,13293000,A,3894000,A
231,840,United States of America,56,Maize (corn),1983,5089.3,A,106030000,A,20834000,A
236,862,Venezuela (Bolivarian Republic of),56,Maize (corn),1983,1572.6,A,487838,A,310208,A
248,890,Yugoslav SFR,56,Maize (corn),1983,4734.5,A,10719000,A,2264000,A
250,180,Democratic Republic of the Congo,56,Maize (corn),1983,830.9,A,673068,A,810000,A
2,4,Afghanistan,56,Maize (corn),1983,1664.1,X,639000,X,384000,X
14,52,Barbados,56,Maize (corn),1983,2500,E,2000,E,800,E
41,156,"China, mainland",56,Maize (corn),1983,3623.5,A,68210000,A,18824208,A
74,266,Gabon,56,Maize (corn),1983,1500,E,12000,E,8000,E
75,270,Gambia,56,Maize (corn),1983,1231.9,A,8500,A,6900,A
103,368,Iraq,56,Maize (corn),1983,1873.3,A,28100,A,15000,A
105,376,Israel,56,Maize (corn),1983,7204.5,A,38400,A,5330,A
110,392,Japan,56,Maize (corn),1983,1362.7,A,1067,A,783,A
118,414,Kuwait,56,Maize (corn),1983,5000,E,30,E,6,E
122,426,Lesotho,56,Maize (corn),1983,736,A,76200,A,103529,A
158,562,Niger,56,Maize (corn),1983,620.4,A,6524,A,10515,A
159,566,Nigeria,56,Maize (corn),1983,970.7,A,1027000,A,1058000,A
170,604,Peru,56,Maize (corn),1983,1697.7,A,625645,A,368515,A
173,616,Poland,56,Maize (corn),1983,4136.2,A,63789,A,15422,A
177,630,Puerto Rico,56,Maize (corn),1983,5000,A,100,A,20,A
206,736,Sudan (former),56,Maize (corn),1983,490.6,E,26000,A,53000,E
226,800,Uganda,56,Maize (corn),1983,1400,A,413000,A,295000,A
155,548,Vanuatu,56,Maize (corn),1983,520,E,650,E,1250,E
237,704,Viet Nam,56,Maize (corn),1983,1237.1,A,468000,A,378300,A
251,894,Zambia,56,Maize (corn),1983,1710.8,A,935280,A,546700,A
8,28,Antigua and Barbuda,56,Maize (corn),1983,1789.5,E,68,A,38,E
16,50,Bangladesh,56,Maize (corn),1983,782.9,A,963,A,1230,A
29,108,Burundi,56,Maize (corn),1983,1138.5,E,148000,A,130000,E
48,188,Costa Rica,56,Maize (corn),1983,1515.9,A,94113,A,62083,A
91,328,Guyana,56,Maize (corn),1983,906.7,E,816,A,900,E
130,454,Malawi,56,Maize (corn),1983,1171,A,1369403,A,1169402,A
137,480,Mauritius,56,Maize (corn),1983,2865.7,A,1195,A,417,A
169,600,Paraguay,56,Maize (corn),1983,1541.2,X,262000,X,170000,X
117,410,Republic of Korea,56,Maize (corn),1983,3692.8,A,100637,A,27252,A
4,12,Algeria,56,Maize (corn),1983,933.3,A,2800,A,3000,A
9,32,Argentina,56,Maize (corn),1983,3030.3,A,9000000,A,2970000,A
15,58,Belgium-Luxembourg,56,Maize (corn),1983,7530,A,39367,A,5228,A
18,64,Bhutan,56,Maize (corn),1983,1399.7,E,83000,E,59300,E
40,152,Chile,56,Maize (corn),1983,4337,A,511550,A,117950,A
44,170,Colombia,56,Maize (corn),1983,1483.4,A,863800,A,582300,A
51,200,Czechoslovakia,56,Maize (corn),1983,4443.4,A,721825,A,162448,A
60,222,El Salvador,56,Maize (corn),1983,1834.9,A,443118,A,241500,A
79,276,Germany,56,Maize (corn),1983,5522.4,A,933853,A,169103,A
84,300,Greece,56,Maize (corn),1983,9156.3,A,1758000,A,192000,A
93,332,Haiti,56,Maize (corn),1983,930,E,186000,A,200000,X
131,458,Malaysia,56,Maize (corn),1983,1428.6,A,20000,A,14000,A
138,484,Mexico,56,Maize (corn),1983,1777,A,13188000,A,7421317,A
176,626,Timor-Leste,56,Maize (corn),1983,1021.3,E,48000,E,47000,E
12,44,Bahamas,56,Maize (corn),1983,1250,E,750,E,600,E
20,72,Botswana,56,Maize (corn),1983,433.4,A,8495,A,19600,A
38,144,Sri Lanka,56,Maize (corn),1983,1096.5,A,28760,A,26230,A
39,148,Chad,56,Maize (corn),1983,777.6,A,28740,A,36960,A
53,204,Benin,56,Maize (corn),1983,622.2,A,281895,A,453075,A
55,212,Dominica,56,Maize (corn),1983,1388.9,E,250,E,180,E
68,250,France,56,Maize (corn),1983,6250,A,10525000,A,1684000,A
100,356,India,56,Maize (corn),1983,1352.1,A,7922000,A,5859000,A
101,360,Indonesia,56,Maize (corn),1983,1694.4,A,5086875,A,3002227,A
150,528,Netherlands (Kingdom of the),56,Maize (corn),1983,6309.1,A,2000,A,317,A
153,540,New Caledonia,56,Maize (corn),1983,3008.9,A,1685,A,560,A
174,620,Portugal,56,Maize (corn),1983,1560.9,A,461090,A,295403,A
193,678,Sao Tome and Principe,56,Maize (corn),1983,1500,E,600,E,400,E
233,854,Burkina Faso,56,Maize (corn),1983,564.7,A,70743,A,125280,A
19,68,Bolivia (Plurinational State of),56,Maize (corn),1983,1292.7,A,337190,A,260844,A
21,76,Brazil,56,Maize (corn),1983,1749.6,A,18731216,A,10705979,A
115,116,Cambodia,56,Maize (corn),1983,877.6,A,43000,A,49000,A
35,132,Cabo Verde,56,Maize (corn),1983,385.7,E,2700,A,7000,E
56,214,Dominican Republic,56,Maize (corn),1983,1413.6,A,38457,A,27205,A
81,288,Ghana,56,Maize (corn),1983,430,A,172000,A,400000,A
95,340,Honduras,56,Maize (corn),1983,1485.1,A,458149,A,308497,A
129,450,Madagascar,56,Maize (corn),1983,1045.9,A,132100,A,126300,A
143,504,Morocco,56,Maize (corn),1983,594.2,A,258360,A,434800,A
166,591,Panama,56,Maize (corn),1983,911.9,A,73986,A,81130,A
197,694,Sierra Leone,56,Maize (corn),1983,1071.4,E,15000,E,14000,E
207,740,Suriname,56,Maize (corn),1983,1352.5,A,165,A,122,A
59,818,Egypt,56,Maize (corn),1983,4279.3,A,3509000,A,820000,A
3,8,Albania,56,Maize (corn),1983,4226.3,A,366000,A,86600,A
23,84,Belize,56,Maize (corn),1983,1700.4,A,17599,A,10350,A
109,388,Jamaica,56,Maize (corn),1983,1294.5,A,3653,A,2822,A
124,434,Libya,56,Maize (corn),1983,1020.4,A,1000,A,980,A
133,466,Mali,56,Maize (corn),1983,1142.5,A,144300,A,126300,A
168,598,Papua New Guinea,56,Maize (corn),1983,1595.1,A,1225,A,768,A
182,638,Réunion,56,Maize (corn),1983,4176.3,A,11610,A,2780,A
201,706,Somalia,56,Maize (corn),1983,1078.2,A,235700,A,218600,A
11,40,Austria,56,Maize (corn),1983,6990,A,1453703,A,207969,A
27,100,Bulgaria,56,Maize (corn),1983,5229.1,A,3114766,A,595661,A
37,140,Central African Republic,56,Maize (corn),1983,417.6,E,39676,A,95000,E
214,158,"China, Taiwan Province of",56,Maize (corn),1983,4489.8,A,195449,A,43532,A
46,178,Congo,56,Maize (corn),1983,716.6,E,10749,A,15000,E
72,262,Djibouti,56,Maize (corn),1983,2500,E,5,E,2,E
209,748,Eswatini,56,Maize (corn),1983,676.8,A,29876,A,44143,A
121,422,Lebanon,56,Maize (corn),1983,666.7,E,300,E,450,E
132,462,Maldives,56,Maize (corn),1983,1000,E,4,E,4,E
157,558,Nicaragua,56,Maize (corn),1983,995.1,A,163411,A,164220,A
165,586,Pakistan,56,Maize (corn),1983,1270.1,A,1013500,A,798000,A
194,682,Saudi Arabia,56,Maize (corn),1983,813.6,A,672,A,826,A
217,768,Togo,56,Maize (corn),1983,669.1,A,144663,A,216200,A
249,887,Yemen,56,Maize (corn),1983,972.6,X,40463,X,41602,X
66,242,Fiji,56,Maize (corn),1983,2257.9,A,1716,A,760,A
149,524,Nepal,56,Maize (corn),1983,1510.8,A,761110,A,503770,A
203,724,Spain,56,Maize (corn),1983,5092.3,A,1803400,A,354145,A
211,756,Switzerland,56,Maize (corn),1983,7302.4,A,138600,A,18980,A
28,104,Myanmar,56,Maize (corn),1983,1712.1,A,309556,A,180800,A
147,516,Namibia,56,Maize (corn),1983,1214.3,E,34000,E,28000,E
216,764,Thailand,56,Maize (corn),1983,2267.4,A,3552391,A,1566726,A
234,858,Uruguay,56,Maize (corn),1983,1114,A,103710,A,93094,A
33,124,Canada,56,Maize (corn),1983,5517.7,A,5931000,A,1074900,A
202,710,South Africa,56,Maize (corn),1983,940,A,4399000,A,4680000,A
181,716,Zimbabwe,56,Maize (corn),1983,682.1,A,909786,A,1333880,A
189,662,Saint Lucia,56,Maize (corn),1983,,,,M,,M
58,218,Ecuador,56,Maize (corn),1983,1114.6,A,229417,A,205828,A
106,380,Italy,56,Maize (corn),1983,6824,A,6698900,A,981661,A
136,478,Mauritania,56,Maize (corn),1983,500,E,3000,A,6000,E
171,608,Philippines,56,Maize (corn),1983,1023.2,A,3346235,A,3270210,A
225,784,United Arab Emirates,56,Maize (corn),1983,,,,M,,M
9,32,Argentina,56,Maize (corn),1984,3140.7,A,9500000,A,3024800,A
11,40,Austria,56,Maize (corn),1984,7460,A,1542072,A,206712,A
28,104,Myanmar,56,Maize (corn),1984,1629.2,A,303307,A,186172,A
48,188,Costa Rica,56,Maize (corn),1984,1680.3,A,102869,A,61222,A
49,192,Cuba,56,Maize (corn),1984,1233.8,X,95000,X,77000,X
59,818,Egypt,56,Maize (corn),1984,4455.4,A,3698000,A,830000,A
66,242,Fiji,56,Maize (corn),1984,2317.1,A,1900,A,820,A
75,270,Gambia,56,Maize (corn),1984,1358.7,A,12500,A,9200,A
86,308,Grenada,56,Maize (corn),1984,949.3,A,393,A,414,A
90,324,Guinea,56,Maize (corn),1984,1055.8,E,100000,X,94715,A
91,328,Guyana,56,Maize (corn),1984,777.8,E,700,A,900,E
114,404,Kenya,56,Maize (corn),1984,1443.7,A,1422000,A,985000,A
115,116,Cambodia,56,Maize (corn),1984,1116.3,A,48000,A,43000,A
118,414,Kuwait,56,Maize (corn),1984,5142.9,A,36,A,7,A
132,462,Maldives,56,Maize (corn),1984,1000,E,3,X,3,E
143,504,Morocco,56,Maize (corn),1984,688.1,A,263960,A,383600,A
144,508,Mozambique,56,Maize (corn),1984,437.5,E,350000,E,800000,E
147,516,Namibia,56,Maize (corn),1984,1250,E,35000,E,28000,E
155,548,Vanuatu,56,Maize (corn),1984,520,E,650,E,1250,E
156,554,New Zealand,56,Maize (corn),1984,8780.4,A,154324,A,17576,A
173,616,Poland,56,Maize (corn),1984,3827,A,57340,A,14983,A
176,626,Timor-Leste,56,Maize (corn),1984,1087,E,50000,E,46000,E
184,646,Rwanda,56,Maize (corn),1984,1198.8,A,101900,A,85000,A
189,662,Saint Lucia,56,Maize (corn),1984,,,,M,,M
194,682,Saudi Arabia,56,Maize (corn),1984,1545.9,A,606,A,392,A
195,686,Senegal,56,Maize (corn),1984,1190.7,A,98450,A,82680,A
201,706,Somalia,56,Maize (corn),1984,1227.7,A,270100,A,220000,A
209,748,Eswatini,56,Maize (corn),1984,1790,A,147770,A,82553,A
214,158,"China, Taiwan Province of",56,Maize (corn),1984,4602,A,240192,A,52193,A
234,858,Uruguay,56,Maize (corn),1984,1344.1,A,111813,A,83191,A
249,887,Yemen,56,Maize (corn),1984,1228.8,X,49502,X,40284,X
251,894,Zambia,56,Maize (corn),1984,1721.1,A,871740,A,506500,A
23,84,Belize,56,Maize (corn),1984,1371.1,A,16158,A,11785,A
20,72,Botswana,56,Maize (corn),1984,148.5,A,490,A,3300,A
233,854,Burkina Faso,56,Maize (corn),1984,640.8,A,77399,A,120783,A
29,108,Burundi,56,Maize (corn),1984,1085.9,E,139000,A,128000,E
33,124,Canada,56,Maize (corn),1984,5897.1,A,6777500,A,1149300,A
45,174,Comoros,56,Maize (corn),1984,1725,E,3450,A,2000,E
46,178,Congo,56,Maize (corn),1984,654.6,E,13093,A,20000,E
107,384,Côte d'Ivoire,56,Maize (corn),1984,873.9,A,520000,A,595000,A
60,222,El Salvador,56,Maize (corn),1984,2166.2,A,527230,A,243390,A
74,266,Gabon,56,Maize (corn),1984,1511.6,E,13000,E,8600,E
89,320,Guatemala,56,Maize (corn),1984,1540.3,A,922000,A,598600,A
93,332,Haiti,56,Maize (corn),1984,932.3,E,186450,A,200000,X
97,348,Hungary,56,Maize (corn),1984,5901.8,A,6685685,A,1132820,A
137,480,Mauritius,56,Maize (corn),1984,4365,A,3265,A,748,A
149,524,Nepal,56,Maize (corn),1984,1416.7,A,819850,A,578720,A
150,528,Netherlands (Kingdom of the),56,Maize (corn),1984,2557.5,A,1000,A,391,A
169,600,Paraguay,56,Maize (corn),1984,1434.5,X,241000,X,168000,X
170,604,Peru,56,Maize (corn),1984,1977.7,A,775558,A,392160,A
171,608,Philippines,56,Maize (corn),1984,1065.7,A,3439000,A,3226950,A
191,670,Saint Vincent and the Grenadines,56,Maize (corn),1984,3315.8,E,630,E,190,E
228,810,USSR,56,Maize (corn),1984,3463.4,A,13573000,A,3919000,A
226,800,Uganda,56,Maize (corn),1984,974.1,A,338000,A,347000,A
2,4,Afghanistan,56,Maize (corn),1984,1661.2,X,608000,X,366000,X
8,28,Antigua and Barbuda,56,Maize (corn),1984,1705.9,E,29,A,17,E
10,36,Australia,56,Maize (corn),1984,3480.6,A,238150,A,68422,A
16,50,Bangladesh,56,Maize (corn),1984,817.9,A,925,A,1131,A
14,52,Barbados,56,Maize (corn),1984,2727.3,E,2400,E,880,E
32,120,Cameroon,56,Maize (corn),1984,1811.3,A,375063,A,207064,A
37,140,Central African Republic,56,Maize (corn),1984,526.3,E,42100,A,80000,E
41,156,"China, mainland",56,Maize (corn),1984,3960.2,A,73410000,A,18537008,A
55,212,Dominica,56,Maize (corn),1984,1352.9,E,230,E,170,E
68,250,France,56,Maize (corn),1984,6020.1,A,10493000,A,1743000,A
79,276,Germany,56,Maize (corn),1984,5651.6,A,1026425,A,181618,A
101,360,Indonesia,56,Maize (corn),1984,1713.4,A,5287825,A,3086246,A
110,392,Japan,56,Maize (corn),1984,2110.2,A,1570,A,744,A
120,418,Lao People's Democratic Republic,56,Maize (corn),1984,1187.2,A,33909,A,28563,A
121,422,Lebanon,56,Maize (corn),1984,1000,A,1344,A,1344,A
202,710,South Africa,56,Maize (corn),1984,991.3,A,4797000,A,4839000,A
211,756,Switzerland,56,Maize (corn),1984,7032.9,A,126100,A,17930,A
220,780,Trinidad and Tobago,56,Maize (corn),1984,2857.1,E,3000,E,1050,E
223,792,Türkiye,56,Maize (corn),1984,2728.9,A,1500000,A,549670,A
225,784,United Arab Emirates,56,Maize (corn),1984,,,,M,,M
236,862,Venezuela (Bolivarian Republic of),56,Maize (corn),1984,1748.9,A,547072,A,312811,A
248,890,Yugoslav SFR,56,Maize (corn),1984,4852.2,A,11312314,A,2331360,A
7,24,Angola,56,Maize (corn),1984,433.3,E,260000,E,600000,E
81,288,Ghana,56,Maize (corn),1984,961.3,A,696000,A,724000,A
84,300,Greece,56,Maize (corn),1984,9359.3,A,2162000,A,231000,A
109,388,Jamaica,56,Maize (corn),1984,1284.5,A,3680,A,2865,A
175,624,Guinea-Bissau,56,Maize (corn),1984,593.8,A,9500,A,16000,A
197,694,Sierra Leone,56,Maize (corn),1984,1076.9,E,14000,A,13000,X
215,834,United Republic of Tanzania,56,Maize (corn),1984,1373.4,A,1939000,A,1411830,A
216,764,Thailand,56,Maize (corn),1984,2430.5,A,4225572,A,1738594,A
237,704,Viet Nam,56,Maize (corn),1984,1377,A,532200,A,386500,A
21,76,Brazil,56,Maize (corn),1984,1761,A,21164144,A,12018446,A
27,100,Bulgaria,56,Maize (corn),1984,5528.8,A,2993905,A,541511,A
38,144,Sri Lanka,56,Maize (corn),1984,1071.5,A,35230,A,32880,A
39,148,Chad,56,Maize (corn),1984,815.7,A,17576,A,21546,A
44,170,Colombia,56,Maize (corn),1984,1457.5,A,864312,A,593000,A
138,484,Mexico,56,Maize (corn),1984,1855.4,A,12788809,A,6892682,A
157,558,Nicaragua,56,Maize (corn),1984,1099.8,A,204869,A,186270,A
158,562,Niger,56,Maize (corn),1984,352.4,A,3316,A,9410,A
168,598,Papua New Guinea,56,Maize (corn),1984,1441.3,A,712,A,494,A
203,724,Spain,56,Maize (corn),1984,5745.6,A,2529100,A,440180,A
212,760,Syrian Arab Republic,56,Maize (corn),1984,1082.9,A,59900,A,55316,A
4,12,Algeria,56,Maize (corn),1984,1867,A,5321,A,2850,A
51,200,Czechoslovakia,56,Maize (corn),1984,4817.3,A,940040,A,195138,A
56,214,Dominican Republic,56,Maize (corn),1984,1762.8,A,93194,A,52868,A
116,408,Democratic People's Republic of Korea,56,Maize (corn),1984,4637.7,E,3200000,E,690000,E
136,478,Mauritania,56,Maize (corn),1984,500,E,3000,A,6000,E
165,586,Pakistan,56,Maize (corn),1984,1270.5,A,1027600,A,808800,A
183,642,Romania,56,Maize (corn),1984,3200.4,A,9891000,A,3090530,A
206,736,Sudan (former),56,Maize (corn),1984,480,E,24000,A,50000,E
19,68,Bolivia (Plurinational State of),56,Maize (corn),1984,1543.6,A,496612,A,321731,A
100,356,India,56,Maize (corn),1984,1455.6,A,8441800,A,5799500,A
122,426,Lesotho,56,Maize (corn),1984,680,A,79384,A,116739,A
159,566,Nigeria,56,Maize (corn),1984,1139,A,1196000,A,1050000,A
174,620,Portugal,56,Maize (corn),1984,2052.9,A,521000,A,253791,A
217,768,Togo,56,Maize (corn),1984,929.4,A,221756,A,238600,A
3,8,Albania,56,Maize (corn),1984,3720.9,E,320000,E,86000,E
15,58,Belgium-Luxembourg,56,Maize (corn),1984,6760,A,52694,A,7795,A
53,204,Benin,56,Maize (corn),1984,807.7,A,379199,A,469478,A
40,152,Chile,56,Maize (corn),1984,5213.5,A,721390,A,138370,A
250,180,Democratic Republic of the Congo,56,Maize (corn),1984,847.1,A,703954,A,831000,A
62,230,Ethiopia PDR,56,Maize (corn),1984,1867.4,A,1532950,A,820890,A
106,380,Italy,56,Maize (corn),1984,6945.9,A,6672200,A,960589,A
129,450,Madagascar,56,Maize (corn),1984,1067.4,A,141000,A,132100,A
133,466,Mali,56,Maize (corn),1984,1135.8,A,101440,A,89310,A
153,540,New Caledonia,56,Maize (corn),1984,1234.8,A,731,A,592,A
181,716,Zimbabwe,56,Maize (corn),1984,832.6,A,1132803,A,1360586,A
35,132,Cabo Verde,56,Maize (corn),1984,493.6,A,2525,A,5115,A
103,368,Iraq,56,Maize (corn),1984,1645,A,30930,A,18803,A
105,376,Israel,56,Maize (corn),1984,6627.1,A,27900,A,4210,A
177,630,Puerto Rico,56,Maize (corn),1984,5000,A,100,A,20,A
231,840,United States of America,56,Maize (corn),1984,6698.1,A,194880000,A,29095008,A
72,262,Djibouti,56,Maize (corn),1984,2333.3,E,7,E,3,E
95,340,Honduras,56,Maize (corn),1984,1354.5,A,502249,A,370790,A
102,364,Iran (Islamic Republic of),56,Maize (corn),1984,2500,E,50000,X,20000,E
112,400,Jordan,56,Maize (corn),1984,2870.1,A,442,A,154,A
130,454,Malawi,56,Maize (corn),1984,1191.1,A,1397948,A,1173634,A
207,740,Suriname,56,Maize (corn),1984,1689.2,A,375,A,222,A
124,434,Libya,56,Maize (corn),1984,1020.4,A,1000,A,980,A
131,458,Malaysia,56,Maize (corn),1984,1571.4,A,22000,A,14000,A
166,591,Panama,56,Maize (corn),1984,1007.4,A,70589,A,70070,A
193,678,Sao Tome and Principe,56,Maize (corn),1984,1555.6,E,700,E,450,E
58,218,Ecuador,56,Maize (corn),1984,1329.4,A,325840,A,245112,A
117,410,Republic of Korea,56,Maize (corn),1984,4440.7,A,133400,A,30040,A
182,638,Réunion,56,Maize (corn),1984,4520,A,11300,A,2500,A
12,44,Bahamas,56,Maize (corn),1984,1333.3,E,800,E,600,E
18,64,Bhutan,56,Maize (corn),1984,1360.7,A,79566,A,58474,A
15,58,Belgium-Luxembourg,56,Maize (corn),1985,7140,A,50480,A,7070,A
27,100,Bulgaria,56,Maize (corn),1985,3102.7,A,1350433,A,435239,A
37,140,Central African Republic,56,Maize (corn),1985,963.9,A,45592,A,47300,A
58,218,Ecuador,56,Maize (corn),1985,1621.4,A,362611,A,223637,A
75,270,Gambia,56,Maize (corn),1985,1578.8,A,26350,A,16690,A
81,288,Ghana,56,Maize (corn),1985,1008.6,A,584000,A,579000,A
84,300,Greece,56,Maize (corn),1985,8603.7,A,1908000,A,221766,A
95,340,Honduras,56,Maize (corn),1985,1465,A,423075,A,288796,A
110,392,Japan,56,Maize (corn),1985,2460.6,A,1560,A,634,A
115,116,Cambodia,56,Maize (corn),1985,913,A,42000,A,46000,A
121,422,Lebanon,56,Maize (corn),1985,1000,E,1400,E,1400,E
130,454,Malawi,56,Maize (corn),1985,1183.5,A,1355202,A,1145102,A
143,504,Morocco,56,Maize (corn),1985,800.1,A,321000,A,401200,A
155,548,Vanuatu,56,Maize (corn),1985,519.7,E,660,E,1270,E
168,598,Papua New Guinea,56,Maize (corn),1985,2200.4,A,1076,A,489,A
171,608,Philippines,56,Maize (corn),1985,1117.1,A,3922000,A,3510910,A
177,630,Puerto Rico,56,Maize (corn),1985,1071.4,E,150,E,140,E
181,716,Zimbabwe,56,Maize (corn),1985,2163.7,A,2828000,A,1307000,A
183,642,Romania,56,Maize (corn),1985,3852,A,11903200,A,3090100,A
184,646,Rwanda,56,Maize (corn),1985,1218.2,A,99452,A,81639,A
193,678,Sao Tome and Principe,56,Maize (corn),1985,1516.7,E,728,A,480,E
201,706,Somalia,56,Maize (corn),1985,1195,A,280000,A,234300,A
215,834,United Republic of Tanzania,56,Maize (corn),1985,1327.8,A,2093000,A,1576280,A
220,780,Trinidad and Tobago,56,Maize (corn),1985,2857.1,E,3000,E,1050,E
234,858,Uruguay,56,Maize (corn),1985,1206.6,A,107979,A,89491,A
236,862,Venezuela (Bolivarian Republic of),56,Maize (corn),1985,1860.8,A,868431,A,466696,A
2,4,Afghanistan,56,Maize (corn),1985,1665.2,X,577000,X,346500,X
7,24,Angola,56,Maize (corn),1985,416.7,E,250000,E,600000,E
8,28,Antigua and Barbuda,56,Maize (corn),1985,1900,E,38,A,20,E
19,68,Bolivia (Plurinational State of),56,Maize (corn),1985,1587.5,A,553938,A,348929,A
32,120,Cameroon,56,Maize (corn),1985,1664.5,A,309752,A,186092,A
33,124,Canada,56,Maize (corn),1985,6204.3,A,6969900,A,1123400,A
41,156,"China, mainland",56,Maize (corn),1985,3607.2,A,63826000,A,17694000,A
49,192,Cuba,56,Maize (corn),1985,1233.8,X,95000,X,77000,X
72,262,Djibouti,56,Maize (corn),1985,1750,E,7,E,4,E
89,320,Guatemala,56,Maize (corn),1985,1650.1,A,1088400,A,659600,A
102,364,Iran (Islamic Republic of),56,Maize (corn),1985,3447.1,A,5867,A,1702,A
106,380,Italy,56,Maize (corn),1985,6888.8,A,6356600,A,922739,A
112,400,Jordan,56,Maize (corn),1985,1160,X,203,X,175,X
122,426,Lesotho,56,Maize (corn),1985,782.2,A,92350,A,118061,A
124,434,Libya,56,Maize (corn),1985,1022.2,E,920,E,900,E
28,104,Myanmar,56,Maize (corn),1985,1748.7,A,298798,A,170869,A
150,528,Netherlands (Kingdom of the),56,Maize (corn),1985,11441.6,A,5000,A,437,A
166,591,Panama,56,Maize (corn),1985,1146,A,96083,A,83840,A
194,682,Saudi Arabia,56,Maize (corn),1985,1300.4,A,1489,A,1145,A
211,756,Switzerland,56,Maize (corn),1985,7270,A,157200,A,21623,A
248,890,Yugoslav SFR,56,Maize (corn),1985,4121.6,A,9900895,A,2402199,A
3,8,Albania,56,Maize (corn),1985,3512.8,A,274000,A,78000,A
250,180,Democratic Republic of the Congo,56,Maize (corn),1985,800,A,760000,A,950000,A
56,214,Dominican Republic,56,Maize (corn),1985,1648.6,A,66786,A,40511,A
60,222,El Salvador,56,Maize (corn),1985,1954.4,A,495380,A,253470,A
74,266,Gabon,56,Maize (corn),1985,1444.4,A,13000,A,9000,A
100,356,India,56,Maize (corn),1985,1146,A,6643700,A,5797200,A
120,418,Lao People's Democratic Republic,56,Maize (corn),1985,1239.8,A,33333,A,26886,A
136,478,Mauritania,56,Maize (corn),1985,333.3,E,1000,A,3000,E
158,562,Niger,56,Maize (corn),1985,338.7,A,2716,A,8020,A
159,566,Nigeria,56,Maize (corn),1985,1173.5,A,1826000,A,1556000,A
170,604,Peru,56,Maize (corn),1985,1894.4,A,702470,A,370815,A
174,620,Portugal,56,Maize (corn),1985,2255.4,A,549736,A,243745,A
189,662,Saint Lucia,56,Maize (corn),1985,,,,M,,M
197,694,Sierra Leone,56,Maize (corn),1985,1076.9,E,14000,A,13000,X
203,724,Spain,56,Maize (corn),1985,6487.9,A,3413788,A,526179,A
9,32,Argentina,56,Maize (corn),1985,3562.9,A,11900000,A,3340000,A
14,52,Barbados,56,Maize (corn),1985,2500,E,2000,E,800,E
18,64,Bhutan,56,Maize (corn),1985,1357.1,E,76000,E,56000,E
39,148,Chad,56,Maize (corn),1985,830,A,35147,A,42344,A
53,204,Benin,56,Maize (corn),1985,889,A,434675,A,488945,A
86,308,Grenada,56,Maize (corn),1985,951.2,A,390,A,410,A
90,324,Guinea,56,Maize (corn),1985,1111.1,E,100000,X,90000,E
103,368,Iraq,56,Maize (corn),1985,1912.1,A,40951,A,21417,A
105,376,Israel,56,Maize (corn),1985,18099.6,A,98100,A,5420,A
107,384,Côte d'Ivoire,56,Maize (corn),1985,900.6,A,480000,A,533000,A
116,408,Democratic People's Republic of Korea,56,Maize (corn),1985,4782.6,E,3300000,E,690000,E
138,484,Mexico,56,Maize (corn),1985,1858.3,A,14103454,A,7589537,A
147,516,Namibia,56,Maize (corn),1985,725,E,8700,A,12000,E
149,524,Nepal,56,Maize (corn),1985,1421.5,A,873750,A,614680,A
169,600,Paraguay,56,Maize (corn),1985,1698.7,X,265000,X,156000,X
176,626,Timor-Leste,56,Maize (corn),1985,1067,E,53000,E,49673,X
217,768,Togo,56,Maize (corn),1985,906.1,A,181576,A,200400,A
228,810,USSR,56,Maize (corn),1985,3214.2,A,14406000,A,4482000,A
231,840,United States of America,56,Maize (corn),1985,7407.4,A,225453008,A,30436000,A
249,887,Yemen,56,Maize (corn),1985,1095.2,A,46000,A,42000,A
4,12,Algeria,56,Maize (corn),1985,637.6,A,1256,A,1970,A
10,36,Australia,56,Maize (corn),1985,2832.9,A,291430,A,102872,A
16,50,Bangladesh,56,Maize (corn),1985,866.9,A,3270,A,3772,A
40,152,Chile,56,Maize (corn),1985,5913.1,A,771776,A,130520,A
44,170,Colombia,56,Maize (corn),1985,1410.7,A,762600,A,540600,A
51,200,Czechoslovakia,56,Maize (corn),1985,5435.5,A,1113789,A,204909,A
62,230,Ethiopia PDR,56,Maize (corn),1985,1149.1,A,1087800,A,946670,A
66,242,Fiji,56,Maize (corn),1985,3400,A,1700,A,500,A
91,328,Guyana,56,Maize (corn),1985,1000,E,1100,A,1100,E
114,404,Kenya,56,Maize (corn),1985,1722.2,A,2430000,A,1411000,A
133,466,Mali,56,Maize (corn),1985,1284.5,A,140066,A,109042,A
156,554,New Zealand,56,Maize (corn),1985,9796.6,A,174604,A,17823,A
173,616,Poland,56,Maize (corn),1985,4297.3,A,68593,A,15962,A
182,638,Réunion,56,Maize (corn),1985,4472.9,A,12390,A,2770,A
206,736,Sudan (former),56,Maize (corn),1985,486.5,E,18000,A,37000,E
209,748,Eswatini,56,Maize (corn),1985,2022,E,171867,A,85000,E
214,158,"China, Taiwan Province of",56,Maize (corn),1985,4482.9,A,276307,A,61636,A
226,800,Uganda,56,Maize (corn),1985,1226.6,A,354000,A,288614,A
21,76,Brazil,56,Maize (corn),1985,1866.2,A,22018176,A,11798349,A
35,132,Cabo Verde,56,Maize (corn),1985,400.9,A,1323,A,3300,A
38,144,Sri Lanka,56,Maize (corn),1985,915,A,30250,A,33060,A
45,174,Comoros,56,Maize (corn),1985,1479.2,E,3550,A,2400,E
68,250,France,56,Maize (corn),1985,6576,A,12409000,A,1887000,A
79,276,Germany,56,Maize (corn),1985,6647.9,A,1204552,A,181193,A
93,332,Haiti,56,Maize (corn),1985,800,A,196295,A,245369,A
101,360,Indonesia,56,Maize (corn),1985,1774.4,A,4329503,A,2439966,A
237,704,Viet Nam,56,Maize (corn),1985,1477.7,A,587100,A,397300,A
212,760,Syrian Arab Republic,56,Maize (corn),1985,1424.5,A,78800,A,55316,A
223,792,Türkiye,56,Maize (corn),1985,3352.5,A,1900000,A,566740,A
11,40,Austria,56,Maize (corn),1985,8310,A,1726693,A,207785,A
12,44,Bahamas,56,Maize (corn),1985,1344.3,E,820,E,610,E
20,72,Botswana,56,Maize (corn),1985,181.6,A,1435,A,7900,A
46,178,Congo,56,Maize (corn),1985,756.4,E,15128,A,20000,E
118,414,Kuwait,56,Maize (corn),1985,11754.7,A,1869,A,159,A
131,458,Malaysia,56,Maize (corn),1985,1666.7,X,25000,X,15000,X
132,462,Maldives,56,Maize (corn),1985,1000,E,3,X,3,E
137,480,Mauritius,56,Maize (corn),1985,4747.6,A,4890,A,1030,A
144,508,Mozambique,56,Maize (corn),1985,444.4,E,400000,E,900000,E
157,558,Nicaragua,56,Maize (corn),1985,1097.8,A,207800,A,189280,A
191,670,Saint Vincent and the Grenadines,56,Maize (corn),1985,3300,E,660,E,200,E
207,740,Suriname,56,Maize (corn),1985,1627.5,A,249,A,153,A
225,784,United Arab Emirates,56,Maize (corn),1985,,,,M,,M
175,624,Guinea-Bissau,56,Maize (corn),1985,666.7,E,10000,E,15000,E
97,348,Hungary,56,Maize (corn),1985,6302.7,A,6817517,A,1081683,A
165,586,Pakistan,56,Maize (corn),1985,1255.6,A,1009400,A,803900,A
117,410,Republic of Korea,56,Maize (corn),1985,5041.7,A,131770,A,26136,A
129,450,Madagascar,56,Maize (corn),1985,1001.4,A,140200,A,140000,A
251,894,Zambia,56,Maize (corn),1985,1928.9,A,1122351,A,581846,A
195,686,Senegal,56,Maize (corn),1985,1449.3,A,146934,A,101381,A
216,764,Thailand,56,Maize (corn),1985,2571.9,A,4934118,A,1918449,A
23,84,Belize,56,Maize (corn),1985,1384.6,A,19631,A,14178,A
233,854,Burkina Faso,56,Maize (corn),1985,991,A,141782,A,143069,A
29,108,Burundi,56,Maize (corn),1985,1207.7,E,157000,A,130000,E
48,188,Costa Rica,56,Maize (corn),1985,1604.7,A,118660,A,73945,A
59,818,Egypt,56,Maize (corn),1985,4584.6,A,3686000,A,804000,A
109,388,Jamaica,56,Maize (corn),1985,1302.9,A,3893,A,2988,A
202,710,South Africa,56,Maize (corn),1985,1875.6,A,8444000,A,4502000,A
153,540,New Caledonia,56,Maize (corn),1985,3995.1,A,1638,A,410,A
55,212,Dominica,56,Maize (corn),1985,1333.3,E,200,E,150,E
16,50,Bangladesh,56,Maize (corn),1986,924.6,A,2920,A,3158,A
21,76,Brazil,56,Maize (corn),1986,1648.6,A,20541230,A,12460130,A
23,84,Belize,56,Maize (corn),1986,1603.6,A,18483,A,11526,A
32,120,Cameroon,56,Maize (corn),1986,1924.8,A,389269,A,202240,A
40,152,Chile,56,Maize (corn),1986,6886.5,A,721289,A,104740,A
68,250,France,56,Maize (corn),1986,6162.5,A,11641000,A,1889000,A
89,320,Guatemala,56,Maize (corn),1986,1765.6,A,1196000,A,677390,A
90,324,Guinea,56,Maize (corn),1986,1111.1,E,100000,X,90000,E
93,332,Haiti,56,Maize (corn),1986,802.7,A,205691,A,256250,A
115,116,Cambodia,56,Maize (corn),1986,1186,A,51000,A,43000,A
120,418,Lao People's Democratic Republic,56,Maize (corn),1986,1406.7,A,41680,A,29630,A
216,764,Thailand,56,Maize (corn),1986,2373.8,A,4308768,A,1815137,A
223,792,Türkiye,56,Maize (corn),1986,4107.3,A,2300000,A,559980,A
231,840,United States of America,56,Maize (corn),1986,7493,A,208943008,A,27885008,A
234,858,Uruguay,56,Maize (corn),1986,991.3,A,75600,A,76262,A
236,862,Venezuela (Bolivarian Republic of),56,Maize (corn),1986,1804,A,1172772,A,650095,A
249,887,Yemen,56,Maize (corn),1986,1191.7,A,52439,A,44003,A
3,8,Albania,56,Maize (corn),1986,4506.5,A,347000,A,77000,A
8,28,Antigua and Barbuda,56,Maize (corn),1986,1904.8,E,40,E,21,E
53,204,Benin,56,Maize (corn),1986,854.3,A,378347,A,442875,A
27,100,Bulgaria,56,Maize (corn),1986,4959.9,A,2848101,A,574224,A
233,854,Burkina Faso,56,Maize (corn),1986,938.8,A,154960,A,165070,A
33,124,Canada,56,Maize (corn),1986,5948.4,A,5911500,A,993800,A
37,140,Central African Republic,56,Maize (corn),1986,1201.8,A,94189,A,78373,A
55,212,Dominica,56,Maize (corn),1986,1200,E,180,E,150,E
86,308,Grenada,56,Maize (corn),1986,980,E,245,A,250,E
91,328,Guyana,56,Maize (corn),1986,1063.9,A,1448,A,1361,A
121,422,Lebanon,56,Maize (corn),1986,1266.7,E,1900,E,1500,E
124,434,Libya,56,Maize (corn),1986,1062.5,E,850,E,800,E
129,450,Madagascar,56,Maize (corn),1986,1033,A,152890,A,148000,A
137,480,Mauritius,56,Maize (corn),1986,4388.8,A,7970,A,1816,A
149,524,Nepal,56,Maize (corn),1986,1385.6,A,868350,A,626710,A
166,591,Panama,56,Maize (corn),1986,1102.2,A,92510,A,83930,A
169,600,Paraguay,56,Maize (corn),1986,1701.3,X,262000,X,154000,X
174,620,Portugal,56,Maize (corn),1986,2437.1,A,627994,A,257677,A
182,638,Réunion,56,Maize (corn),1986,4620.7,A,13400,A,2900,A
189,662,Saint Lucia,56,Maize (corn),1986,,,,M,,M
195,686,Senegal,56,Maize (corn),1986,1139.2,A,107883,A,94699,A
201,706,Somalia,56,Maize (corn),1986,1371.7,A,336200,A,245100,A
217,768,Togo,56,Maize (corn),1986,645.4,A,127022,A,196801,A
215,834,United Republic of Tanzania,56,Maize (corn),1986,1160.6,A,2211000,A,1905000,A
35,132,Cabo Verde,56,Maize (corn),1986,534.3,A,12138,A,22716,A
214,158,"China, Taiwan Province of",56,Maize (corn),1986,4290.6,A,321305,A,74886,A
44,170,Colombia,56,Maize (corn),1986,1332.2,A,788100,A,591600,A
250,180,Democratic Republic of the Congo,56,Maize (corn),1986,800,A,800000,A,1000000,A
59,818,Egypt,56,Maize (corn),1986,4990.3,E,3608000,A,723000,E
66,242,Fiji,56,Maize (corn),1986,3333.3,A,2000,A,600,A
74,266,Gabon,56,Maize (corn),1986,1451,A,20314,A,14000,A
75,270,Gambia,56,Maize (corn),1986,1565.6,A,17300,A,11050,A
81,288,Ghana,56,Maize (corn),1986,1184.5,A,559100,A,472000,A
175,624,Guinea-Bissau,56,Maize (corn),1986,769.2,E,10000,E,13000,E
102,364,Iran (Islamic Republic of),56,Maize (corn),1986,4563.1,A,33388,A,7317,A
106,380,Italy,56,Maize (corn),1986,7543.1,A,6401100,A,848600,A
122,426,Lesotho,56,Maize (corn),1986,708.9,A,86488,A,122008,A
165,586,Pakistan,56,Maize (corn),1986,1361.4,A,1111200,A,816200,A
197,694,Sierra Leone,56,Maize (corn),1986,572.5,A,8267,A,14440,A
202,710,South Africa,56,Maize (corn),1986,1780.9,A,8600000,A,4829000,A
203,724,Spain,56,Maize (corn),1986,6534.2,A,3423700,A,523965,A
206,736,Sudan (former),56,Maize (corn),1986,571.4,E,36000,A,63000,E
226,800,Uganda,56,Maize (corn),1986,1000.1,A,322000,A,321953,A
11,40,Austria,56,Maize (corn),1986,8030,A,1739740,A,216655,A
15,58,Belgium-Luxembourg,56,Maize (corn),1986,7940,A,56882,A,7164,A
20,72,Botswana,56,Maize (corn),1986,409.1,A,3600,A,8800,A
38,144,Sri Lanka,56,Maize (corn),1986,1301.8,A,40620,A,31202,A
56,214,Dominican Republic,56,Maize (corn),1986,1475.1,A,47098,A,31929,A
58,218,Ecuador,56,Maize (corn),1986,973.7,A,466880,A,479500,A
100,356,India,56,Maize (corn),1986,1281.9,A,7592800,A,5923100,A
110,392,Japan,56,Maize (corn),1986,1992,A,1000,A,502,A
118,414,Kuwait,56,Maize (corn),1986,15015.6,A,1922,A,128,A
138,484,Mexico,56,Maize (corn),1986,1840.6,A,11909708,A,6470501,A
147,516,Namibia,56,Maize (corn),1986,1272.6,E,22907,A,18000,E
183,642,Romania,56,Maize (corn),1986,3814,A,10900900,A,2858100,A
194,682,Saudi Arabia,56,Maize (corn),1986,868.7,A,1455,A,1675,A
207,740,Suriname,56,Maize (corn),1986,1152.5,A,204,A,177,A
248,890,Yugoslav SFR,56,Maize (corn),1986,5287.5,A,12526000,A,2369000,A
7,24,Angola,56,Maize (corn),1986,350,A,280000,A,800000,A
10,36,Australia,56,Maize (corn),1986,3297.6,A,277700,A,84214,A
19,68,Bolivia (Plurinational State of),56,Maize (corn),1986,1555.4,A,457300,A,294000,A
46,178,Congo,56,Maize (corn),1986,836.5,E,20913,A,25000,E
84,300,Greece,56,Maize (corn),1986,9146.8,A,1994000,A,218000,A
114,404,Kenya,56,Maize (corn),1986,2034.3,A,2898000,A,1424600,A
117,410,Republic of Korea,56,Maize (corn),1986,4790.4,A,113270,A,23645,A
131,458,Malaysia,56,Maize (corn),1986,1733.3,X,26000,X,15000,X
136,478,Mauritania,56,Maize (corn),1986,750,E,3000,A,4000,E
176,626,Timor-Leste,56,Maize (corn),1986,1072,A,54213,A,50572,A
228,810,USSR,56,Maize (corn),1986,2955,A,12479000,A,4223000,A
2,4,Afghanistan,56,Maize (corn),1986,1687.5,A,567000,A,336000,A
4,12,Algeria,56,Maize (corn),1986,843.3,A,1442,A,1710,A
14,52,Barbados,56,Maize (corn),1986,2561,E,2100,E,820,E
28,104,Myanmar,56,Maize (corn),1986,1794.7,A,285581,A,159127,A
48,188,Costa Rica,56,Maize (corn),1986,1591.5,A,120211,A,75535,A
60,222,El Salvador,56,Maize (corn),1986,1696,A,437000,A,257670,A
95,340,Honduras,56,Maize (corn),1986,1397.2,A,483064,A,345738,A
112,400,Jordan,56,Maize (corn),1986,6666.7,X,1200,X,180,X
130,454,Malawi,56,Maize (corn),1986,1084.9,A,1294564,A,1193275,A
132,462,Maldives,56,Maize (corn),1986,1000,E,3,X,3,E
173,616,Poland,56,Maize (corn),1986,5070.6,A,112735,A,22233,A
184,646,Rwanda,56,Maize (corn),1986,1130.5,A,89590,A,79250,A
181,716,Zimbabwe,56,Maize (corn),1986,1937.3,A,2545600,A,1314000,A
212,760,Syrian Arab Republic,56,Maize (corn),1986,1341.4,A,74200,A,55316,A
225,784,United Arab Emirates,56,Maize (corn),1986,,,,M,,M
79,276,Germany,56,Maize (corn),1986,6954.9,A,1303751,A,187458,A
103,368,Iraq,56,Maize (corn),1986,1998.1,A,53000,A,26525,A
105,376,Israel,56,Maize (corn),1986,15494,A,103500,A,6680,A
109,388,Jamaica,56,Maize (corn),1986,1037.1,A,4559,A,4396,A
144,508,Mozambique,56,Maize (corn),1986,459,E,459000,X,1000000,E
153,540,New Caledonia,56,Maize (corn),1986,2365.5,A,932,A,394,A
168,598,Papua New Guinea,56,Maize (corn),1986,2260.8,A,1049,A,464,A
51,200,Czechoslovakia,56,Maize (corn),1986,4717.7,A,992432,A,210362,A
116,408,Democratic People's Republic of Korea,56,Maize (corn),1986,5000,E,3400000,E,680000,E
97,348,Hungary,56,Maize (corn),1986,6338,A,7260623,A,1145569,A
143,504,Morocco,56,Maize (corn),1986,818,A,306760,A,375000,A
158,562,Niger,56,Maize (corn),1986,656.5,A,6171,A,9400,A
177,630,Puerto Rico,56,Maize (corn),1986,1384.6,E,180,E,130,E
220,780,Trinidad and Tobago,56,Maize (corn),1986,2857.1,E,3000,E,1050,E
39,148,Chad,56,Maize (corn),1986,780.2,A,25293,A,32419,A
72,262,Djibouti,56,Maize (corn),1986,1666.7,E,10,A,6,E
107,384,Côte d'Ivoire,56,Maize (corn),1986,700,A,420000,A,600000,A
157,558,Nicaragua,56,Maize (corn),1986,1459.6,A,192396,A,131810,A
211,756,Switzerland,56,Maize (corn),1986,7752,A,173800,A,22420,A
45,174,Comoros,56,Maize (corn),1986,1662.5,E,3990,A,2400,E
49,192,Cuba,56,Maize (corn),1986,1233.8,X,95000,X,77000,X
159,566,Nigeria,56,Maize (corn),1986,1267.9,E,3550000,A,2800000,E
170,604,Peru,56,Maize (corn),1986,2041,A,876307,A,429354,A
191,670,Saint Vincent and the Grenadines,56,Maize (corn),1986,3000,E,750,E,250,E
155,548,Vanuatu,56,Maize (corn),1986,515.4,E,670,E,1300,E
12,44,Bahamas,56,Maize (corn),1986,1344.3,E,820,E,610,E
29,108,Burundi,56,Maize (corn),1986,1242.4,E,164000,A,132000,E
101,360,Indonesia,56,Maize (corn),1986,1883.8,A,5920374,A,3142759,A
133,466,Mali,56,Maize (corn),1986,1654.6,A,213423,A,128984,A
156,554,New Zealand,56,Maize (corn),1986,9622.2,A,187700,A,19507,A
193,678,Sao Tome and Principe,56,Maize (corn),1986,1500,E,900,A,600,E
237,704,Viet Nam,56,Maize (corn),1986,1421.3,A,569800,A,400900,A
41,156,"China, mainland",56,Maize (corn),1986,3705.1,A,70856000,A,19124000,A
171,608,Philippines,56,Maize (corn),1986,1148.2,A,4091000,A,3563000,A
209,748,Eswatini,56,Maize (corn),1986,1431.2,A,100100,A,69940,A
18,64,Bhutan,56,Maize (corn),1986,1361.1,E,73500,E,54000,E
62,230,Ethiopia PDR,56,Maize (corn),1986,1197.9,A,1036220,A,865000,A
9,32,Argentina,56,Maize (corn),1986,3745,A,12100000,A,3231000,A
150,528,Netherlands (Kingdom of the),56,Maize (corn),1986,9478.7,E,2000,E,211,A
251,894,Zambia,56,Maize (corn),1986,2091.1,A,1230594,A,588490,A
3,8,Albania,56,Maize (corn),1987,3814.8,A,309000,A,81000,A
7,24,Angola,56,Maize (corn),1987,352.9,E,300000,A,850000,X
10,36,Australia,56,Maize (corn),1987,3579.8,A,206419,A,57662,A
11,40,Austria,56,Maize (corn),1987,8130,A,1685121,A,207272,A
21,76,Brazil,56,Maize (corn),1987,1984.3,A,26786650,A,13499440,A
27,100,Bulgaria,56,Maize (corn),1987,3737,A,1857621,A,497088,A
44,170,Colombia,56,Maize (corn),1987,1380.2,A,859600,A,622800,A
53,204,Benin,56,Maize (corn),1987,707.5,A,277237,A,391840,A
68,250,France,56,Maize (corn),1987,7150.2,A,12470000,A,1744000,A
97,348,Hungary,56,Maize (corn),1987,6183.6,A,7233963,A,1169865,A
100,356,India,56,Maize (corn),1987,1028.8,A,5721300,A,5560900,A
101,360,Indonesia,56,Maize (corn),1987,1963.3,A,5155680,A,2626033,A
106,380,Italy,56,Maize (corn),1987,7501.1,A,5763700,A,768378,A
107,384,Côte d'Ivoire,56,Maize (corn),1987,676.5,A,435000,A,643000,A
112,400,Jordan,56,Maize (corn),1987,8381.9,A,2414,A,288,A
144,508,Mozambique,56,Maize (corn),1987,271,E,271000,X,1000000,E
147,516,Namibia,56,Maize (corn),1987,677.9,E,6779,A,10000,E
171,608,Philippines,56,Maize (corn),1987,1161.7,A,4278119,A,3682650,A
194,682,Saudi Arabia,56,Maize (corn),1987,1719.2,A,3184,A,1852,A
195,686,Senegal,56,Maize (corn),1987,1149.4,A,113625,A,98860,A
203,724,Spain,56,Maize (corn),1987,6561.1,A,3557406,A,542195,A
233,854,Burkina Faso,56,Maize (corn),1987,740.8,A,130502,A,176156,A
234,858,Uruguay,56,Maize (corn),1987,1185,A,103699,A,87510,A
237,704,Viet Nam,56,Maize (corn),1987,1383.1,A,561000,A,405600,A
4,12,Algeria,56,Maize (corn),1987,1410.6,A,2130,A,1510,A
14,52,Barbados,56,Maize (corn),1987,2561,E,2100,E,820,E
15,58,Belgium-Luxembourg,56,Maize (corn),1987,6699.9,A,40300,A,6015,A
23,84,Belize,56,Maize (corn),1987,1601.7,E,23225,A,14500,E
32,120,Cameroon,56,Maize (corn),1987,1913.1,A,386887,A,202226,A
214,158,"China, Taiwan Province of",56,Maize (corn),1987,4571.5,A,361782,A,79139,A
51,200,Czechoslovakia,56,Maize (corn),1987,5637.9,A,1160184,A,205783,A
55,212,Dominica,56,Maize (corn),1987,1384.6,E,180,E,130,E
74,266,Gabon,56,Maize (corn),1987,1576.6,E,23649,A,15000,E
93,332,Haiti,56,Maize (corn),1987,800,A,205000,A,256250,A
109,388,Jamaica,56,Maize (corn),1987,1134,A,3969,A,3500,A
28,104,Myanmar,56,Maize (corn),1987,1659.6,A,223687,A,134781,A
153,540,New Caledonia,56,Maize (corn),1987,1156.7,A,347,A,300,A
159,566,Nigeria,56,Maize (corn),1987,1353.3,A,4612000,A,3408000,A
184,646,Rwanda,56,Maize (corn),1987,1483.9,A,90665,A,61100,A
226,800,Uganda,56,Maize (corn),1987,1162.9,A,357000,A,307000,A
231,840,United States of America,56,Maize (corn),1987,7522.5,A,181142000,A,24080000,A
248,890,Yugoslav SFR,56,Maize (corn),1987,3995.9,A,8863000,A,2218000,A
40,152,Chile,56,Maize (corn),1987,7121,A,617244,A,86680,A
48,188,Costa Rica,56,Maize (corn),1987,1700.7,A,127000,A,74675,A
116,408,Democratic People's Republic of Korea,56,Maize (corn),1987,5147.1,E,3500000,E,680000,E
58,218,Ecuador,56,Maize (corn),1987,916.3,A,431040,A,470400,A
59,818,Egypt,56,Maize (corn),1987,4757.1,A,3619000,A,760765,A
60,222,El Salvador,56,Maize (corn),1987,2073.8,A,578496,A,278950,A
66,242,Fiji,56,Maize (corn),1987,2000,A,826,A,413,A
86,308,Grenada,56,Maize (corn),1987,1000,E,250,A,250,E
89,320,Guatemala,56,Maize (corn),1987,1533.6,A,1172080,A,764260,A
110,392,Japan,56,Maize (corn),1987,2381,A,1000,A,420,A
114,404,Kenya,56,Maize (corn),1987,1716.9,A,2415600,A,1406956,A
129,450,Madagascar,56,Maize (corn),1987,1129.5,A,158100,A,139975,A
132,462,Maldives,56,Maize (corn),1987,1000,E,1,X,1,E
136,478,Mauritania,56,Maize (corn),1987,500,E,1000,A,2000,E
157,558,Nicaragua,56,Maize (corn),1987,1371.3,A,216365,A,157780,A
166,591,Panama,56,Maize (corn),1987,1254.9,A,98218,A,78270,A
177,630,Puerto Rico,56,Maize (corn),1987,1076.9,E,700,E,650,E
236,862,Venezuela (Bolivarian Republic of),56,Maize (corn),1987,1850,A,1267305,A,685030,A
249,887,Yemen,56,Maize (corn),1987,1242.2,A,53876,A,43371,A
181,716,Zimbabwe,56,Maize (corn),1987,917.3,A,1130840,A,1232842,A
18,64,Bhutan,56,Maize (corn),1987,954.2,E,50000,E,52400,A
35,132,Cabo Verde,56,Maize (corn),1987,607.2,A,21182,A,34882,A
39,148,Chad,56,Maize (corn),1987,706.6,A,18661,A,26411,A
49,192,Cuba,56,Maize (corn),1987,1233.8,X,95000,X,77000,X
56,214,Dominican Republic,56,Maize (corn),1987,1400.1,A,42845,A,30602,A
105,376,Israel,56,Maize (corn),1987,19229.2,E,92300,X,4800,A
117,410,Republic of Korea,56,Maize (corn),1987,4849.3,A,127390,A,26270,A
143,504,Morocco,56,Maize (corn),1987,651.5,A,240000,A,368400,A
156,554,New Zealand,56,Maize (corn),1987,9286.3,A,176134,A,18967,A
182,638,Réunion,56,Maize (corn),1987,4565.2,A,10500,A,2300,A
202,710,South Africa,56,Maize (corn),1987,1558.4,A,7890000,A,5063000,A
215,834,United Republic of Tanzania,56,Maize (corn),1987,1368.3,A,2359000,A,1724000,A
217,768,Togo,56,Maize (corn),1987,765.2,A,172132,A,224943,A
223,792,Türkiye,56,Maize (corn),1987,4214.6,A,2400000,A,569445,A
2,4,Afghanistan,56,Maize (corn),1987,1702,X,514000,X,302000,X
12,44,Bahamas,56,Maize (corn),1987,1363.6,E,750,E,550,E
33,124,Canada,56,Maize (corn),1987,7019.7,A,7014800,A,999300,A
41,156,"China, mainland",56,Maize (corn),1987,3920.5,A,79240000,A,20211664,A
75,270,Gambia,56,Maize (corn),1987,1186.8,A,15440,A,13010,A
95,340,Honduras,56,Maize (corn),1987,1521.1,A,522173,A,343279,A
138,484,Mexico,56,Maize (corn),1987,1705.8,A,11606945,A,6804274,A
250,180,Democratic Republic of the Congo,56,Maize (corn),1987,850,A,850000,A,1000000,A
9,32,Argentina,56,Maize (corn),1987,3189.7,A,9250000,A,2900000,A
19,68,Bolivia (Plurinational State of),56,Maize (corn),1987,1591.2,A,480694,A,302100,A
37,140,Central African Republic,56,Maize (corn),1987,1020.2,A,65993,A,64686,A
131,458,Malaysia,56,Maize (corn),1987,1764.7,X,30000,X,17000,X
149,524,Nepal,56,Maize (corn),1987,1337.9,A,901500,A,673810,A
165,586,Pakistan,56,Maize (corn),1987,1319.7,A,1126900,A,853900,A
168,598,Papua New Guinea,56,Maize (corn),1987,1300,E,1300,E,1000,E
173,616,Poland,56,Maize (corn),1987,4603.3,A,145574,A,31624,A
183,642,Romania,56,Maize (corn),1987,2700.6,A,7526900,A,2787100,A
197,694,Sierra Leone,56,Maize (corn),1987,1000,E,11000,A,11000,E
206,736,Sudan (former),56,Maize (corn),1987,471.7,E,25000,A,53000,E
79,276,Germany,56,Maize (corn),1987,6260,A,1217263,A,194450,A
81,288,Ghana,56,Maize (corn),1987,1090.7,A,597700,A,548000,A
102,364,Iran (Islamic Republic of),56,Maize (corn),1987,4912.4,A,40036,A,8150,A
133,466,Mali,56,Maize (corn),1987,1511.8,A,178609,A,118144,A
137,480,Mauritius,56,Maize (corn),1987,3552.4,A,3865,A,1088,A
155,548,Vanuatu,56,Maize (corn),1987,507.7,E,660,E,1300,E
158,562,Niger,56,Maize (corn),1987,554.8,A,7778,A,14019,A
193,678,Sao Tome and Principe,56,Maize (corn),1987,1600,E,1200,A,750,E
209,748,Eswatini,56,Maize (corn),1987,1238.5,A,97900,A,79045,A
72,262,Djibouti,56,Maize (corn),1987,1500,E,9,A,6,E
175,624,Guinea-Bissau,56,Maize (corn),1987,909.1,E,10000,E,11000,E
118,414,Kuwait,56,Maize (corn),1987,15000,E,1950,E,130,E
121,422,Lebanon,56,Maize (corn),1987,1579.9,A,2471,A,1564,A
130,454,Malawi,56,Maize (corn),1987,1016.4,A,1201757,A,1182415,A
189,662,Saint Lucia,56,Maize (corn),1987,,,,M,,M
201,706,Somalia,56,Maize (corn),1987,1102.9,A,286200,A,259500,A
38,144,Sri Lanka,56,Maize (corn),1987,1201.2,A,41640,A,34665,A
176,626,Timor-Leste,56,Maize (corn),1987,1140,E,57000,E,50000,E
103,368,Iraq,56,Maize (corn),1987,1963.2,A,61300,A,31225,A
220,780,Trinidad and Tobago,56,Maize (corn),1987,2857.1,E,3000,E,1050,E
251,894,Zambia,56,Maize (corn),1987,1744.7,A,1063449,A,609529,A
8,28,Antigua and Barbuda,56,Maize (corn),1987,1920,E,48,A,25,E
45,174,Comoros,56,Maize (corn),1987,2402.5,A,3450,A,1436,A
62,230,Ethiopia PDR,56,Maize (corn),1987,1680.1,A,1761130,A,1048210,A
90,324,Guinea,56,Maize (corn),1987,1000,E,80000,E,80000,E
91,328,Guyana,56,Maize (corn),1987,1235.7,A,2946,A,2384,A
150,528,Netherlands (Kingdom of the),56,Maize (corn),1987,8571.4,E,3000,E,350,E
211,756,Switzerland,56,Maize (corn),1987,7268.6,A,143700,A,19770,A
16,50,Bangladesh,56,Maize (corn),1987,945.8,A,2934,A,3102,A
29,108,Burundi,56,Maize (corn),1987,1265.4,E,168300,A,133000,E
115,116,Cambodia,56,Maize (corn),1987,950,A,38000,A,40000,A
46,178,Congo,56,Maize (corn),1987,755.8,E,18895,A,25000,E
84,300,Greece,56,Maize (corn),1987,9095.4,A,2383000,A,262000,A
120,418,Lao People's Democratic Republic,56,Maize (corn),1987,1442.6,A,35725,A,24764,A
122,426,Lesotho,56,Maize (corn),1987,666.4,A,94912,A,142422,A
124,434,Libya,56,Maize (corn),1987,1026.7,E,770,E,750,E
169,600,Paraguay,56,Maize (corn),1987,1804.6,E,290543,A,161000,X
170,604,Peru,56,Maize (corn),1987,2004.5,A,909434,A,453689,A
174,620,Portugal,56,Maize (corn),1987,2502.8,A,654692,A,261588,A
207,740,Suriname,56,Maize (corn),1987,1607.1,A,225,A,140,A
212,760,Syrian Arab Republic,56,Maize (corn),1987,1028.6,A,56900,A,55316,A
216,764,Thailand,56,Maize (corn),1987,2048.6,A,2780862,A,1357467,A
20,72,Botswana,56,Maize (corn),1987,606.5,A,3275,A,5400,A
191,670,Saint Vincent and the Grenadines,56,Maize (corn),1987,3333.3,E,1000,E,300,E
228,810,USSR,56,Maize (corn),1987,3238.1,A,14808000,A,4573000,A
225,784,United Arab Emirates,56,Maize (corn),1987,,,,M,,M
3,8,Albania,56,Maize (corn),1988,3287.1,A,237000,A,72100,A
12,44,Bahamas,56,Maize (corn),1988,1400,E,700,E,500,E
28,104,Myanmar,56,Maize (corn),1988,1596.7,A,192990,A,120866,A
38,144,Sri Lanka,56,Maize (corn),1988,1048.6,A,38610,A,36820,A
41,156,"China, mainland",56,Maize (corn),1988,3928.1,A,77351008,A,19691808,A
62,230,Ethiopia PDR,56,Maize (corn),1988,1793.2,A,1964020,A,1095250,A
86,308,Grenada,56,Maize (corn),1988,1008,E,252,A,250,E
105,376,Israel,56,Maize (corn),1988,14311.5,E,87300,X,6100,A
109,388,Jamaica,56,Maize (corn),1988,1047.8,A,2062,A,1968,A
117,410,Republic of Korea,56,Maize (corn),1988,4798.7,A,105859,A,22060,A
124,434,Libya,56,Maize (corn),1988,1033.3,E,620,E,600,E
132,462,Maldives,56,Maize (corn),1988,1000,E,3,X,3,E
149,524,Nepal,56,Maize (corn),1988,1484.5,A,1071610,A,721870,A
157,558,Nicaragua,56,Maize (corn),1988,1550,A,283400,A,182840,A
166,591,Panama,56,Maize (corn),1988,1195,A,92466,A,77380,A
171,608,Philippines,56,Maize (corn),1988,1182.3,A,4427963,A,3745070,A
176,626,Timor-Leste,56,Maize (corn),1988,1288.2,A,59776,A,46401,A
182,638,Réunion,56,Maize (corn),1988,4504.8,A,13019,A,2890,A
184,646,Rwanda,56,Maize (corn),1988,1800,E,135000,A,75000,X
195,686,Senegal,56,Maize (corn),1988,1118.1,A,123327,A,110297,A
197,694,Sierra Leone,56,Maize (corn),1988,1140,A,11400,A,10000,A
206,736,Sudan (former),56,Maize (corn),1988,500,E,30000,A,60000,E
223,792,Türkiye,56,Maize (corn),1988,4013.6,A,2000000,A,498305,A
233,854,Burkina Faso,56,Maize (corn),1988,819.4,A,226715,A,276668,A
248,890,Yugoslav SFR,56,Maize (corn),1988,3406.9,A,7699996,A,2260107,A
4,12,Algeria,56,Maize (corn),1988,1000,E,2000,X,2000,E
20,72,Botswana,56,Maize (corn),1988,232.2,A,7640,A,32900,A
21,76,Brazil,56,Maize (corn),1988,1877.5,A,24749550,A,13181990,A
29,108,Burundi,56,Maize (corn),1988,1283.6,A,172000,A,134000,A
35,132,Cabo Verde,56,Maize (corn),1988,481.9,A,16507,A,34256,A
39,148,Chad,56,Maize (corn),1988,1076.7,A,33871,A,31457,A
40,152,Chile,56,Maize (corn),1988,7317.6,A,660855,A,90310,A
49,192,Cuba,56,Maize (corn),1988,1233.8,X,95000,X,77000,X
55,212,Dominica,56,Maize (corn),1988,1333.3,E,160,E,120,E
56,214,Dominican Republic,56,Maize (corn),1988,1680.3,A,57098,A,33980,A
59,818,Egypt,56,Maize (corn),1988,4965,A,4088000,A,823357,A
66,242,Fiji,56,Maize (corn),1988,1997.2,A,1414,A,708,A
89,320,Guatemala,56,Maize (corn),1988,1862.5,A,1199864,A,644210,A
91,328,Guyana,56,Maize (corn),1988,1115.4,E,2900,A,2600,E
95,340,Honduras,56,Maize (corn),1988,1319.3,A,440489,A,333885,A
133,466,Mali,56,Maize (corn),1988,1501.2,A,214519,A,142902,A
136,478,Mauritania,56,Maize (corn),1988,660.8,A,7467,A,11300,A
144,508,Mozambique,56,Maize (corn),1988,322,E,322000,X,1000000,E
169,600,Paraguay,56,Maize (corn),1988,1902,E,348071,A,183000,X
173,616,Poland,56,Maize (corn),1988,5107.3,A,204416,A,40024,A
174,620,Portugal,56,Maize (corn),1988,2588.7,A,657768,A,254093,A
194,682,Saudi Arabia,56,Maize (corn),1988,1797,A,3682,A,2049,A
201,706,Somalia,56,Maize (corn),1988,1256.4,A,353300,A,281200,A
203,724,Spain,56,Maize (corn),1988,6432.3,A,3577000,A,556100,A
217,768,Togo,56,Maize (corn),1988,1109.9,A,296347,A,267000,A
220,780,Trinidad and Tobago,56,Maize (corn),1988,2857.1,E,3000,E,1050,E
215,834,United Republic of Tanzania,56,Maize (corn),1988,1264.3,E,2339000,A,1850000,X
237,704,Viet Nam,56,Maize (corn),1988,1596.2,A,814850,A,510500,A
53,204,Benin,56,Maize (corn),1988,871.2,A,423490,A,486103,A
37,140,Central African Republic,56,Maize (corn),1988,1019,A,69993,A,68685,A
48,188,Costa Rica,56,Maize (corn),1988,1600.7,A,98200,A,61350,A
72,262,Djibouti,56,Maize (corn),1988,1538.5,E,10,E,7,E
68,250,France,56,Maize (corn),1988,7276.2,A,14698600,A,2020100,A
75,270,Gambia,56,Maize (corn),1988,1226.9,A,15520,A,12650,A
79,276,Germany,56,Maize (corn),1988,7709.5,A,1537410,A,199418,A
84,300,Greece,56,Maize (corn),1988,9333.3,A,2268000,A,243000,A
100,356,India,56,Maize (corn),1988,1395.5,A,8228700,A,5896700,A
183,642,Romania,56,Maize (corn),1988,2784.4,A,7182200,A,2579400,A
202,710,South Africa,56,Maize (corn),1988,1619.5,A,7670000,A,4736000,A
216,764,Thailand,56,Maize (corn),1988,2617.6,A,4675163,A,1786066,A
226,800,Uganda,56,Maize (corn),1988,1275.4,A,440000,A,345000,A
23,84,Belize,56,Maize (corn),1988,1541.4,E,23121,A,15000,E
44,170,Colombia,56,Maize (corn),1988,1367,A,907800,A,664100,A
51,200,Czechoslovakia,56,Maize (corn),1988,5299.7,A,995534,A,187848,A
58,218,Ecuador,56,Maize (corn),1988,881.6,A,397622,A,451020,A
60,222,El Salvador,56,Maize (corn),1988,2113.7,A,595985,A,281960,A
90,324,Guinea,56,Maize (corn),1988,952,A,89488,A,94000,A
97,348,Hungary,56,Maize (corn),1988,5464.1,A,6256005,A,1144930,A
112,400,Jordan,56,Maize (corn),1988,8032.4,A,3470,A,432,A
114,404,Kenya,56,Maize (corn),1988,1903,A,2761200,A,1450939,A
130,454,Malawi,56,Maize (corn),1988,1171.8,A,1423848,A,1215087,A
138,484,Mexico,56,Maize (corn),1988,1628.9,A,10592291,A,6502674,A
150,528,Netherlands (Kingdom of the),56,Maize (corn),1988,8888.9,E,4000,E,450,E
155,548,Vanuatu,56,Maize (corn),1988,500,E,650,E,1300,E
156,554,New Zealand,56,Maize (corn),1988,8550.4,A,136944,A,16016,A
168,598,Papua New Guinea,56,Maize (corn),1988,1666.7,E,1500,E,900,E
211,756,Switzerland,56,Maize (corn),1988,9880.3,A,255800,A,25890,A
14,52,Barbados,56,Maize (corn),1988,2619,E,2200,E,840,E
74,266,Gabon,56,Maize (corn),1988,1609.2,E,24942,A,15500,E
110,392,Japan,56,Maize (corn),1988,2409.6,E,800,E,332,A
116,408,Democratic People's Republic of Korea,56,Maize (corn),1988,5454.5,E,3600000,E,660000,E
121,422,Lebanon,56,Maize (corn),1988,1581.1,A,2555,A,1616,A
129,450,Madagascar,56,Maize (corn),1988,1028.9,A,156400,A,152000,A
143,504,Morocco,56,Maize (corn),1988,903.1,A,357990,A,396400,A
158,562,Niger,56,Maize (corn),1988,512,A,4895,A,9560,A
181,716,Zimbabwe,56,Maize (corn),1988,1806.6,A,2341209,A,1295901,A
234,858,Uruguay,56,Maize (corn),1988,1592,A,118330,A,74328,A
249,887,Yemen,56,Maize (corn),1988,1273.2,A,57500,A,45162,A
10,36,Australia,56,Maize (corn),1988,3748.2,A,208230,A,55554,A
11,40,Austria,56,Maize (corn),1988,8480,A,1700444,A,200524,A
15,58,Belgium-Luxembourg,56,Maize (corn),1988,7870.1,A,53965,A,6857,A
214,158,"China, Taiwan Province of",56,Maize (corn),1988,4541.1,A,372748,A,82083,A
107,384,Côte d'Ivoire,56,Maize (corn),1988,699.5,A,461000,A,659000,A
118,414,Kuwait,56,Maize (corn),1988,14777.8,E,1995,E,135,E
120,418,Lao People's Democratic Republic,56,Maize (corn),1988,1344,A,50822,A,37815,A
131,458,Malaysia,56,Maize (corn),1988,1777.8,X,32000,X,18000,X
18,64,Bhutan,56,Maize (corn),1988,743.1,A,31130,A,41890,A
32,120,Cameroon,56,Maize (corn),1988,1959.2,A,366735,A,187187,A
45,174,Comoros,56,Maize (corn),1988,2402.2,A,3500,A,1457,A
122,426,Lesotho,56,Maize (corn),1988,922.1,A,159726,A,173214,A
137,480,Mauritius,56,Maize (corn),1988,3844.7,A,3787,A,985,A
225,784,United Arab Emirates,56,Maize (corn),1988,,,,M,,M
228,810,USSR,56,Maize (corn),1988,3617.7,A,16030000,A,4431000,A
27,100,Bulgaria,56,Maize (corn),1988,3180.2,A,1557202,A,489659,A
33,124,Canada,56,Maize (corn),1988,5471,A,5369200,A,981400,A
46,178,Congo,56,Maize (corn),1988,789.6,E,19740,A,25000,E
209,748,Eswatini,56,Maize (corn),1988,1287,A,135516,A,105296,A
81,288,Ghana,56,Maize (corn),1988,1390.7,A,751000,A,540000,A
102,364,Iran (Islamic Republic of),56,Maize (corn),1988,2592.1,A,6418,A,2476,A
147,516,Namibia,56,Maize (corn),1988,1043.4,A,15974,A,15309,A
159,566,Nigeria,56,Maize (corn),1988,1640.1,A,5268000,A,3212000,A
165,586,Pakistan,56,Maize (corn),1988,1390.7,A,1204100,A,865800,A
189,662,Saint Lucia,56,Maize (corn),1988,,,,M,,M
191,670,Saint Vincent and the Grenadines,56,Maize (corn),1988,3000,E,1500,E,500,E
207,740,Suriname,56,Maize (corn),1988,1709.2,A,241,A,141,A
212,760,Syrian Arab Republic,56,Maize (corn),1988,1632,A,90278,A,55316,A
236,862,Venezuela (Bolivarian Republic of),56,Maize (corn),1988,1997,A,1281370,A,641648,A
8,28,Antigua and Barbuda,56,Maize (corn),1988,2035.7,E,57,A,28,E
115,116,Cambodia,56,Maize (corn),1988,820,A,41000,A,50000,A
177,630,Puerto Rico,56,Maize (corn),1988,1107.1,E,310,E,280,E
251,894,Zambia,56,Maize (corn),1988,2687.4,A,1943219,A,723087,A
2,4,Afghanistan,56,Maize (corn),1988,1703.4,X,494000,X,290000,X
153,540,New Caledonia,56,Maize (corn),1988,2159.5,E,907,A,420,E
19,68,Bolivia (Plurinational State of),56,Maize (corn),1988,1518.9,A,445570,A,293360,A
175,624,Guinea-Bissau,56,Maize (corn),1988,1246,A,8074,A,6480,A
106,380,Italy,56,Maize (corn),1988,7464.6,A,6288800,A,842484,A
170,604,Peru,56,Maize (corn),1988,1961.7,A,908336,A,463034,A
193,678,Sao Tome and Principe,56,Maize (corn),1988,1764.7,E,1500,A,850,E
231,840,United States of America,56,Maize (corn),1988,5310.9,A,125194000,A,23573008,A
16,50,Bangladesh,56,Maize (corn),1988,911.8,A,3072,A,3369,A
93,332,Haiti,56,Maize (corn),1988,800,A,202329,A,252911,A
103,368,Iraq,56,Maize (corn),1988,1570.7,A,77200,A,49150,A
250,180,Democratic Republic of the Congo,56,Maize (corn),1988,809,A,900000,A,1112480,A
7,24,Angola,56,Maize (corn),1988,300,E,270000,A,900000,X
9,32,Argentina,56,Maize (corn),1988,3774.4,A,9200000,A,2437500,A
101,360,Indonesia,56,Maize (corn),1988,1953.1,A,6651917,A,3405751,A
3,8,Albania,56,Maize (corn),1989,4796.9,A,307000,A,64000,A
11,40,Austria,56,Maize (corn),1989,7680,A,1491310,A,194181,A
28,104,Myanmar,56,Maize (corn),1989,1579.6,A,193730,A,122647,A
37,140,Central African Republic,56,Maize (corn),1989,941,A,61699,A,65570,A
45,174,Comoros,56,Maize (corn),1989,2403.5,A,3550,A,1477,A
55,212,Dominica,56,Maize (corn),1989,1333.3,E,160,E,120,E
59,818,Egypt,56,Maize (corn),1989,5380.4,A,4529470,A,841840,A
62,230,Ethiopia PDR,56,Maize (corn),1989,1653.8,A,1688670,A,1021100,A
75,270,Gambia,56,Maize (corn),1989,1346.7,A,14144,A,10503,A
84,300,Greece,56,Maize (corn),1989,9918.3,A,2221700,A,224000,A
89,320,Guatemala,56,Maize (corn),1989,2076.6,A,1246780,A,600390,A
107,384,Côte d'Ivoire,56,Maize (corn),1989,699.3,A,472000,A,675000,A
117,410,Republic of Korea,56,Maize (corn),1989,4878.4,A,120627,A,24727,A
129,450,Madagascar,56,Maize (corn),1989,1060,A,160475,A,151390,A
130,454,Malawi,56,Maize (corn),1989,1187.8,A,1509513,A,1270822,A
138,484,Mexico,56,Maize (corn),1989,1692.9,A,10952847,A,6469702,A
157,558,Nicaragua,56,Maize (corn),1989,1356.8,A,302310,A,222810,A
175,624,Guinea-Bissau,56,Maize (corn),1989,976.3,A,10247,A,10496,A
194,682,Saudi Arabia,56,Maize (corn),1989,1640.5,A,4057,A,2473,A
195,686,Senegal,56,Maize (corn),1989,1413.1,A,131407,A,92990,A
202,710,South Africa,56,Maize (corn),1989,2840.5,A,12481000,A,4394000,A
203,724,Spain,56,Maize (corn),1989,6304.2,A,3328000,A,527900,A
207,740,Suriname,56,Maize (corn),1989,1738.3,A,186,A,107,A
215,834,United Republic of Tanzania,56,Maize (corn),1989,1579.8,E,3128000,A,1980000,X
231,840,United States of America,56,Maize (corn),1989,7297.8,A,191319008,A,26216000,A
236,862,Venezuela (Bolivarian Republic of),56,Maize (corn),1989,2085,A,921196,A,441821,A
249,887,Yemen,56,Maize (corn),1989,1326.6,A,68470,A,51613,A
7,24,Angola,56,Maize (corn),1989,235.8,A,204000,A,865000,A
10,36,Australia,56,Maize (corn),1989,4190.9,A,216684,A,51704,A
12,44,Bahamas,56,Maize (corn),1989,1400,E,700,E,500,E
18,64,Bhutan,56,Maize (corn),1989,742.4,A,31100,A,41890,A
40,152,Chile,56,Maize (corn),1989,7528.8,A,938464,A,124650,A
49,192,Cuba,56,Maize (corn),1989,1039,E,80000,E,77000,E
250,180,Democratic Republic of the Congo,56,Maize (corn),1989,814,A,960000,A,1179360,A
58,218,Ecuador,56,Maize (corn),1989,1091.7,A,484543,A,443830,A
60,222,El Salvador,56,Maize (corn),1989,2130.1,A,588538,A,276290,A
74,266,Gabon,56,Maize (corn),1989,1444.6,E,19935,A,13800,E
102,364,Iran (Islamic Republic of),56,Maize (corn),1989,2400,X,60000,X,25000,X
122,426,Lesotho,56,Maize (corn),1989,1047.6,A,137227,A,130996,A
132,462,Maldives,56,Maize (corn),1989,1000,E,3,A,3,E
137,480,Mauritius,56,Maize (corn),1989,3736.3,A,2395,A,641,A
143,504,Morocco,56,Maize (corn),1989,993.4,A,402840,A,405500,A
153,540,New Caledonia,56,Maize (corn),1989,1297.6,E,545,A,420,E
158,562,Niger,56,Maize (corn),1989,708,A,2573,A,3634,A
166,591,Panama,56,Maize (corn),1989,1259,A,90248,A,71680,A
174,620,Portugal,56,Maize (corn),1989,3157,A,678749,A,215000,A
191,670,Saint Vincent and the Grenadines,56,Maize (corn),1989,3333.3,E,2000,E,600,E
176,626,Timor-Leste,56,Maize (corn),1989,1269.2,A,58892,A,46401,A
217,768,Togo,56,Maize (corn),1989,1073.4,A,287348,A,267700,A
155,548,Vanuatu,56,Maize (corn),1989,507.7,E,660,E,1300,E
2,4,Afghanistan,56,Maize (corn),1989,1696.3,X,458000,X,270000,X
9,32,Argentina,56,Maize (corn),1989,2910.3,A,4900000,A,1683700,A
19,68,Bolivia (Plurinational State of),56,Maize (corn),1989,1435.3,A,400444,A,278988,A
115,116,Cambodia,56,Maize (corn),1989,1102,A,54000,A,49000,A
33,124,Canada,56,Maize (corn),1989,6351.2,A,6571000,A,1034600,A
214,158,"China, Taiwan Province of",56,Maize (corn),1989,4704.3,A,380405,A,80863,A
90,324,Guinea,56,Maize (corn),1989,984.5,E,99745,E,101320,E
93,332,Haiti,56,Maize (corn),1989,800,E,196000,A,245000,E
95,340,Honduras,56,Maize (corn),1989,1452.7,A,509656,A,350840,A
112,400,Jordan,56,Maize (corn),1989,9482,X,4485,X,473,X
147,516,Namibia,56,Maize (corn),1989,1268.8,A,24377,A,19213,A
170,604,Peru,56,Maize (corn),1989,2085.1,A,1009860,A,484321,A
182,638,Réunion,56,Maize (corn),1989,6500,A,13000,A,2000,A
197,694,Sierra Leone,56,Maize (corn),1989,1140,A,11400,A,10000,A
206,736,Sudan (former),56,Maize (corn),1989,500,E,30000,A,60000,E
212,760,Syrian Arab Republic,56,Maize (corn),1989,1965.1,A,108700,A,55316,A
181,716,Zimbabwe,56,Maize (corn),1989,1707.9,A,2018538,A,1181905,A
16,50,Bangladesh,56,Maize (corn),1989,941.7,A,3359,A,3567,A
48,188,Costa Rica,56,Maize (corn),1989,1728.4,A,82730,A,47866,A
51,200,Czechoslovakia,56,Maize (corn),1989,5265.7,A,999781,A,189868,A
53,204,Benin,56,Maize (corn),1989,885.3,A,424042,A,478995,A
79,276,Germany,56,Maize (corn),1989,7531,A,1573476,A,208932,A
81,288,Ghana,56,Maize (corn),1989,1261,A,715000,A,567000,A
106,380,Italy,56,Maize (corn),1989,7907.9,A,6359500,A,804200,A
110,392,Japan,56,Maize (corn),1989,2564.1,E,800,E,312,A
171,608,Philippines,56,Maize (corn),1989,1225.8,A,4522195,A,3689240,A
183,642,Romania,56,Maize (corn),1989,2473.8,A,6761800,A,2733400,A
248,890,Yugoslav SFR,56,Maize (corn),1989,4131,A,9414034,A,2278900,A
14,52,Barbados,56,Maize (corn),1989,2619,E,2200,E,840,E
27,100,Bulgaria,56,Maize (corn),1989,4022.1,A,2265450,A,563249,A
86,308,Grenada,56,Maize (corn),1989,1003.9,E,256,A,255,E
100,356,India,56,Maize (corn),1989,1631.6,A,9651300,A,5915100,A
103,368,Iraq,56,Maize (corn),1989,2241.2,A,103600,A,46225,A
120,418,Lao People's Democratic Republic,56,Maize (corn),1989,1443.8,A,43854,A,30373,A
124,434,Libya,56,Maize (corn),1989,1060,E,530,E,500,E
179,634,Qatar,56,Maize (corn),1989,15000,E,105,E,7,E
211,756,Switzerland,56,Maize (corn),1989,8981,A,255600,A,28460,A
228,810,USSR,56,Maize (corn),1989,3714.8,A,15305000,A,4120000,A
233,854,Burkina Faso,56,Maize (corn),1989,1162.3,A,256913,A,221034,A
237,704,Viet Nam,56,Maize (corn),1989,1644.9,A,837900,A,509400,A
251,894,Zambia,56,Maize (corn),1989,1807.8,A,1844978,A,1020574,A
15,58,Belgium-Luxembourg,56,Maize (corn),1989,7780.1,A,53698,A,6902,A
66,242,Fiji,56,Maize (corn),1989,1260.4,A,755,A,599,A
68,250,France,56,Maize (corn),1989,6871.9,A,13347900,A,1942400,A
101,360,Indonesia,56,Maize (corn),1989,2103.3,A,6192512,A,2944199,A
109,388,Jamaica,56,Maize (corn),1989,1168.8,A,2915,A,2494,A
133,466,Mali,56,Maize (corn),1989,1290.8,A,225393,A,174612,A
156,554,New Zealand,56,Maize (corn),1989,9334,A,138694,A,14859,A
177,630,Puerto Rico,56,Maize (corn),1989,1069,E,620,E,580,E
184,646,Rwanda,56,Maize (corn),1989,1187.5,E,95000,A,80000,X
201,706,Somalia,56,Maize (corn),1989,1128.7,E,299100,A,265000,E
220,780,Trinidad and Tobago,56,Maize (corn),1989,2857.1,E,3000,E,1050,E
223,792,Türkiye,56,Maize (corn),1989,3929.3,A,2000000,A,509000,A
23,84,Belize,56,Maize (corn),1989,1585.1,A,18766,A,11839,A
29,108,Burundi,56,Maize (corn),1989,1364.5,A,169200,A,124000,A
41,156,"China, mainland",56,Maize (corn),1989,3878.1,A,78930000,A,20353008,A
46,178,Congo,56,Maize (corn),1989,824.3,E,20608,A,25000,E
56,214,Dominican Republic,56,Maize (corn),1989,1589.2,A,52300,A,32910,A
72,262,Djibouti,56,Maize (corn),1989,1333.3,E,4,A,3,E
91,328,Guyana,56,Maize (corn),1989,1153.8,E,3000,A,2600,E
97,348,Hungary,56,Maize (corn),1989,6329,A,6996000,A,1105387,A
118,414,Kuwait,56,Maize (corn),1989,10197,A,673,A,66,A
121,422,Lebanon,56,Maize (corn),1989,1650.3,A,2789,A,1690,A
149,524,Nepal,56,Maize (corn),1989,1598.8,A,1200990,A,751170,A
150,528,Netherlands (Kingdom of the),56,Maize (corn),1989,10000,E,5000,X,500,E
165,586,Pakistan,56,Maize (corn),1989,1366.7,A,1179300,A,862900,A
193,678,Sao Tome and Principe,56,Maize (corn),1989,2000,E,2000,A,1000,E
226,800,Uganda,56,Maize (corn),1989,1450,A,623585,A,430064,A
21,76,Brazil,56,Maize (corn),1989,2058.2,A,26589870,A,12918980,A
116,408,Democratic People's Republic of Korea,56,Maize (corn),1989,5428.6,E,3800000,E,700000,E
209,748,Eswatini,56,Maize (corn),1989,1018.8,A,94552,A,92808,A
105,376,Israel,56,Maize (corn),1989,14776.3,E,112300,X,7600,A
131,458,Malaysia,56,Maize (corn),1989,1789.5,X,34000,X,19000,X
136,478,Mauritania,56,Maize (corn),1989,665,A,2660,A,4000,A
168,598,Papua New Guinea,56,Maize (corn),1989,2222.2,E,2000,E,900,E
173,616,Poland,56,Maize (corn),1989,4778.6,A,244012,A,51064,A
38,144,Sri Lanka,56,Maize (corn),1989,1050.5,A,30580,A,29110,A
216,764,Thailand,56,Maize (corn),1989,2569,A,4392579,A,1709846,A
39,148,Chad,56,Maize (corn),1989,983.1,A,19171,A,19500,A
114,404,Kenya,56,Maize (corn),1989,1852.6,A,2630700,A,1420000,A
159,566,Nigeria,56,Maize (corn),1989,1395,A,5008000,A,3590000,A
169,600,Paraguay,56,Maize (corn),1989,1988.9,E,367955,A,185000,X
4,12,Algeria,56,Maize (corn),1989,2400,X,2400,X,1000,X
8,28,Antigua and Barbuda,56,Maize (corn),1989,2142.9,E,60,E,28,E
35,132,Cabo Verde,56,Maize (corn),1989,273.8,A,9714,A,35480,A
32,120,Cameroon,56,Maize (corn),1989,1864,A,387321,A,207790,A
44,170,Colombia,56,Maize (corn),1989,1374.9,A,1043800,A,759200,A
225,784,United Arab Emirates,56,Maize (corn),1989,,,,M,,M
234,858,Uruguay,56,Maize (corn),1989,1227.8,A,60156,A,48994,A
144,508,Mozambique,56,Maize (corn),1989,330,E,330000,X,1000000,E
20,72,Botswana,56,Maize (corn),1989,377.9,A,19765,A,52300,A
189,662,Saint Lucia,56,Maize (corn),1989,,,,M,,M
3,8,Albania,56,Maize (corn),1990,3661.3,A,227000,A,62000,A
4,12,Algeria,56,Maize (corn),1990,1650,A,231,A,140,A
7,24,Angola,56,Maize (corn),1990,273.6,A,180000,A,658000,A
33,124,Canada,56,Maize (corn),1990,6860.2,A,7066000,A,1030000,A
35,132,Cabo Verde,56,Maize (corn),1990,334.6,A,11418,A,34124,A
39,148,Chad,56,Maize (corn),1990,976.8,A,28823,A,29509,A
53,204,Benin,56,Maize (corn),1990,895.4,A,409994,A,457903,A
55,212,Dominica,56,Maize (corn),1990,1363.6,E,150,E,110,E
60,222,El Salvador,56,Maize (corn),1990,2138.3,A,602609,A,281820,A
101,360,Indonesia,56,Maize (corn),1990,2132.3,A,6734028,A,3158092,A
103,368,Iraq,56,Maize (corn),1990,2481.4,A,171900,A,69275,A
118,414,Kuwait,56,Maize (corn),1990,10545.5,E,580,E,55,E
120,418,Lao People's Democratic Republic,56,Maize (corn),1990,1815.3,A,66566,A,36670,A
137,480,Mauritius,56,Maize (corn),1990,4179,A,2265,A,542,A
147,516,Namibia,56,Maize (corn),1990,1487.1,A,28523,A,19180,A
149,524,Nepal,56,Maize (corn),1990,1624.6,A,1230950,A,757710,A
157,558,Nicaragua,56,Maize (corn),1990,1282.5,A,293030,A,228480,A
184,646,Rwanda,56,Maize (corn),1990,1025.2,A,101000,A,98522,A
195,686,Senegal,56,Maize (corn),1990,1141.1,A,133147,A,116686,A
226,800,Uganda,56,Maize (corn),1990,1501.2,A,602000,A,401000,A
234,858,Uruguay,56,Maize (corn),1990,1851,A,112313,A,60677,A
237,704,Viet Nam,56,Maize (corn),1990,1554,A,671000,A,431800,A
2,4,Afghanistan,56,Maize (corn),1990,1758.2,A,480000,A,273000,A
9,32,Argentina,56,Maize (corn),1990,3460.8,A,5400000,A,1560330,A
10,36,Australia,56,Maize (corn),1990,4182.1,A,218730,A,52301,A
23,84,Belize,56,Maize (corn),1990,1896.5,A,18671,A,9845,A
115,116,Cambodia,56,Maize (corn),1990,1955.6,A,88000,A,45000,A
32,120,Cameroon,56,Maize (corn),1990,1854.3,A,369000,A,199000,A
45,174,Comoros,56,Maize (corn),1990,2380,E,3570,A,1500,E
107,384,Côte d'Ivoire,56,Maize (corn),1990,1190.4,A,484000,A,406596,A
116,408,Democratic People's Republic of Korea,56,Maize (corn),1990,5882.4,E,4000000,E,680000,E
91,328,Guyana,56,Maize (corn),1990,1566.6,E,3000,A,1915,E
93,332,Haiti,56,Maize (corn),1990,795.1,E,163000,X,205000,E
97,348,Hungary,56,Maize (corn),1990,4157.7,A,4500144,A,1082362,A
102,364,Iran (Islamic Republic of),56,Maize (corn),1990,4333.3,E,130000,E,30000,X
105,376,Israel,56,Maize (corn),1990,13793.5,E,95630,X,6933,A
121,422,Lebanon,56,Maize (corn),1990,1691,E,2900,E,1715,A
132,462,Maldives,56,Maize (corn),1990,1000,E,4,X,4,E
158,562,Niger,56,Maize (corn),1990,313.9,A,1758,A,5600,A
166,591,Panama,56,Maize (corn),1990,1280.4,A,99284,A,77540,A
194,682,Saudi Arabia,56,Maize (corn),1990,1799.2,A,4257,A,2366,A
202,710,South Africa,56,Maize (corn),1990,2205.1,A,9180000,A,4163000,A
203,724,Spain,56,Maize (corn),1990,6425.6,A,3041900,A,473400,A
216,764,Thailand,56,Maize (corn),1990,2409,A,3722266,A,1545135,A
14,52,Barbados,56,Maize (corn),1990,2674.4,E,2300,E,860,E
19,68,Bolivia (Plurinational State of),56,Maize (corn),1990,1665.8,A,390952,A,234696,A
29,108,Burundi,56,Maize (corn),1990,1354,A,167900,A,124000,A
44,170,Colombia,56,Maize (corn),1990,1449.8,A,1213300,A,836900,A
51,200,Czechoslovakia,56,Maize (corn),1990,3472.1,A,468027,A,134796,A
250,180,Democratic Republic of the Congo,56,Maize (corn),1990,816.6,A,1008000,A,1234449,A
56,214,Dominican Republic,56,Maize (corn),1990,1647.9,A,39694,A,24088,A
209,748,Eswatini,56,Maize (corn),1990,1240.3,A,104232,A,84040,A
89,320,Guatemala,56,Maize (corn),1990,2005.2,A,1272240,A,634480,A
112,400,Jordan,56,Maize (corn),1990,8890.5,A,3734,A,420,A
129,450,Madagascar,56,Maize (corn),1990,984.8,A,155000,A,157390,A
144,508,Mozambique,56,Maize (corn),1990,448,A,452911,A,1010902,A
168,598,Papua New Guinea,56,Maize (corn),1990,2500,E,2500,E,1000,E
177,630,Puerto Rico,56,Maize (corn),1990,1080,E,540,E,500,E
197,694,Sierra Leone,56,Maize (corn),1990,1088.5,A,12300,A,11300,A
38,144,Sri Lanka,56,Maize (corn),1990,1122.7,A,33390,A,29740,A
217,768,Togo,56,Maize (corn),1990,965.3,A,285448,A,295712,A
28,104,Myanmar,56,Maize (corn),1990,1495,A,187024,A,125103,A
46,178,Congo,56,Maize (corn),1990,578.4,E,4627,A,8000,E
66,242,Fiji,56,Maize (corn),1990,2108.1,A,1950,A,925,A
74,266,Gabon,56,Maize (corn),1990,1576.8,E,22864,A,14500,E
84,300,Greece,56,Maize (corn),1990,9696.5,A,2013000,A,207600,A
95,340,Honduras,56,Maize (corn),1990,1518.8,A,557969,A,367367,A
100,356,India,56,Maize (corn),1990,1517.8,A,8961700,A,5904300,A
106,380,Italy,56,Maize (corn),1990,7637.5,A,5863900,A,767780,A
122,426,Lesotho,56,Maize (corn),1990,1100,A,171579,A,155976,A
124,434,Libya,56,Maize (corn),1990,1000,A,400,A,400,A
143,504,Morocco,56,Maize (corn),1990,1159.8,A,435620,A,375600,A
156,554,New Zealand,56,Maize (corn),1990,9207.7,A,161651,A,17556,A
159,566,Nigeria,56,Maize (corn),1990,1130.1,A,5768000,A,5104000,A
182,638,Réunion,56,Maize (corn),1990,4345.8,A,10430,A,2400,A
191,670,Saint Vincent and the Grenadines,56,Maize (corn),1990,3571.4,E,2500,E,700,E
225,784,United Arab Emirates,56,Maize (corn),1990,20181.5,E,3551.28,I,176,I
231,840,United States of America,56,Maize (corn),1990,7438,A,201532000,A,27094800,A
249,887,Yemen,56,Maize (corn),1990,1273.8,A,65639,A,51530,A
8,28,Antigua and Barbuda,56,Maize (corn),1990,2381,E,50,E,21,E
11,40,Austria,56,Maize (corn),1990,8180,A,1620237,A,198073,A
58,218,Ecuador,56,Maize (corn),1990,1060.2,A,465399,A,438980,A
68,250,France,56,Maize (corn),1990,6018.6,A,9400500,A,1561900,A
75,270,Gambia,56,Maize (corn),1990,1204.1,A,13630,A,11320,A
86,308,Grenada,56,Maize (corn),1990,992.3,E,258,A,260,E
90,324,Guinea,56,Maize (corn),1990,1017.9,E,111175,E,109215,E
109,388,Jamaica,56,Maize (corn),1990,1058.8,A,2161,A,2041,A
150,528,Netherlands (Kingdom of the),56,Maize (corn),1990,9090.9,E,30000,E,3300,A
181,716,Zimbabwe,56,Maize (corn),1990,1720.6,A,1971542,A,1145870,A
12,44,Bahamas,56,Maize (corn),1990,1500,E,750,E,500,E
20,72,Botswana,56,Maize (corn),1990,289.9,A,11800,A,40700,A
37,140,Central African Republic,56,Maize (corn),1990,732.4,A,51100,A,69769,A
41,156,"China, mainland",56,Maize (corn),1990,4524,A,96819008,A,21401296,A
48,188,Costa Rica,56,Maize (corn),1990,1655.4,A,66499,A,40170,A
110,392,Japan,56,Maize (corn),1990,2545.7,E,807,E,317,A
136,478,Mauritania,56,Maize (corn),1990,678.9,A,2408,A,3547,A
138,484,Mexico,56,Maize (corn),1990,1994.2,A,14635439,A,7338872,A
175,624,Guinea-Bissau,56,Maize (corn),1990,1067.8,A,13675,A,12807,A
215,834,United Republic of Tanzania,56,Maize (corn),1990,1498.8,A,2445000,A,1631260,A
248,890,Yugoslav SFR,56,Maize (corn),1990,3016.5,A,6723975,A,2229070,A
21,76,Brazil,56,Maize (corn),1990,1873.5,A,21347770,A,11394300,A
49,192,Cuba,56,Maize (corn),1990,871.9,A,65045,A,74604,A
59,818,Egypt,56,Maize (corn),1990,5780.3,A,4798635,A,830174,A
62,230,Ethiopia PDR,56,Maize (corn),1990,1608.7,A,2055640,A,1277790,A
81,288,Ghana,56,Maize (corn),1990,1188.9,A,552600,A,464800,A
114,404,Kenya,56,Maize (corn),1990,1659.1,A,2289600,A,1380000,A
153,540,New Caledonia,56,Maize (corn),1990,2401.8,E,1064,A,443,E
174,620,Portugal,56,Maize (corn),1990,3033.4,A,665560,A,219412,A
179,634,Qatar,56,Maize (corn),1990,13500,A,108,A,8,A
183,642,Romania,56,Maize (corn),1990,2760.6,A,6809604,A,2466735,A
206,736,Sudan (former),56,Maize (corn),1990,490.9,E,27000,E,55000,E
211,756,Switzerland,56,Maize (corn),1990,8510.2,A,232900,A,27367,A
16,50,Bangladesh,56,Maize (corn),1990,1001.5,A,3350,A,3345,A
15,58,Belgium-Luxembourg,56,Maize (corn),1990,7599.9,A,55700,A,7329,A
18,64,Bhutan,56,Maize (corn),1990,952.4,E,40000,A,42000,E
27,100,Bulgaria,56,Maize (corn),1990,2877.1,A,1221139,A,424428,A
170,604,Peru,56,Maize (corn),1990,1953.2,A,631815,A,323485,A
207,740,Suriname,56,Maize (corn),1990,2157.5,A,274,A,127,A
220,780,Trinidad and Tobago,56,Maize (corn),1990,4362.6,E,3381,E,775,E
133,466,Mali,56,Maize (corn),1990,1156.6,A,196579,A,169958,A
171,608,Philippines,56,Maize (corn),1990,1335.8,E,5102000,X,3819560,A
201,706,Somalia,56,Maize (corn),1990,859,E,78727.05,I,91650,I
236,862,Venezuela (Bolivarian Republic of),56,Maize (corn),1990,2168,A,1002485,A,462401,A
251,894,Zambia,56,Maize (corn),1990,1431.6,A,1092671,A,763277,A
72,262,Djibouti,56,Maize (corn),1990,1666.7,E,10,E,6,E
79,276,Germany,56,Maize (corn),1990,6776.2,A,1551758,A,229000,A
131,458,Malaysia,56,Maize (corn),1990,1750,X,35000,X,20000,X
165,586,Pakistan,56,Maize (corn),1990,1401.4,A,1184500,A,845200,A
193,678,Sao Tome and Principe,56,Maize (corn),1990,1928.6,E,2700,A,1400,E
233,854,Burkina Faso,56,Maize (corn),1990,1461.2,A,257900,A,176500,A
40,152,Chile,56,Maize (corn),1990,8139.5,A,823150,A,101130,A
214,158,"China, Taiwan Province of",56,Maize (corn),1990,4852.9,A,394875,A,81369,A
130,454,Malawi,56,Maize (corn),1990,999.3,A,1342809,A,1343784,A
169,600,Paraguay,56,Maize (corn),1990,2199.1,E,420019,A,191000,X
173,616,Poland,56,Maize (corn),1990,4912.6,A,289949,A,59021,A
189,662,Saint Lucia,56,Maize (corn),1990,,,,M,,M
212,760,Syrian Arab Republic,56,Maize (corn),1990,3254,A,180000,A,55316,A
155,548,Vanuatu,56,Maize (corn),1990,510.9,E,700,E,1370,E
117,410,Republic of Korea,56,Maize (corn),1990,4612.6,A,119868,A,25987,A
176,626,Timor-Leste,56,Maize (corn),1990,1327.5,A,86090,A,64853,A
223,792,Türkiye,56,Maize (corn),1990,4080.3,A,2100000,A,514665,A
228,810,USSR,56,Maize (corn),1990,3483.6,E,9883000,X,2837000,A
9,32,Argentina,56,Maize (corn),1991,4044.4,A,7684800,A,1900100,A
37,140,Central African Republic,56,Maize (corn),1991,814.9,A,57640,A,70735,A
72,262,Djibouti,56,Maize (corn),1991,1643.3,E,9.86,I,6,E
102,364,Iran (Islamic Republic of),56,Maize (corn),1991,7250.9,A,188705.8,A,26025,A
105,376,Israel,56,Maize (corn),1991,13850.4,E,89820,X,6485,A
106,380,Italy,56,Maize (corn),1991,7262.4,A,6237700,A,858906,A
109,388,Jamaica,56,Maize (corn),1991,1166.7,A,2904,A,2489,A
116,408,Democratic People's Republic of Korea,56,Maize (corn),1991,6531.9,A,4200000,A,643000,A
121,422,Lebanon,56,Maize (corn),1991,1746.7,A,3013,A,1725,A
122,426,Lesotho,56,Maize (corn),1991,540.8,A,48918,A,90461,A
137,480,Mauritius,56,Maize (corn),1991,3719.3,A,2120,A,570,A
149,524,Nepal,56,Maize (corn),1991,1597.6,A,1204710,A,754090,A
158,562,Niger,56,Maize (corn),1991,662.9,A,1292,A,1949,A
170,604,Peru,56,Maize (corn),1991,1921.3,A,659779,A,343409,A
181,716,Zimbabwe,56,Maize (corn),1991,1440,A,1585760,A,1101200,A
184,646,Rwanda,56,Maize (corn),1991,1155.6,E,104000,A,90000,X
194,682,Saudi Arabia,56,Maize (corn),1991,2116.6,A,4811,A,2273,A
216,764,Thailand,56,Maize (corn),1991,2711.7,A,3792652,A,1398610,A
8,28,Antigua and Barbuda,56,Maize (corn),1991,1833.3,E,55,E,30,E
29,108,Burundi,56,Maize (corn),1991,1388.7,A,172200,A,124000,A
35,132,Cabo Verde,56,Maize (corn),1991,252.9,A,8258,A,32655,A
44,170,Colombia,56,Maize (corn),1991,1549.8,A,1273600,A,821800,A
45,174,Comoros,56,Maize (corn),1991,2337.9,E,3570,A,1527,I
250,180,Democratic Republic of the Congo,56,Maize (corn),1991,810,A,1022620,A,1262460,A
209,748,Eswatini,56,Maize (corn),1991,1010.5,A,59279,A,58663,A
69,254,French Guiana,56,Maize (corn),1991,384,E,187,I,487,I
79,276,Germany,56,Maize (corn),1991,6843.2,A,1936987,A,283052,A
81,288,Ghana,56,Maize (corn),1991,1526,A,931500,A,610400,A
84,300,Greece,56,Maize (corn),1991,10104.2,A,2327000,A,230300,A
175,624,Guinea-Bissau,56,Maize (corn),1991,1138.6,A,12838,A,11275,A
124,434,Libya,56,Maize (corn),1991,1252.5,E,688.97,I,550,I
144,508,Mozambique,56,Maize (corn),1991,324.1,A,327089,A,1009211,A
28,104,Myanmar,56,Maize (corn),1991,1514,A,188100,A,124239,A
156,554,New Zealand,56,Maize (corn),1991,9628.7,A,183388,A,19046,A
165,586,Pakistan,56,Maize (corn),1991,1423.5,A,1203100,A,845200,A
174,620,Portugal,56,Maize (corn),1991,3041.1,A,656187,A,215773,A
212,760,Syrian Arab Republic,56,Maize (corn),1991,4067.5,A,225000,A,55316,A
217,768,Togo,56,Maize (corn),1991,906,A,231400,A,255400,A
226,800,Uganda,56,Maize (corn),1991,1350,A,567000,A,420000,A
2,4,Afghanistan,56,Maize (corn),1991,1680,A,420000,A,250000,A
4,12,Algeria,56,Maize (corn),1991,1923.1,A,500,A,260,A
10,36,Australia,56,Maize (corn),1991,3993.8,A,193701,A,48500,A
21,76,Brazil,56,Maize (corn),1991,1808.4,A,23624340,A,13063700,A
233,854,Burkina Faso,56,Maize (corn),1991,1686.8,A,315100,A,186800,A
39,148,Chad,56,Maize (corn),1991,984.6,A,47775,A,48520,A
51,200,Czechoslovakia,56,Maize (corn),1991,5177.8,A,861762,A,166435,A
55,212,Dominica,56,Maize (corn),1991,1340.2,E,159.4,I,119,I
86,308,Grenada,56,Maize (corn),1991,1113.2,E,295,A,265,E
133,466,Mali,56,Maize (corn),1991,1382.4,A,256775,A,185749,A
136,478,Mauritania,56,Maize (corn),1991,596.6,A,2113,A,3542,A
138,484,Mexico,56,Maize (corn),1991,2051.5,A,14251500,A,6946831,A
153,540,New Caledonia,56,Maize (corn),1991,5232.9,A,382,A,73,A
171,608,Philippines,56,Maize (corn),1991,1296.9,A,4655026,A,3589460,A
183,642,Romania,56,Maize (corn),1991,4076.6,A,10497338,A,2574999,A
189,662,Saint Lucia,56,Maize (corn),1991,,,,M,,M
38,144,Sri Lanka,56,Maize (corn),1991,1191.6,A,34050,A,28576,A
23,84,Belize,56,Maize (corn),1991,2755.2,A,31809,A,11545,A
27,100,Bulgaria,56,Maize (corn),1991,4955.1,A,2775207,A,560068,A
33,124,Canada,56,Maize (corn),1991,6709.8,A,7413000,A,1104800,A
48,188,Costa Rica,56,Maize (corn),1991,1625.4,A,51469,A,31666,A
58,218,Ecuador,56,Maize (corn),1991,1382.1,A,513028,A,371200,A
131,458,Malaysia,56,Maize (corn),1991,,,,M,,M
145,583,Micronesia (Federated States of),56,Maize (corn),1991,1200.4,E,41.89,I,35,I
147,516,Namibia,56,Maize (corn),1991,1195,A,51185,A,42833,A
176,626,Timor-Leste,56,Maize (corn),1991,1392.1,A,91076,A,65422,A
182,638,Réunion,56,Maize (corn),1991,6031.8,A,13270,A,2200,A
197,694,Sierra Leone,56,Maize (corn),1991,909.1,A,11000,A,12100,A
201,706,Somalia,56,Maize (corn),1991,1000,E,100000,X,100000,E
207,740,Suriname,56,Maize (corn),1991,2228.9,A,185,A,83,A
211,756,Switzerland,56,Maize (corn),1991,8051,A,220517,A,27390,A
215,834,United Republic of Tanzania,56,Maize (corn),1991,1261.6,A,2331800,A,1848300,A
236,862,Venezuela (Bolivarian Republic of),56,Maize (corn),1991,2284.8,A,1024589,A,448440,A
237,704,Viet Nam,56,Maize (corn),1991,1501.3,A,672000,A,447600,A
12,44,Bahamas,56,Maize (corn),1991,1666.7,E,750,E,450,E
19,68,Bolivia (Plurinational State of),56,Maize (corn),1991,1528.5,A,429713,A,281129,A
40,152,Chile,56,Maize (corn),1991,8391.6,A,835723,A,99590,A
41,156,"China, mainland",56,Maize (corn),1991,4578.3,A,98773008,A,21574270,A
59,818,Egypt,56,Maize (corn),1991,5895.1,A,5121709,A,868808,A
66,242,Fiji,56,Maize (corn),1991,1201,A,496,A,413,A
90,324,Guinea,56,Maize (corn),1991,1052.7,E,123920,E,117720,E
91,328,Guyana,56,Maize (corn),1991,1378.2,E,3100,A,2249,I
93,332,Haiti,56,Maize (corn),1991,808.5,E,190000,E,235000,E
97,348,Hungary,56,Maize (corn),1991,6710,A,7744609,A,1154189,A
159,566,Nigeria,56,Maize (corn),1991,1129.9,A,5810000,A,5142000,A
166,591,Panama,56,Maize (corn),1991,1365.2,A,102418,A,75020,A
173,616,Poland,56,Maize (corn),1991,4846.8,A,339872,A,70123,A
191,670,Saint Vincent and the Grenadines,56,Maize (corn),1991,3333.3,E,2000,E,600,E
202,710,South Africa,56,Maize (corn),1991,2257.3,A,8614000,A,3816000,A
214,158,"China, Taiwan Province of",56,Maize (corn),1991,5047.4,A,374818,A,74260,A
231,840,United States of America,56,Maize (corn),1991,6817.1,A,189867780,A,27851580,A
248,890,Yugoslav SFR,56,Maize (corn),1991,5335.6,A,11557000,A,2166000,A
249,887,Yemen,56,Maize (corn),1991,1198.4,A,45936,A,38331,A
251,894,Zambia,56,Maize (corn),1991,1714,A,1095908,A,639390,A
20,72,Botswana,56,Maize (corn),1991,396.2,A,14500,A,36600,A
46,178,Congo,56,Maize (corn),1991,598.4,E,4787,A,8000,E
56,214,Dominican Republic,56,Maize (corn),1991,1622.3,A,43209,A,26634,A
74,266,Gabon,56,Maize (corn),1991,1691.2,A,23677,A,14000,A
89,320,Guatemala,56,Maize (corn),1991,1844.2,A,1233250,A,668710,A
100,356,India,56,Maize (corn),1991,1376.3,A,8064400,A,5859400,A
112,400,Jordan,56,Maize (corn),1991,,,,E,,E
120,418,Lao People's Democratic Republic,56,Maize (corn),1991,2006.5,A,68575,A,34176,A
130,454,Malawi,56,Maize (corn),1991,1141.9,A,1589377,A,1391878,A
155,548,Vanuatu,56,Maize (corn),1991,463.8,E,650,E,1402,I
157,558,Nicaragua,56,Maize (corn),1991,1022.8,A,198900,A,194460,A
168,598,Papua New Guinea,56,Maize (corn),1991,2500,E,3000,E,1200,E
193,678,Sao Tome and Principe,56,Maize (corn),1991,2117.6,E,3600,A,1700,E
228,810,USSR,56,Maize (corn),1991,3293.4,E,9788000,X,2972000,A
53,204,Benin,56,Maize (corn),1991,928.1,A,431004,A,464405,A
54,208,Denmark,56,Maize (corn),1991,,,,M,,M
60,222,El Salvador,56,Maize (corn),1991,1644.8,A,504289,A,306600,A
75,270,Gambia,56,Maize (corn),1991,1179.7,A,20420,A,17310,A
95,340,Honduras,56,Maize (corn),1991,1318.5,A,566174,A,429394,A
110,392,Japan,56,Maize (corn),1991,2491.5,E,769.88,I,309,A
129,450,Madagascar,56,Maize (corn),1991,966.7,A,145000,A,150000,A
177,630,Puerto Rico,56,Maize (corn),1991,1149.4,E,500,E,435,E
206,736,Sudan (former),56,Maize (corn),1991,488,E,61000,X,125000,E
220,780,Trinidad and Tobago,56,Maize (corn),1991,3187.8,E,3100,E,972,I
3,8,Albania,56,Maize (corn),1991,2906.8,A,128779,A,44303,A
115,116,Cambodia,56,Maize (corn),1991,1200,A,60000,A,50000,A
32,120,Cameroon,56,Maize (corn),1991,1980,E,495000,X,250000,A
62,230,Ethiopia PDR,56,Maize (corn),1991,1221.4,A,1409860,A,1154340,A
68,250,France,56,Maize (corn),1991,7286.6,A,12796831.1,A,1756223,A
143,504,Morocco,56,Maize (corn),1991,870,A,335040,A,385100,A
203,724,Spain,56,Maize (corn),1991,6669.2,A,3233250,A,484800,A
223,792,Türkiye,56,Maize (corn),1991,4248.9,A,2180000,A,513071,A
234,858,Uruguay,56,Maize (corn),1991,1780,A,133500,A,75000,A
14,52,Barbados,56,Maize (corn),1991,2625,E,2100,E,800,E
15,58,Belgium-Luxembourg,56,Maize (corn),1991,7500.2,A,72752,A,9700,A
101,360,Indonesia,56,Maize (corn),1991,2150.5,A,6255906,A,2909100,A
103,368,Iraq,56,Maize (corn),1991,2185.7,E,236000,X,107975,A
107,384,Côte d'Ivoire,56,Maize (corn),1991,1253.3,A,497000,A,396560,A
221,512,Oman,56,Maize (corn),1991,7216.6,E,27818.16,I,3855,I
150,528,Netherlands (Kingdom of the),56,Maize (corn),1991,8035.7,E,90000,E,11200,A
16,50,Bangladesh,56,Maize (corn),1991,978.1,A,3040,A,3108,A
18,64,Bhutan,56,Maize (corn),1991,1012.9,E,41529.58,I,41000,E
118,414,Kuwait,56,Maize (corn),1991,13000,E,13,E,1,E
225,784,United Arab Emirates,56,Maize (corn),1991,20379.2,E,3547.62,I,174,I
7,24,Angola,56,Maize (corn),1991,401.3,A,299000,A,745000,A
11,40,Austria,56,Maize (corn),1991,8480,A,1571361,A,185302,A
114,404,Kenya,56,Maize (corn),1991,1832.1,A,2400000,A,1310000,A
117,410,Republic of Korea,56,Maize (corn),1991,3410.7,A,74606,A,21874,A
132,462,Maldives,56,Maize (corn),1991,1000,E,2,E,2,E
169,600,Paraguay,56,Maize (corn),1991,1650.2,A,401339,A,243213,A
179,634,Qatar,56,Maize (corn),1991,12181.8,A,134,A,11,A
195,686,Senegal,56,Maize (corn),1991,1132.4,A,102633,A,90632,A
49,192,Cuba,56,Maize (corn),1991,802.7,A,55349,A,68957,A
4,12,Algeria,56,Maize (corn),1992,2282.8,A,662,A,290,A
15,58,Belgium-Luxembourg,56,Maize (corn),1992,8800,A,89109,A,10126,A
18,64,Bhutan,56,Maize (corn),1992,1000,E,40000,A,40000,E
21,76,Brazil,56,Maize (corn),1992,2282.8,A,30506127,A,13363609,A
27,100,Bulgaria,56,Maize (corn),1992,2812.8,A,1742275,A,619406,A
45,174,Comoros,56,Maize (corn),1992,2319.7,E,3590,A,1548,I
48,188,Costa Rica,56,Maize (corn),1992,1667.7,A,39391,A,23620,A
55,212,Dominica,56,Maize (corn),1992,1339.9,E,161.78,I,121,I
57,112,Belarus,56,Maize (corn),1992,3000,A,3000,A,1000,A
69,254,French Guiana,56,Maize (corn),1992,684.6,E,89,I,130,I
100,356,India,56,Maize (corn),1992,1622.7,A,8942900,A,5511000,A
101,360,Indonesia,56,Maize (corn),1992,2203,A,7995459,A,3629346,A
103,368,Iraq,56,Maize (corn),1992,2004.6,A,260000,A,129700,A
114,404,Kenya,56,Maize (corn),1992,1727.1,A,2430000,A,1407000,A
116,408,Democratic People's Republic of Korea,56,Maize (corn),1992,5773.3,A,3718000,A,644000,A
147,516,Namibia,56,Maize (corn),1992,595.3,E,10715,A,18000,E
149,524,Nepal,56,Maize (corn),1992,1664.7,A,1290500,A,775220,A
156,554,New Zealand,56,Maize (corn),1992,9119.6,A,163842,A,17966,A
158,562,Niger,56,Maize (corn),1992,701.8,E,4000,A,5700,E
171,608,Philippines,56,Maize (corn),1992,1386.5,A,4618854,A,3331410,A
195,686,Senegal,56,Maize (corn),1992,1090.7,A,114564,A,105041,A
201,706,Somalia,56,Maize (corn),1992,954.4,E,101000,X,105829,I
202,710,South Africa,56,Maize (corn),1992,785.3,A,3277000,A,4173000,A
206,736,Sudan (former),56,Maize (corn),1992,425,E,51000,X,120000,E
208,762,Tajikistan,56,Maize (corn),1992,2961.3,A,32278,A,10900,A
212,760,Syrian Arab Republic,56,Maize (corn),1992,3886.8,A,215000,A,55316,A
8,28,Antigua and Barbuda,56,Maize (corn),1992,1713.6,E,50.95,I,30,I
52,31,Azerbaijan,56,Maize (corn),1992,1874,A,21283,A,11357,A
20,72,Botswana,56,Maize (corn),1992,189.9,A,3000,A,15800,A
29,108,Burundi,56,Maize (corn),1992,1421.8,A,176300,A,124000,A
115,116,Cambodia,56,Maize (corn),1992,1250,A,60000,A,48000,A
39,148,Chad,56,Maize (corn),1992,1268.6,A,87424,A,68912,A
250,180,Democratic Republic of the Congo,56,Maize (corn),1992,812,A,1053260,A,1297120,A
84,300,Greece,56,Maize (corn),1992,9976.2,A,2095000,A,210000,A
91,328,Guyana,56,Maize (corn),1992,1207.5,E,3200,A,2650,E
113,417,Kyrgyzstan,56,Maize (corn),1992,5131.6,A,280700,A,54700,A
28,104,Myanmar,56,Maize (corn),1992,1494.3,A,205000,A,137189,A
154,807,North Macedonia,56,Maize (corn),1992,2975.9,A,130259,A,43772,A
166,591,Panama,56,Maize (corn),1992,1261.1,A,105303,A,83500,A
179,634,Qatar,56,Maize (corn),1992,12458.3,A,299,A,24,A
146,498,Republic of Moldova,56,Maize (corn),1992,2448.5,A,635640,A,259600,A
184,646,Rwanda,56,Maize (corn),1992,1225,E,98000,A,80000,X
197,694,Sierra Leone,56,Maize (corn),1992,818.2,A,10000,A,12222,A
217,768,Togo,56,Maize (corn),1992,1014,A,278042,A,274200,A
235,860,Uzbekistan,56,Maize (corn),1992,3722.6,A,367200,A,98640,A
155,548,Vanuatu,56,Maize (corn),1992,469.4,E,660,E,1406,I
249,887,Yemen,56,Maize (corn),1992,1499.1,A,70373,A,46944,A
10,36,Australia,56,Maize (corn),1992,5172.1,A,268947,A,52000,A
12,44,Bahamas,56,Maize (corn),1992,1666.7,E,500,E,300,E
37,140,Central African Republic,56,Maize (corn),1992,903.8,A,58947,A,65223,A
40,152,Chile,56,Maize (corn),1992,8488.4,A,911056,A,107330,A
107,384,Côte d'Ivoire,56,Maize (corn),1992,1319.5,A,514000,A,389538,A
54,208,Denmark,56,Maize (corn),1992,,,,M,,M
59,818,Egypt,56,Maize (corn),1992,6134.6,A,5069000,A,826297,A
74,266,Gabon,56,Maize (corn),1992,1539.7,E,24635,A,16000,E
79,276,Germany,56,Maize (corn),1992,7234.8,A,2139031,A,295658,A
95,340,Honduras,56,Maize (corn),1992,1294.2,A,561206,A,433622,A
110,392,Japan,56,Maize (corn),1992,2518,E,700,E,278,A
121,422,Lebanon,56,Maize (corn),1992,1871.5,A,3380,A,1806,A
185,643,Russian Federation,56,Maize (corn),1992,2684.3,A,2135210,A,795450,A
186,891,Serbia and Montenegro,56,Maize (corn),1992,2976.9,A,4513000,A,1516000,A
176,626,Timor-Leste,56,Maize (corn),1992,1409.5,A,82275,A,58370,A
230,804,Ukraine,56,Maize (corn),1992,2507.2,A,2850839,A,1137060,A
1,51,Armenia,56,Maize (corn),1992,3234.4,A,4195,A,1297,A
7,24,Angola,56,Maize (corn),1992,377.8,A,320000,A,847000,A
9,32,Argentina,56,Maize (corn),1992,4523.7,A,10700500,A,2365440,A
16,50,Bangladesh,56,Maize (corn),1992,931.9,A,2725,A,2924,A
41,156,"China, mainland",56,Maize (corn),1992,4532.7,A,95383008,A,21043500,A
44,170,Colombia,56,Maize (corn),1992,1517.5,A,1055670,A,695656,A
46,178,Congo,56,Maize (corn),1992,604.1,E,4954,A,8200,E
53,204,Benin,56,Maize (corn),1992,977.1,A,459546,A,470297,A
80,70,Bosnia and Herzegovina,56,Maize (corn),1992,3987.3,E,630000,E,158000,E
81,288,Ghana,56,Maize (corn),1992,1204,A,730600,A,606800,A
90,324,Guinea,56,Maize (corn),1992,1088.5,E,138120,E,126890,E
102,364,Iran (Islamic Republic of),56,Maize (corn),1992,6441,A,412715.2,A,64076,A
120,418,Lao People's Democratic Republic,56,Maize (corn),1992,1826.6,A,58699,A,32135,A
136,478,Mauritania,56,Maize (corn),1992,768.4,A,3142,A,4089,A
157,558,Nicaragua,56,Maize (corn),1992,1312.9,A,252000,A,191940,A
165,586,Pakistan,56,Maize (corn),1992,1396.6,A,1183600,A,847500,A
177,630,Puerto Rico,56,Maize (corn),1992,1069.8,E,460,E,430,E
198,705,Slovenia,56,Maize (corn),1992,2815,A,172334,A,61220,A
203,724,Spain,56,Maize (corn),1992,7017,A,2757500,A,392974,A
209,748,Eswatini,56,Maize (corn),1992,1543.5,A,92971,A,60233,A
211,756,Switzerland,56,Maize (corn),1992,8313,A,186710,A,22460,A
214,158,"China, Taiwan Province of",56,Maize (corn),1992,5099.1,A,389869,A,76459,A
223,792,Türkiye,56,Maize (corn),1992,4242.7,A,2225000,A,524434,A
225,784,United Arab Emirates,56,Maize (corn),1992,20115.7,E,3600.49,I,179,I
231,840,United States of America,56,Maize (corn),1992,8252.6,A,240719220,A,29168840,A
237,704,Viet Nam,56,Maize (corn),1992,1564.6,A,747900,A,478000,A
251,894,Zambia,56,Maize (corn),1992,731.1,A,483492,A,661305,A
3,8,Albania,56,Maize (corn),1992,2487.6,A,156063,A,62736,A
11,40,Austria,56,Maize (corn),1992,6480,A,1118169,A,172557,A
14,52,Barbados,56,Maize (corn),1992,2571.4,E,1800,E,700,E
32,120,Cameroon,56,Maize (corn),1992,1397.4,E,531000,A,380000,X
51,200,Czechoslovakia,56,Maize (corn),1992,4312.4,A,779555,A,180771,A
56,214,Dominican Republic,56,Maize (corn),1992,1376,A,46154,A,33543,A
97,348,Hungary,56,Maize (corn),1992,3650.1,A,4404906,A,1206804,A
98,191,Croatia,56,Maize (corn),1992,4153.5,A,1537663,A,370205,A
109,388,Jamaica,56,Maize (corn),1992,1422.5,A,3828,A,2691,A
112,400,Jordan,56,Maize (corn),1992,,,,E,,E
118,414,Kuwait,56,Maize (corn),1992,10444.4,A,94,A,9,A
129,450,Madagascar,56,Maize (corn),1992,812.5,A,130000,A,160000,A
138,484,Mexico,56,Maize (corn),1992,2345,A,16929344,A,7219352,A
145,583,Micronesia (Federated States of),56,Maize (corn),1992,1208.9,E,43.57,I,36,I
168,598,Papua New Guinea,56,Maize (corn),1992,2941.1,E,3500,E,1190,I
182,638,Réunion,56,Maize (corn),1992,6038.5,A,15700,A,2600,A
220,780,Trinidad and Tobago,56,Maize (corn),1992,3181.8,E,3500,E,1100,E
233,854,Burkina Faso,56,Maize (corn),1992,1523.8,A,342700,A,224900,A
234,858,Uruguay,56,Maize (corn),1992,1561.3,A,124900,A,80000,A
33,124,Canada,56,Maize (corn),1992,5692.7,A,4882600,A,857700,A
35,132,Cabo Verde,56,Maize (corn),1992,302.1,A,10265,A,33975,A
58,218,Ecuador,56,Maize (corn),1992,1041.6,A,521682,A,500830,A
60,222,El Salvador,56,Maize (corn),1992,2198.9,A,705585,A,320880,A
106,380,Italy,56,Maize (corn),1992,8659.7,A,7394134,A,853857,A
133,466,Mali,56,Maize (corn),1992,1005,A,192530,A,191563,A
137,480,Mauritius,56,Maize (corn),1992,4433.3,A,1995,A,450,A
174,620,Portugal,56,Maize (corn),1992,3454.7,A,678041,A,196269,A
191,670,Saint Vincent and the Grenadines,56,Maize (corn),1992,3374.3,E,1660.54,I,492,I
2,4,Afghanistan,56,Maize (corn),1992,1500,E,300000,A,200000,E
19,68,Bolivia (Plurinational State of),56,Maize (corn),1992,1753.4,A,503481,A,287140,A
86,308,Grenada,56,Maize (corn),1992,1021.2,E,337,A,330,E
105,376,Israel,56,Maize (corn),1992,13495.2,E,78650,X,5828,A
122,426,Lesotho,56,Maize (corn),1992,579.2,A,61074,A,105454,A
131,458,Malaysia,56,Maize (corn),1992,,,,M,,M
143,504,Morocco,56,Maize (corn),1992,475.3,A,215600,A,453600,A
169,600,Paraguay,56,Maize (corn),1992,1743,A,449700,A,258000,A
181,716,Zimbabwe,56,Maize (corn),1992,410.8,A,361900,A,881000,A
193,678,Sao Tome and Principe,56,Maize (corn),1992,2222.2,E,4000,A,1800,E
215,834,United Republic of Tanzania,56,Maize (corn),1992,1166.8,A,2226424,A,1908163,A
66,242,Fiji,56,Maize (corn),1992,2161.4,A,964,A,446,A
68,250,France,56,Maize (corn),1992,7981.2,A,14822656.5,A,1857189,A
89,320,Guatemala,56,Maize (corn),1992,1883.1,A,1366380,A,725620,A
130,454,Malawi,56,Maize (corn),1992,480.2,A,657000,A,1368093,A
221,512,Oman,56,Maize (corn),1992,7246.9,E,27100.87,I,3740,I
207,740,Suriname,56,Maize (corn),1992,1870.6,A,159,A,85,A
49,192,Cuba,56,Maize (corn),1992,818.4,A,65000,A,79427,A
124,434,Libya,56,Maize (corn),1992,1285.7,E,774.02,I,602,I
159,566,Nigeria,56,Maize (corn),1992,1118.1,A,5840000,A,5223000,A
213,795,Turkmenistan,56,Maize (corn),1992,3697.7,A,159000,A,43000,A
72,262,Djibouti,56,Maize (corn),1992,1647.3,E,9.88,I,6,E
93,332,Haiti,56,Maize (corn),1992,794.8,A,226318,A,284749,A
183,642,Romania,56,Maize (corn),1992,2046.9,A,6828270,A,3335920,A
189,662,Saint Lucia,56,Maize (corn),1992,,,,M,,M
194,682,Saudi Arabia,56,Maize (corn),1992,2073.3,A,5036,A,2429,A
226,800,Uganda,56,Maize (corn),1992,1500,A,657000,A,438000,A
23,84,Belize,56,Maize (corn),1992,2224.4,A,26461,A,11896,A
175,624,Guinea-Bissau,56,Maize (corn),1992,951.8,A,10277,A,10797,A
108,398,Kazakhstan,56,Maize (corn),1992,3121.4,A,367700,A,117800,A
150,528,Netherlands (Kingdom of the),56,Maize (corn),1992,8025.6,A,62600,A,7800,A
153,540,New Caledonia,56,Maize (corn),1992,4970.3,A,502,A,101,A
216,764,Thailand,56,Maize (corn),1992,2970.9,A,3672022,A,1235980,A
236,862,Venezuela (Bolivarian Republic of),56,Maize (corn),1992,2256,A,844301,A,374247,A
38,144,Sri Lanka,56,Maize (corn),1992,1039,A,28800,A,27720,A
62,230,Ethiopia PDR,56,Maize (corn),1992,1527.5,A,1526280,A,999190,A
73,268,Georgia,56,Maize (corn),1992,2534.6,A,220000,A,86800,A
75,270,Gambia,56,Maize (corn),1992,1513.8,A,18265,A,12066,A
126,440,Lithuania,56,Maize (corn),1992,1189.3,E,8541.65,I,7182,I
144,508,Mozambique,56,Maize (corn),1992,158.7,A,132047,A,832132,A
170,604,Peru,56,Maize (corn),1992,1885.8,A,519965,A,275720,A
173,616,Poland,56,Maize (corn),1992,3669.9,A,205692,A,56048,A
132,462,Maldives,56,Maize (corn),1992,1000,E,4,X,4,E
117,410,Republic of Korea,56,Maize (corn),1992,4403.8,A,92203,A,20937,A
4,12,Algeria,56,Maize (corn),1993,1250,A,225,A,180,A
7,24,Angola,56,Maize (corn),1993,262.7,A,275000,A,1047000,A
8,28,Antigua and Barbuda,56,Maize (corn),1993,1690.1,E,50.22,I,30,I
16,50,Bangladesh,56,Maize (corn),1993,935.1,A,2725,A,2914,A
18,64,Bhutan,56,Maize (corn),1993,1111.1,E,50000,E,45000,E
40,152,Chile,56,Maize (corn),1993,8489,A,899496,A,105960,A
53,204,Benin,56,Maize (corn),1993,977.8,A,483400,A,494372,A
68,250,France,56,Maize (corn),1993,8047.9,A,14726034.7,A,1829800,A
74,266,Gabon,56,Maize (corn),1993,1583.5,E,26920,A,17000,E
84,300,Greece,56,Maize (corn),1993,9895.1,A,2097336.9,A,211956,A
106,380,Italy,56,Maize (corn),1993,8661.2,A,8028900,A,927000,A
110,392,Japan,56,Maize (corn),1993,2500,E,500,E,200,A
114,404,Kenya,56,Maize (corn),1993,1554.9,A,2089000,A,1343500,A
116,408,Democratic People's Republic of Korea,56,Maize (corn),1993,6269.1,A,3937000,A,628000,A
118,414,Kuwait,56,Maize (corn),1993,10818.2,A,357,A,33,A
124,434,Libya,56,Maize (corn),1993,1321.6,E,861.03,I,651,I
126,440,Lithuania,56,Maize (corn),1993,1204.3,E,8541.65,I,7093,I
131,458,Malaysia,56,Maize (corn),1993,,,,M,,M
153,540,New Caledonia,56,Maize (corn),1993,3946.7,E,296,A,75,E
154,807,North Macedonia,56,Maize (corn),1993,2261.3,A,101063,A,44693,A
169,600,Paraguay,56,Maize (corn),1993,1763,A,439129.8,A,249081,A
175,624,Guinea-Bissau,56,Maize (corn),1993,934,A,12516,A,13400,A
177,630,Puerto Rico,56,Maize (corn),1993,1732.8,A,428,A,247,A
179,634,Qatar,56,Maize (corn),1993,12666.7,A,190,A,15,A
184,646,Rwanda,56,Maize (corn),1993,1740,E,87000,A,50000,X
189,662,Saint Lucia,56,Maize (corn),1993,,,,M,,M
201,706,Somalia,56,Maize (corn),1993,987.5,E,79000,X,80000,E
207,740,Suriname,56,Maize (corn),1993,2065.1,A,349,A,169,A
216,764,Thailand,56,Maize (corn),1993,2733.3,A,3328228,A,1217680,A
225,784,United Arab Emirates,56,Maize (corn),1993,19857.7,E,3727.44,I,188,I
233,854,Burkina Faso,56,Maize (corn),1993,1372.2,A,270723,A,197298,A
235,860,Uzbekistan,56,Maize (corn),1993,3841,A,403300,A,105000,A
236,862,Venezuela (Bolivarian Republic of),56,Maize (corn),1993,2620.3,A,987784,A,376976,A
237,704,Viet Nam,56,Maize (corn),1993,1776.8,A,882200,A,496500,A
251,894,Zambia,56,Maize (corn),1993,2522.8,A,1597767,A,633326,A
1,51,Armenia,56,Maize (corn),1993,3226.1,A,3910,A,1212,A
57,112,Belarus,56,Maize (corn),1993,1200,A,6000,A,5000,A
35,132,Cabo Verde,56,Maize (corn),1993,359.1,A,11888,A,33105,A
33,124,Canada,56,Maize (corn),1993,6424.1,A,6501200,A,1012000,A
45,174,Comoros,56,Maize (corn),1993,2301.5,E,3610,A,1569,I
250,180,Democratic Republic of the Congo,56,Maize (corn),1993,825.7,A,1130190,A,1368790,A
72,262,Djibouti,56,Maize (corn),1993,1651.9,E,9.91,I,6,E
55,212,Dominica,56,Maize (corn),1993,1333.3,E,160,E,120,E
58,218,Ecuador,56,Maize (corn),1993,1144.2,A,581238,A,508000,A
75,270,Gambia,56,Maize (corn),1993,1626.4,A,23772,A,14616,A
86,308,Grenada,56,Maize (corn),1993,989.7,E,386,A,390,E
93,332,Haiti,56,Maize (corn),1993,807.7,E,210000,E,260000,E
102,364,Iran (Islamic Republic of),56,Maize (corn),1993,6877.5,A,696351,A,101251,A
103,368,Iraq,56,Maize (corn),1993,1931,E,280000,A,145000,E
121,422,Lebanon,56,Maize (corn),1993,1891.9,E,3500,E,1850,E
122,426,Lesotho,56,Maize (corn),1993,887.5,A,91805,A,103437,A
143,504,Morocco,56,Maize (corn),1993,206.5,A,92320,A,447100,A
144,508,Mozambique,56,Maize (corn),1993,633.2,A,533083,A,841947,A
147,516,Namibia,56,Maize (corn),1993,776.4,A,25500,A,32846,A
185,643,Russian Federation,56,Maize (corn),1993,3102.2,A,2441080,A,786880,A
202,710,South Africa,56,Maize (corn),1993,2284,A,9997000,A,4377000,A
234,858,Uruguay,56,Maize (corn),1993,1963.1,A,138400,A,70500,A
2,4,Afghanistan,56,Maize (corn),1993,1678.6,E,470000,A,280000,E
10,36,Australia,56,Maize (corn),1993,4426.1,A,198766,A,44908,A
52,31,Azerbaijan,56,Maize (corn),1993,1391.8,A,14135,A,10156,A
23,84,Belize,56,Maize (corn),1993,2085.6,A,27188,A,13036,A
48,188,Costa Rica,56,Maize (corn),1993,1878.9,A,36110,A,19219,A
54,208,Denmark,56,Maize (corn),1993,,,,M,,M
73,268,Georgia,56,Maize (corn),1993,2305.8,A,242800,A,105300,A
109,388,Jamaica,56,Maize (corn),1993,1511.5,A,3295,A,2180,A
112,400,Jordan,56,Maize (corn),1993,,,,E,,E
130,454,Malawi,56,Maize (corn),1993,1532.7,A,2033957,A,1327040,A
149,524,Nepal,56,Maize (corn),1993,1598.4,A,1210000,A,757000,A
150,528,Netherlands (Kingdom of the),56,Maize (corn),1993,9096.2,A,94600,A,10400,A
159,566,Nigeria,56,Maize (corn),1993,1184.8,A,6290000,A,5309000,A
173,616,Poland,56,Maize (corn),1993,5316,A,289832,A,54521,A
174,620,Portugal,56,Maize (corn),1993,3723.1,A,668472,A,179545,A
194,682,Saudi Arabia,56,Maize (corn),1993,2172.5,A,5529,A,2545,A
186,891,Serbia and Montenegro,56,Maize (corn),1993,2881.2,A,4002000,A,1389000,A
38,144,Sri Lanka,56,Maize (corn),1993,971.2,A,31660,A,32600,A
9,32,Argentina,56,Maize (corn),1993,4355.2,A,10901000,A,2503010,A
14,52,Barbados,56,Maize (corn),1993,2666.7,E,1600,E,600,E
20,72,Botswana,56,Maize (corn),1993,135.3,A,2976,A,22000,A
37,140,Central African Republic,56,Maize (corn),1993,903.8,A,58030,A,64209,A
49,192,Cuba,56,Maize (corn),1993,725.2,A,68000,A,93769,A
89,320,Guatemala,56,Maize (corn),1993,1850.6,A,1294780,A,699650,A
90,324,Guinea,56,Maize (corn),1993,1125.5,E,153950,E,136780,E
91,328,Guyana,56,Maize (corn),1993,1206.9,E,3500,A,2900,E
97,348,Hungary,56,Maize (corn),1993,3500,A,4044455,A,1155560,A
115,116,Cambodia,56,Maize (corn),1993,1058.3,A,45414,A,42913,A
136,478,Mauritania,56,Maize (corn),1993,1229.1,A,7463,A,6072,A
137,480,Mauritius,56,Maize (corn),1993,4243,A,1816,A,428,A
155,548,Vanuatu,56,Maize (corn),1993,475.1,E,670,E,1410,I
167,203,Czechia,56,Maize (corn),1993,4874.6,A,157045,A,32217,A
171,608,Philippines,56,Maize (corn),1993,1523.5,A,4797977,A,3149340,A
215,834,United Republic of Tanzania,56,Maize (corn),1993,1251.2,A,2282200,A,1824000,A
217,768,Togo,56,Maize (corn),1993,1159.9,A,393076,A,338900,A
221,512,Oman,56,Maize (corn),1993,7277.3,E,26383.59,I,3625,I
3,8,Albania,56,Maize (corn),1993,2418.5,A,175751,A,72669,A
32,120,Cameroon,56,Maize (corn),1993,1126.7,E,507000,A,450000,X
41,156,"China, mainland",56,Maize (corn),1993,4963,A,102704000,A,20694100,A
60,222,El Salvador,56,Maize (corn),1993,2048.2,A,630130,A,307650,A
66,242,Fiji,56,Maize (corn),1993,922.3,A,522,A,566,A
81,288,Ghana,56,Maize (corn),1993,1509.2,A,960900,A,636700,A
100,356,India,56,Maize (corn),1993,1586.6,A,9579500,A,6037800,A
113,417,Kyrgyzstan,56,Maize (corn),1993,4516,A,183800,A,40700,A
157,558,Nicaragua,56,Maize (corn),1993,1303.7,A,284364,A,218126,A
193,678,Sao Tome and Principe,56,Maize (corn),1993,2193.5,E,4000,A,1824,I
206,736,Sudan (former),56,Maize (corn),1993,493.8,E,40000,A,81000,E
231,840,United States of America,56,Maize (corn),1993,6321,A,160985760,A,25468360,A
15,58,Belgium-Luxembourg,56,Maize (corn),1993,8860,A,163910,A,18500,A
80,70,Bosnia and Herzegovina,56,Maize (corn),1993,4000,E,540000,E,135000,E
28,104,Myanmar,56,Maize (corn),1993,1508.1,A,201400,A,133546,A
39,148,Chad,56,Maize (corn),1993,838.3,A,61076,A,72853,A
44,170,Colombia,56,Maize (corn),1993,1546.5,A,1129752,A,730504,A
46,178,Congo,56,Maize (corn),1993,602.8,E,5124,A,8500,E
178,232,Eritrea,56,Maize (corn),1993,230.8,A,5540,A,24000,A
107,384,Côte d'Ivoire,56,Maize (corn),1993,1389.2,A,517000,A,372144,A
117,410,Republic of Korea,56,Maize (corn),1993,4184.4,A,82107,A,19622,A
120,418,Lao People's Democratic Republic,56,Maize (corn),1993,1753.6,A,47620,A,27155,A
165,586,Pakistan,56,Maize (corn),1993,1398.3,A,1213000,A,867500,A
166,591,Panama,56,Maize (corn),1993,1402.1,A,104623,A,74620,A
223,792,Türkiye,56,Maize (corn),1993,4545.5,A,2500000,A,549990,A
59,818,Egypt,56,Maize (corn),1993,6078,A,5039080,A,829065,A
11,40,Austria,56,Maize (corn),1993,8971,A,1524487,A,169935,A
12,44,Bahamas,56,Maize (corn),1993,1600,E,400,E,250,E
27,100,Bulgaria,56,Maize (corn),1993,1860.9,A,983281,A,528385,A
101,360,Indonesia,56,Maize (corn),1993,2197.5,A,6459737,A,2939534,A
146,498,Republic of Moldova,56,Maize (corn),1993,3866,A,1324480,A,342600,A
158,562,Niger,56,Maize (corn),1993,800,E,2000,A,2500,E
170,604,Peru,56,Maize (corn),1993,2163.4,A,772382,A,357028,A
181,716,Zimbabwe,56,Maize (corn),1993,1652.6,A,2063003,A,1248347,A
203,724,Spain,56,Maize (corn),1993,6173.6,A,1632929,A,264500,A
208,762,Tajikistan,56,Maize (corn),1993,3045.5,A,33500,A,11000,A
214,158,"China, Taiwan Province of",56,Maize (corn),1993,5284,A,405999,A,76836,A
29,108,Burundi,56,Maize (corn),1993,1434.2,E,172100,A,120000,X
133,466,Mali,56,Maize (corn),1993,1102.9,A,283373,A,256925,A
168,598,Papua New Guinea,56,Maize (corn),1993,3076.9,E,4000,E,1300,E
183,642,Romania,56,Maize (corn),1993,2605.4,A,7987450,A,3065682,A
182,638,Réunion,56,Maize (corn),1993,5978,A,14108,A,2360,A
197,694,Sierra Leone,56,Maize (corn),1993,826.8,A,9600,A,11611,A
199,703,Slovakia,56,Maize (corn),1993,4616,A,673714,A,145952,A
220,780,Trinidad and Tobago,56,Maize (corn),1993,3333.3,E,5000,E,1500,E
213,795,Turkmenistan,56,Maize (corn),1993,4280,A,214000,A,50000,A
230,804,Ukraine,56,Maize (corn),1993,2844.5,A,3786000,A,1331000,A
249,887,Yemen,56,Maize (corn),1993,1605.1,A,74687,A,46531,A
19,68,Bolivia (Plurinational State of),56,Maize (corn),1993,1865.8,A,537025,A,287830,A
98,191,Croatia,56,Maize (corn),1993,4482.2,A,1672593,A,373166,A
238,231,Ethiopia,56,Maize (corn),1993,1736.4,A,1455920,A,838450,A
79,276,Germany,56,Maize (corn),1993,8022.7,A,2656450,A,331115,A
138,484,Mexico,56,Maize (corn),1993,2440.1,A,18125264,A,7428220,A
156,554,New Zealand,56,Maize (corn),1993,8356,A,133069,A,15925,A
209,748,Eswatini,56,Maize (corn),1993,1378.5,A,83815,A,60801,A
212,760,Syrian Arab Republic,56,Maize (corn),1993,3615.7,A,200005,A,55316,A
191,670,Saint Vincent and the Grenadines,56,Maize (corn),1993,3465.7,E,1541.85,I,445,I
69,254,French Guiana,56,Maize (corn),1993,700,A,49,A,70,A
105,376,Israel,56,Maize (corn),1993,12763.5,E,70710,X,5540,A
145,583,Micronesia (Federated States of),56,Maize (corn),1993,1206.1,E,44.78,I,37,I
195,686,Senegal,56,Maize (corn),1993,1269.4,A,138318,A,108960,A
198,705,Slovenia,56,Maize (corn),1993,4021,A,238256,A,59253,A
226,800,Uganda,56,Maize (corn),1993,1598.4,A,804000,A,503000,A
21,76,Brazil,56,Maize (corn),1993,2532.1,A,30055633,A,11869663,A
56,214,Dominican Republic,56,Maize (corn),1993,1410.5,A,40608,A,28789,A
95,340,Honduras,56,Maize (corn),1993,1369.4,A,588998,A,430115,A
129,450,Madagascar,56,Maize (corn),1993,897.2,A,165000,A,183900,A
176,626,Timor-Leste,56,Maize (corn),1993,1800,A,104523,A,58068,A
108,398,Kazakhstan,56,Maize (corn),1993,3267.7,A,355200,A,108700,A
132,462,Maldives,56,Maize (corn),1993,1000,E,4,X,4,E
211,756,Switzerland,56,Maize (corn),1993,8905,A,186916,A,20990,A
4,12,Algeria,56,Maize (corn),1994,451.2,A,185,A,410,A
20,72,Botswana,56,Maize (corn),1994,169.8,A,10800,A,63600,A
29,108,Burundi,56,Maize (corn),1994,1227.6,X,122758,X,100000,X
33,124,Canada,56,Maize (corn),1994,7374.8,A,7042900,A,955000,A
39,148,Chad,56,Maize (corn),1994,1242.6,A,158896,A,127875,A
55,212,Dominica,56,Maize (corn),1994,1341.3,E,174.37,I,130,E
80,70,Bosnia and Herzegovina,56,Maize (corn),1994,4000,E,460000,E,115000,E
81,288,Ghana,56,Maize (corn),1994,1493.3,A,939908,A,629400,A
90,324,Guinea,56,Maize (corn),1994,1163.9,E,171590,E,147430,E
95,340,Honduras,56,Maize (corn),1994,1383.7,A,583329,A,421566,A
109,388,Jamaica,56,Maize (corn),1994,1359.4,A,3828,A,2816,A
130,454,Malawi,56,Maize (corn),1994,920.9,A,1040000,A,1129316,A
144,508,Mozambique,56,Maize (corn),1994,520.7,A,489486,A,940013,A
166,591,Panama,56,Maize (corn),1994,1438,A,105897,A,73640,A
179,634,Qatar,56,Maize (corn),1994,12407.4,A,335,A,27,A
202,710,South Africa,56,Maize (corn),1994,2848.1,A,13275000,A,4661000,A
206,736,Sudan (former),56,Maize (corn),1994,480,E,48000,E,100000,E
208,762,Tajikistan,56,Maize (corn),1994,1800,A,18000,A,10000,A
236,862,Venezuela (Bolivarian Republic of),56,Maize (corn),1994,2846.5,A,1094495,A,384510,A
249,887,Yemen,56,Maize (corn),1994,1585.5,A,69102,A,43583,A
3,8,Albania,56,Maize (corn),1994,2584.8,A,193261,A,74767,A
53,204,Benin,56,Maize (corn),1994,1022.8,A,491546,A,480586,A
21,76,Brazil,56,Maize (corn),1994,2362.9,A,32487625,A,13748813,A
45,174,Comoros,56,Maize (corn),1994,2283.4,E,3650,A,1599,I
116,408,Democratic People's Republic of Korea,56,Maize (corn),1994,5559.6,A,3547000,A,638000,A
60,222,El Salvador,56,Maize (corn),1994,1524.5,A,480654,A,315280,A
69,254,French Guiana,56,Maize (corn),1994,700,A,35,A,50,A
73,268,Georgia,56,Maize (corn),1994,2595,A,342800,A,132100,A
100,356,India,56,Maize (corn),1994,1471.6,A,8716100,A,5922800,A
105,376,Israel,56,Maize (corn),1994,10360.9,E,65792,X,6350,A
124,434,Libya,56,Maize (corn),1994,1281.7,E,904.92,I,706,I
132,462,Maldives,56,Maize (corn),1994,1000,E,4,E,4,E
145,583,Micronesia (Federated States of),56,Maize (corn),1994,1213.2,E,46.74,I,39,I
147,516,Namibia,56,Maize (corn),1994,1154.9,A,40834,A,35357,A
150,528,Netherlands (Kingdom of the),56,Maize (corn),1994,7486.5,A,83100,A,11100,A
158,562,Niger,56,Maize (corn),1994,830.9,A,2000,A,2407,A
168,598,Papua New Guinea,56,Maize (corn),1994,3390,E,4500,E,1327,I
173,616,Poland,56,Maize (corn),1994,3750.3,A,189024,A,50402,A
183,642,Romania,56,Maize (corn),1994,3131.7,A,9343224,A,2983392,A
185,643,Russian Federation,56,Maize (corn),1994,1701.9,A,891950,A,524100,A
199,703,Slovakia,56,Maize (corn),1994,4136.2,A,520856,A,125925,A
203,724,Spain,56,Maize (corn),1994,6856.6,A,2343600,A,341800,A
207,740,Suriname,56,Maize (corn),1994,1816.2,A,336,A,185,A
226,800,Uganda,56,Maize (corn),1994,1509.8,A,850000,A,563000,A
234,858,Uruguay,56,Maize (corn),1994,1627.9,A,89700,A,55100,A
2,4,Afghanistan,56,Maize (corn),1994,1666.7,E,500000,A,300000,E
12,44,Bahamas,56,Maize (corn),1994,1793.1,A,312,A,174,A
15,58,Belgium-Luxembourg,56,Maize (corn),1994,8000,A,58528,A,7316,A
23,84,Belize,56,Maize (corn),1994,1921.1,A,23263,A,12109,A
35,132,Cabo Verde,56,Maize (corn),1994,250.3,E,8163,E,32612,A
48,188,Costa Rica,56,Maize (corn),1994,1906,A,34516,A,18109,A
72,262,Djibouti,56,Maize (corn),1994,1657.5,E,9.94,I,6,E
68,250,France,56,Maize (corn),1994,7798.3,A,12816279.4,A,1643467,A
91,328,Guyana,56,Maize (corn),1994,1178.6,E,3300,A,2800,E
102,364,Iran (Islamic Republic of),56,Maize (corn),1994,6593.8,A,512101,A,77664,A
112,400,Jordan,56,Maize (corn),1994,,,,E,,E
113,417,Kyrgyzstan,56,Maize (corn),1994,3532.8,A,129300,A,36600,A
28,104,Myanmar,56,Maize (corn),1994,1682.8,A,279900,A,166326,A
149,524,Nepal,56,Maize (corn),1994,1650.2,A,1273000,A,771410,A
154,807,North Macedonia,56,Maize (corn),1994,3118.3,A,133211,A,42719,A
165,586,Pakistan,56,Maize (corn),1994,1500.4,A,1318100,A,878500,A
191,670,Saint Vincent and the Grenadines,56,Maize (corn),1994,3580.8,E,1429.92,I,399,I
194,682,Saudi Arabia,56,Maize (corn),1994,1952.3,A,5765,A,2953,A
186,891,Serbia and Montenegro,56,Maize (corn),1994,3404.7,A,4724000,A,1387500,A
212,760,Syrian Arab Republic,56,Maize (corn),1994,3673.4,A,203200,A,55316,A
220,780,Trinidad and Tobago,56,Maize (corn),1994,3138.5,E,4798.6,I,1529,I
223,792,Türkiye,56,Maize (corn),1994,3818.1,A,1850000,A,484540,A
10,36,Australia,56,Maize (corn),1994,4662,A,204095,A,43778,A
16,50,Bangladesh,56,Maize (corn),1994,904.2,A,2785,A,3080,A
32,120,Cameroon,56,Maize (corn),1994,1164.4,E,524000,A,450000,X
40,152,Chile,56,Maize (corn),1994,8938.1,A,937250,A,104860,A
44,170,Colombia,56,Maize (corn),1994,1567.1,A,1161090,A,740905,A
59,818,Egypt,56,Maize (corn),1994,5906.5,A,5112000,A,865482,A
74,266,Gabon,56,Maize (corn),1994,1650.3,E,29706,A,18000,E
84,300,Greece,56,Maize (corn),1994,9780,A,2070005.44,A,211657,A
110,392,Japan,56,Maize (corn),1994,2485.2,E,420,E,169,A
117,410,Republic of Korea,56,Maize (corn),1994,4088.2,A,88578,A,21667,A
122,426,Lesotho,56,Maize (corn),1994,862.9,A,149063,A,172743,A
133,466,Mali,56,Maize (corn),1994,1134.7,A,322493,A,284208,A
167,203,Czechia,56,Maize (corn),1994,3389.6,A,91396,A,26964,A
193,678,Sao Tome and Principe,56,Maize (corn),1994,2263.2,E,4300,A,1900,E
209,748,Eswatini,56,Maize (corn),1994,1273.3,A,83657,A,65699,A
211,756,Switzerland,56,Maize (corn),1994,8749,A,249434,A,28510,A
217,768,Togo,56,Maize (corn),1994,930.6,A,347645,A,373579,A
233,854,Burkina Faso,56,Maize (corn),1994,1604.2,A,350315,A,218367,A
9,32,Argentina,56,Maize (corn),1994,4237.1,A,10360000,A,2445040,A
41,156,"China, mainland",56,Maize (corn),1994,4693.5,A,99277000,A,21152100,A
89,320,Guatemala,56,Maize (corn),1994,1956.9,A,1187692,A,606925,A
97,348,Hungary,56,Maize (corn),1994,3850,A,4761201,A,1236670,A
98,191,Croatia,56,Maize (corn),1994,4552.9,A,1686922,A,370517,A
101,360,Indonesia,56,Maize (corn),1994,2209.1,A,6868880,A,3109400,A
108,398,Kazakhstan,56,Maize (corn),1994,2238.7,A,233500,A,104300,A
114,404,Kenya,56,Maize (corn),1994,2040,A,3060000,A,1500000,A
115,116,Cambodia,56,Maize (corn),1994,1216.2,A,45000,A,37000,A
120,418,Lao People's Democratic Republic,56,Maize (corn),1994,1988.2,A,55788,A,28060,A
121,422,Lebanon,56,Maize (corn),1994,2028.8,E,4086,E,2014,A
137,480,Mauritius,56,Maize (corn),1994,3728.8,A,880,A,236,A
153,540,New Caledonia,56,Maize (corn),1994,1942.9,E,136,A,70,E
155,548,Vanuatu,56,Maize (corn),1994,480.8,E,700,E,1456,I
201,706,Somalia,56,Maize (corn),1994,414.9,A,150360,A,362400,A
213,795,Turkmenistan,56,Maize (corn),1994,3409.1,A,150000,A,44000,A
214,158,"China, Taiwan Province of",56,Maize (corn),1994,5148.1,A,397118,A,77139,A
216,764,Thailand,56,Maize (corn),1994,2934.4,A,3965339,A,1351350,A
230,804,Ukraine,56,Maize (corn),1994,2361.4,A,1539400,A,651900,A
52,31,Azerbaijan,56,Maize (corn),1994,1461.9,A,14303,A,9784,A
11,40,Austria,56,Maize (corn),1994,7916,A,1420645,A,179465,A
19,68,Bolivia (Plurinational State of),56,Maize (corn),1994,1810.7,A,493533,A,272567,A
46,178,Congo,56,Maize (corn),1994,623.9,E,5303,A,8500,E
250,180,Democratic Republic of the Congo,56,Maize (corn),1994,826.6,A,1184430,A,1432900,A
54,208,Denmark,56,Maize (corn),1994,,,,M,,M
103,368,Iraq,56,Maize (corn),1994,2133.3,E,128000,A,60000,E
106,380,Italy,56,Maize (corn),1994,8223.5,A,7483400,A,910000,A
131,458,Malaysia,56,Maize (corn),1994,,,,M,,M
221,512,Oman,56,Maize (corn),1994,7307.7,E,25666.3,I,3512,I
159,566,Nigeria,56,Maize (corn),1994,1272,A,6902000,A,5426000,A
197,694,Sierra Leone,56,Maize (corn),1994,895.8,A,8600,A,9600,A
237,704,Viet Nam,56,Maize (corn),1994,2139.3,A,1143900,A,534700,A
1,51,Armenia,56,Maize (corn),1994,3266.7,A,4900,A,1500,A
7,24,Angola,56,Maize (corn),1994,246.3,A,201000,A,816000,A
14,52,Barbados,56,Maize (corn),1994,2600,E,1300,E,500,E
38,144,Sri Lanka,56,Maize (corn),1994,1003.2,A,31596,A,31495,A
66,242,Fiji,56,Maize (corn),1994,2414.8,A,1531,A,634,A
118,414,Kuwait,56,Maize (corn),1994,18769.2,A,976,A,52,A
143,504,Morocco,56,Maize (corn),1994,626.1,A,202610,A,323600,A
156,554,New Zealand,56,Maize (corn),1994,9736,A,142768,A,14664,A
169,600,Paraguay,56,Maize (corn),1994,2114,A,461665,A,218385,A
170,604,Peru,56,Maize (corn),1994,2089.1,A,725069,A,347070,A
175,624,Guinea-Bissau,56,Maize (corn),1994,932.8,A,13842,A,14839,A
181,716,Zimbabwe,56,Maize (corn),1994,1213.3,A,2109283,A,1738450,A
189,662,Saint Lucia,56,Maize (corn),1994,,,,M,,M
235,860,Uzbekistan,56,Maize (corn),1994,3397.8,A,275900,A,81200,A
238,231,Ethiopia,56,Maize (corn),1994,1123.5,A,1396230,A,1242740,A
57,112,Belarus,56,Maize (corn),1994,500,A,1000,A,2000,A
56,214,Dominican Republic,56,Maize (corn),1994,1026.8,A,28503.86,A,27761,A
58,218,Ecuador,56,Maize (corn),1994,1120.8,A,581401,A,518760,A
178,232,Eritrea,56,Maize (corn),1994,768.9,A,18530,A,24100,A
93,332,Haiti,56,Maize (corn),1994,801.4,E,230000,E,287000,E
174,620,Portugal,56,Maize (corn),1994,4093.9,A,711432,A,173778,A
146,498,Republic of Moldova,56,Maize (corn),1994,2220.5,A,629300,A,283400,A
251,894,Zambia,56,Maize (corn),1994,1502.5,A,1020749,A,679355,A
27,100,Bulgaria,56,Maize (corn),1994,2805.6,A,1383600,A,493163,A
49,192,Cuba,56,Maize (corn),1994,948.2,A,98500,A,103880,A
79,276,Germany,56,Maize (corn),1994,7080.8,A,2445993,A,345439,A
195,686,Senegal,56,Maize (corn),1994,1013.3,A,108233,A,106814,A
231,840,United States of America,56,Maize (corn),1994,8699.6,A,255294970,A,29345690,A
8,28,Antigua and Barbuda,56,Maize (corn),1994,1668.4,E,49.43,I,30,I
86,308,Grenada,56,Maize (corn),1994,991.4,E,347,A,350,E
138,484,Mexico,56,Maize (corn),1994,2225.5,A,18235826,A,8193968,A
157,558,Nicaragua,56,Maize (corn),1994,1236.7,A,241310,A,195132,A
177,630,Puerto Rico,56,Maize (corn),1994,1607,E,473.24,I,294,I
215,834,United Republic of Tanzania,56,Maize (corn),1994,1235.1,A,1485800,A,1203000,A
107,384,Côte d'Ivoire,56,Maize (corn),1994,1462.7,A,536000,A,366454,A
182,638,Réunion,56,Maize (corn),1994,6185.2,A,16700,A,2700,A
18,64,Bhutan,56,Maize (corn),1994,1277.2,E,60000,E,46976,I
37,140,Central African Republic,56,Maize (corn),1994,850,A,62672,A,73732,A
75,270,Gambia,56,Maize (corn),1994,1262.4,A,13315,A,10547,A
126,440,Lithuania,56,Maize (corn),1994,1219.3,E,8541.65,I,7005,I
129,450,Madagascar,56,Maize (corn),1994,945.1,A,155000,A,164000,A
136,478,Mauritania,56,Maize (corn),1994,498.7,A,6294,A,12621,A
184,646,Rwanda,56,Maize (corn),1994,1675,E,67000,A,40000,X
171,608,Philippines,56,Maize (corn),1994,1503.5,A,4519246,A,3005820,A
198,705,Slovenia,56,Maize (corn),1994,6320,A,311949,A,49359,A
176,626,Timor-Leste,56,Maize (corn),1994,1882.3,A,116739,A,62020,A
225,784,United Arab Emirates,56,Maize (corn),1994,19024.4,E,3900,E,205,E
2,4,Afghanistan,56,Maize (corn),1995,1656.3,E,530000,A,320000,E
4,12,Algeria,56,Maize (corn),1995,1611.5,A,419,A,260,A
12,44,Bahamas,56,Maize (corn),1995,1793.1,A,312,A,174,A
14,52,Barbados,56,Maize (corn),1995,2750,E,1100,E,400,E
15,58,Belgium-Luxembourg,56,Maize (corn),1995,7556.1,A,47112,A,6235,A
19,68,Bolivia (Plurinational State of),56,Maize (corn),1995,1852.6,A,515439,A,278228,A
27,100,Bulgaria,56,Maize (corn),1995,3823.7,A,1817220,A,475256,A
28,104,Myanmar,56,Maize (corn),1995,1674.6,A,270400,A,161470,A
32,120,Cameroon,56,Maize (corn),1995,1545,E,618000,A,400000,X
40,152,Chile,56,Maize (corn),1995,9100,A,942223,A,103541,A
52,31,Azerbaijan,56,Maize (corn),1995,1181,A,12400,A,10500,A
53,204,Benin,56,Maize (corn),1995,1173.7,A,576425,A,491098,A
58,218,Ecuador,56,Maize (corn),1995,1155.1,A,557388,A,482530,A
59,818,Egypt,56,Maize (corn),1995,6163,A,4535175,A,735874,A
79,276,Germany,56,Maize (corn),1995,7366.4,A,2394565,A,325065,A
91,328,Guyana,56,Maize (corn),1995,1333,E,3800,A,2851,I
103,368,Iraq,56,Maize (corn),1995,1428.6,X,90000,X,63000,X
108,398,Kazakhstan,56,Maize (corn),1995,1931.6,A,135600,A,70200,A
114,404,Kenya,56,Maize (corn),1995,1875.9,A,2698863,A,1438740,A
122,426,Lesotho,56,Maize (corn),1995,812.6,A,62531,A,76955,A
153,540,New Caledonia,56,Maize (corn),1995,4090,E,818,A,200,E
170,604,Peru,56,Maize (corn),1995,1959.3,A,715188,A,365019,A
179,634,Qatar,56,Maize (corn),1995,12580.6,A,390,A,31,A
186,891,Serbia and Montenegro,56,Maize (corn),1995,4247.8,A,5828000,A,1372000,A
201,706,Somalia,56,Maize (corn),1995,830.4,X,146000,X,175822,X
202,710,South Africa,56,Maize (corn),1995,1380,A,4866000,A,3526000,A
213,795,Turkmenistan,56,Maize (corn),1995,3470,A,121450,A,35000,A
225,784,United Arab Emirates,56,Maize (corn),1995,19047.6,E,4000,E,210,E
237,704,Viet Nam,56,Maize (corn),1995,2114.2,A,1177200,A,556800,A
250,180,Democratic Republic of the Congo,56,Maize (corn),1995,786.6,A,1007577,A,1280933,A
7,24,Angola,56,Maize (corn),1995,351.7,E,211000,X,600000,E
18,64,Bhutan,56,Maize (corn),1995,1402.8,E,70000,E,49898,I
214,158,"China, Taiwan Province of",56,Maize (corn),1995,5161.3,A,375571,A,72767,A
48,188,Costa Rica,56,Maize (corn),1995,1856.5,A,26810,A,14441,A
49,192,Cuba,56,Maize (corn),1995,1053.3,A,103800,A,98547,A
167,203,Czechia,56,Maize (corn),1995,4284,A,113274,A,26441,A
209,748,Eswatini,56,Maize (corn),1995,2206.5,A,149190,A,67614,A
74,266,Gabon,56,Maize (corn),1995,1547.1,E,28622,A,18500,E
110,392,Japan,56,Maize (corn),1995,2500,E,300,E,120,A
118,414,Kuwait,56,Maize (corn),1995,18602.9,A,1265,A,68,A
120,418,Lao People's Democratic Republic,56,Maize (corn),1995,1730.4,A,50375,A,29112,A
147,516,Namibia,56,Maize (corn),1995,876.8,A,18431,A,21021,A
154,807,North Macedonia,56,Maize (corn),1995,3901.9,A,165652,A,42454,A
166,591,Panama,56,Maize (corn),1995,1477,A,108016,A,73130,A
174,620,Portugal,56,Maize (corn),1995,4362.4,A,714627,A,163816,A
191,670,Saint Vincent and the Grenadines,56,Maize (corn),1995,3758.1,E,1318.27,I,351,I
193,678,Sao Tome and Principe,56,Maize (corn),1995,2222.2,E,4000,A,1800,E
199,703,Slovakia,56,Maize (corn),1995,4895.7,A,596609,A,121864,A
212,760,Syrian Arab Republic,56,Maize (corn),1995,3597.5,A,199000,A,55316,A
216,764,Thailand,56,Maize (corn),1995,3288.4,A,4154518,A,1263400,A
231,840,United States of America,56,Maize (corn),1995,7122.8,A,187969950,A,26389830,A
155,548,Vanuatu,56,Maize (corn),1995,486.4,E,690.79,I,1420,I
8,28,Antigua and Barbuda,56,Maize (corn),1995,1607.1,E,45,E,28,E
23,84,Belize,56,Maize (corn),1995,1789.2,A,28205,A,15764,A
20,72,Botswana,56,Maize (corn),1995,947.6,A,18953,A,20000,A
21,76,Brazil,56,Maize (corn),1995,2600.5,A,36266951,A,13946320,A
35,132,Cabo Verde,56,Maize (corn),1995,262.9,A,8166,A,31066,A
107,384,Côte d'Ivoire,56,Maize (corn),1995,1540,A,552000,A,358449,A
60,222,El Salvador,56,Maize (corn),1995,2197.2,A,647280,A,294595,A
133,466,Mali,56,Maize (corn),1995,1284.3,A,266136,A,207230,A
221,512,Oman,56,Maize (corn),1995,7338.1,E,24949.02,I,3400,I
184,646,Rwanda,56,Maize (corn),1995,1120,E,56000,A,50000,X
189,662,Saint Lucia,56,Maize (corn),1995,,,,M,,M
206,736,Sudan (former),56,Maize (corn),1995,574.7,X,21000,X,36540,X
208,762,Tajikistan,56,Maize (corn),1995,1937.2,A,19372,A,10000,A
176,626,Timor-Leste,56,Maize (corn),1995,1835.5,A,103039,A,56138,A
223,792,Türkiye,56,Maize (corn),1995,3732.2,A,1900000,A,509083,A
215,834,United Republic of Tanzania,56,Maize (corn),1995,2101.2,A,2874400,A,1368000,A
3,8,Albania,56,Maize (corn),1995,3130,A,215566,A,68870,A
54,208,Denmark,56,Maize (corn),1995,,,,M,,M
55,212,Dominica,56,Maize (corn),1995,1344.2,E,170,E,126,I
56,214,Dominican Republic,56,Maize (corn),1995,1403.4,A,46947.7,A,33454,A
66,242,Fiji,56,Maize (corn),1995,2572.3,A,1245,A,484,A
73,268,Georgia,56,Maize (corn),1995,2846.1,A,386500,A,135800,A
81,288,Ghana,56,Maize (corn),1995,1502,A,1034300,A,688600,A
95,340,Honduras,56,Maize (corn),1995,1639.6,A,672061,A,409888,A
100,356,India,56,Maize (corn),1995,1550.3,A,9521100,A,6141300,A
105,376,Israel,56,Maize (corn),1995,9169.8,E,63730,X,6950,A
130,454,Malawi,56,Maize (corn),1995,1351.7,A,1661457,A,1229187,A
157,558,Nicaragua,56,Maize (corn),1995,1186.8,A,330845,A,278762,A
165,586,Pakistan,56,Maize (corn),1995,1690.8,A,1504000,A,889500,A
194,682,Saudi Arabia,56,Maize (corn),1995,1952.2,A,6450,A,3304,A
195,686,Senegal,56,Maize (corn),1995,1088.1,A,106509,A,97889,A
198,705,Slovenia,56,Maize (corn),1995,6338,A,296302,A,46750,A
230,804,Ukraine,56,Maize (corn),1995,2920.7,A,3391800,A,1161300,A
234,858,Uruguay,56,Maize (corn),1995,2452.8,A,117000,A,47700,A
44,170,Colombia,56,Maize (corn),1995,1553.7,A,1019716,A,656313,A
45,174,Comoros,56,Maize (corn),1995,2265.2,E,3709,A,1637,I
46,178,Congo,56,Maize (corn),1995,763.1,E,8013,A,10500,E
89,320,Guatemala,56,Maize (corn),1995,1943.6,A,1061583,A,546204,A
102,364,Iran (Islamic Republic of),56,Maize (corn),1995,6103.8,A,697245.5,A,114232,A
106,380,Italy,56,Maize (corn),1995,8969.5,A,8440300,A,941000,A
116,408,Democratic People's Republic of Korea,56,Maize (corn),1995,2038.8,A,1366000,A,670000,A
117,410,Republic of Korea,56,Maize (corn),1995,4245.2,A,74465,A,17541,A
146,498,Republic of Moldova,56,Maize (corn),1995,2975.7,A,978889,A,328965,A
150,528,Netherlands (Kingdom of the),56,Maize (corn),1995,7044.4,A,63400,A,9000,A
178,232,Eritrea,56,Maize (corn),1995,336.6,A,5350,A,15893,A
183,642,Romania,56,Maize (corn),1995,3191.5,A,9923132,A,3109236,A
203,724,Spain,56,Maize (corn),1995,7245.9,A,2590400,A,357500,A
11,40,Austria,56,Maize (corn),1995,8500,A,1473492,A,173352,A
238,231,Ethiopia,56,Maize (corn),1995,1359,A,1989700,A,1464080,A
113,417,Kyrgyzstan,56,Maize (corn),1995,3207.2,A,116100,A,36200,A
124,434,Libya,56,Maize (corn),1995,1369.6,E,1010.94,I,738,I
143,504,Morocco,56,Maize (corn),1995,130.3,A,50490,A,387400,A
144,508,Mozambique,56,Maize (corn),1995,679.4,A,734000,A,1080437,A
149,524,Nepal,56,Maize (corn),1995,1644.7,A,1302120,A,791700,A
156,554,New Zealand,56,Maize (corn),1995,9742.3,A,160797,A,16505,A
207,740,Suriname,56,Maize (corn),1995,2255.3,A,318,A,141,A
1,51,Armenia,56,Maize (corn),1995,1826.1,A,4200,A,2300,A
29,108,Burundi,56,Maize (corn),1995,1275.2,X,153021,X,120000,X
57,112,Belarus,56,Maize (corn),1995,2454.5,A,2700,A,1100,A
75,270,Gambia,56,Maize (corn),1995,1292.1,A,13633,A,10551,A
98,191,Croatia,56,Maize (corn),1995,4902.7,A,1735854,A,354059,A
109,388,Jamaica,56,Maize (corn),1995,1337.5,A,3741,A,2797,A
132,462,Maldives,56,Maize (corn),1995,1000,E,2,E,2,E
145,583,Micronesia (Federated States of),56,Maize (corn),1995,1200,E,48,E,40,E
171,608,Philippines,56,Maize (corn),1995,1533.4,A,4128510,A,2692332,A
181,716,Zimbabwe,56,Maize (corn),1995,594.9,A,884962,A,1487606,A
197,694,Sierra Leone,56,Maize (corn),1995,1012.2,A,8300,A,8200,A
211,756,Switzerland,56,Maize (corn),1995,8361.4,A,218132,A,26088,A
217,768,Togo,56,Maize (corn),1995,855.3,A,290432,A,339565,A
235,860,Uzbekistan,56,Maize (corn),1995,3506.6,A,185500,A,52900,A
249,887,Yemen,56,Maize (corn),1995,1362.7,A,57925,A,42508,A
10,36,Australia,56,Maize (corn),1995,4826.3,A,242370,A,50219,A
233,854,Burkina Faso,56,Maize (corn),1995,1144.1,A,212493,A,185731,A
115,116,Cambodia,56,Maize (corn),1995,1219.1,A,54900,A,45035,A
39,148,Chad,56,Maize (corn),1995,883.1,A,62537,A,70813,A
72,262,Djibouti,56,Maize (corn),1995,1666.7,E,10,A,6,E
93,332,Haiti,56,Maize (corn),1995,800,E,220000,E,275000,E
101,360,Indonesia,56,Maize (corn),1995,2258,A,8245902,A,3651838,A
121,422,Lebanon,56,Maize (corn),1995,2326.9,X,4670,X,2007,X
129,450,Madagascar,56,Maize (corn),1995,962.8,A,177000,A,183840,A
136,478,Mauritania,56,Maize (corn),1995,799.6,E,3598,A,4500,E
159,566,Nigeria,56,Maize (corn),1995,1266.6,A,6931000,A,5472000,A
38,144,Sri Lanka,56,Maize (corn),1995,969.5,A,34842,A,35938,A
236,862,Venezuela (Bolivarian Republic of),56,Maize (corn),1995,2810,A,1166732,A,415207,A
9,32,Argentina,56,Maize (corn),1995,4522.3,A,11404041,A,2521750,A
37,140,Central African Republic,56,Maize (corn),1995,850,A,70818,A,83315,A
41,156,"China, mainland",56,Maize (corn),1995,4916.9,A,111986000,A,22775700,A
84,300,Greece,56,Maize (corn),1995,10056.3,A,1838772.85,A,182848,A
86,308,Grenada,56,Maize (corn),1995,983.3,E,354,A,360,E
168,598,Papua New Guinea,56,Maize (corn),1995,3571.4,E,5000,E,1400,E
175,624,Guinea-Bissau,56,Maize (corn),1995,1002.7,A,15336,A,15294,A
177,630,Puerto Rico,56,Maize (corn),1995,1661.3,E,528.66,I,318,I
182,638,Réunion,56,Maize (corn),1995,7695.9,A,16700,A,2170,A
16,50,Bangladesh,56,Maize (corn),1995,1070,A,2675,A,2500,A
90,324,Guinea,56,Maize (corn),1995,1203.6,E,191260,E,158910,E
112,400,Jordan,56,Maize (corn),1995,,,,E,,E
126,440,Lithuania,56,Maize (corn),1995,1234.3,E,8541.65,I,6920,I
68,250,France,56,Maize (corn),1995,7718.2,A,12583865.9,A,1630416,A
97,348,Hungary,56,Maize (corn),1995,4529.5,A,4679850,A,1033200,A
138,484,Mexico,56,Maize (corn),1995,2288.3,A,18352856,A,8020392,A
158,562,Niger,56,Maize (corn),1995,1264.2,A,2000,A,1582,A
185,643,Russian Federation,56,Maize (corn),1995,2761.2,A,1738440,A,629600,A
33,124,Canada,56,Maize (corn),1995,7252.8,A,7270900,A,1002500,A
80,70,Bosnia and Herzegovina,56,Maize (corn),1995,4000,E,372000,X,93000,E
137,480,Mauritius,56,Maize (corn),1995,3853.3,A,289,A,75,A
169,600,Paraguay,56,Maize (corn),1995,2466,A,816018.04,A,330901,A
226,800,Uganda,56,Maize (corn),1995,1598.9,A,913000,A,571000,A
251,894,Zambia,56,Maize (corn),1995,1418.5,A,737835,A,520165,A
173,616,Poland,56,Maize (corn),1995,4958.6,A,238831,A,48165,A
220,780,Trinidad and Tobago,56,Maize (corn),1995,3037.7,E,4411.47,I,1452,I
69,254,French Guiana,56,Maize (corn),1995,707.3,A,29,A,41,A
131,458,Malaysia,56,Maize (corn),1995,,,,M,,M
8,28,Antigua and Barbuda,56,Maize (corn),1996,1639,E,48.63,I,30,I
9,32,Argentina,56,Maize (corn),1996,4039.7,A,10518290,A,2603720,A
40,152,Chile,56,Maize (corn),1996,9445.3,A,931572,A,98628,A
41,156,"China, mainland",56,Maize (corn),1996,5203.3,A,127470000,A,24498150,A
69,254,French Guiana,56,Maize (corn),1996,707.3,A,29,A,41,A
72,262,Djibouti,56,Maize (corn),1996,1683.3,E,10.1,I,6,E
81,288,Ghana,56,Maize (corn),1996,1515.3,A,1007610,A,664950,A
86,308,Grenada,56,Maize (corn),1996,1000,E,330,E,330,E
110,392,Japan,56,Maize (corn),1996,2451,E,250,E,102,A
130,454,Malawi,56,Maize (corn),1996,1443.3,A,1793461,A,1242588,A
156,554,New Zealand,56,Maize (corn),1996,11299.6,A,209710,A,18559,A
169,600,Paraguay,56,Maize (corn),1996,2015,A,653731.45,A,324431,A
199,703,Slovakia,56,Maize (corn),1996,5752.7,A,749978,A,130369,A
203,724,Spain,56,Maize (corn),1996,8530.8,A,3751000,A,439700,A
208,762,Tajikistan,56,Maize (corn),1996,3752,A,90047,A,24000,A
211,756,Switzerland,56,Maize (corn),1996,8574.8,A,196500,A,22916,A
230,804,Ukraine,56,Maize (corn),1996,2736.5,A,1837000,A,671300,A
231,840,United States of America,56,Maize (corn),1996,7977.3,A,234517750,A,29398300,A
236,862,Venezuela (Bolivarian Republic of),56,Maize (corn),1996,2823.3,A,1033292,A,365990,A
7,24,Angola,56,Maize (corn),1996,699.3,X,398158,X,569338,X
11,40,Austria,56,Maize (corn),1996,8620,A,1735568,A,201342,A
20,72,Botswana,56,Maize (corn),1996,246.3,A,24629,A,100000,A
21,76,Brazil,56,Maize (corn),1996,2476.1,A,29652791,A,11975811,A
29,108,Burundi,56,Maize (corn),1996,1313.3,X,144462,X,110000,X
32,120,Cameroon,56,Maize (corn),1996,1875,E,750000,A,400000,X
45,174,Comoros,56,Maize (corn),1996,2245.2,E,3700,A,1648,I
58,218,Ecuador,56,Maize (corn),1996,1142.5,A,603410,A,528160,A
209,748,Eswatini,56,Maize (corn),1996,1776.6,A,119028,A,66996,A
93,332,Haiti,56,Maize (corn),1996,794,A,204058,A,257000,A
114,404,Kenya,56,Maize (corn),1996,1450.6,A,2160000,A,1489000,A
122,426,Lesotho,56,Maize (corn),1996,1249,A,188489,A,150908,A
133,466,Mali,56,Maize (corn),1996,1584.5,A,294183,A,185664,A
149,524,Nepal,56,Maize (corn),1996,1677,A,1331060,A,793720,A
150,528,Netherlands (Kingdom of the),56,Maize (corn),1996,8000,A,87200,A,10900,A
157,558,Nicaragua,56,Maize (corn),1996,1162,A,322877,A,277855,A
184,646,Rwanda,56,Maize (corn),1996,1109.9,E,66595,A,60000,X
191,670,Saint Vincent and the Grenadines,56,Maize (corn),1996,3333.3,E,1000,E,300,E
198,705,Slovenia,56,Maize (corn),1996,6300,A,296875,A,47123,A
213,795,Turkmenistan,56,Maize (corn),1996,740,A,14800,A,20000,A
225,784,United Arab Emirates,56,Maize (corn),1996,18636.4,E,4100,E,220,E
235,860,Uzbekistan,56,Maize (corn),1996,3438.6,A,137200,A,39900,A
3,8,Albania,56,Maize (corn),1996,3260.4,A,214059,A,65654,A
52,31,Azerbaijan,56,Maize (corn),1996,1736.9,A,13956,A,8035,A
16,50,Bangladesh,56,Maize (corn),1996,1016.6,A,2695,A,2651,A
57,112,Belarus,56,Maize (corn),1996,2300,A,4600,A,2000,A
18,64,Bhutan,56,Maize (corn),1996,1600,E,80000,E,50000,E
214,158,"China, Taiwan Province of",56,Maize (corn),1996,5410.9,A,395412,A,73077,A
44,170,Colombia,56,Maize (corn),1996,1629.3,A,966922,A,593448,A
238,231,Ethiopia,56,Maize (corn),1996,1682.6,A,3164180,A,1880580,A
73,268,Georgia,56,Maize (corn),1996,3484,A,490900,A,140900,A
90,324,Guinea,56,Maize (corn),1996,1244.6,E,213180,E,171290,E
97,348,Hungary,56,Maize (corn),1996,5686.7,A,5989220,A,1053198,A
101,360,Indonesia,56,Maize (corn),1996,2486.2,A,9307423,A,3743570,A
113,417,Kyrgyzstan,56,Maize (corn),1996,3917.6,A,182167,A,46500,A
120,418,Lao People's Democratic Republic,56,Maize (corn),1996,2089.2,A,78095,A,37380,A
28,104,Myanmar,56,Maize (corn),1996,1704.3,A,281400,A,165112,A
158,562,Niger,56,Maize (corn),1996,725,E,3625,A,5000,E
159,566,Nigeria,56,Maize (corn),1996,1326.1,A,5667000,A,4273400,A
173,616,Poland,56,Maize (corn),1996,5051.4,A,350041,A,69296,A
146,498,Republic of Moldova,56,Maize (corn),1996,2898.7,A,1036713,A,357645,A
183,642,Romania,56,Maize (corn),1996,2931.9,A,9607944,A,3277041,A
197,694,Sierra Leone,56,Maize (corn),1996,988.9,E,8900,A,9000,E
15,58,Belgium-Luxembourg,56,Maize (corn),1996,7790,A,47589,A,6109,A
33,124,Canada,56,Maize (corn),1996,6914.1,A,7536400,A,1090000,A
39,148,Chad,56,Maize (corn),1996,891.1,A,74631,A,83756,A
49,192,Cuba,56,Maize (corn),1996,1169.2,A,143900,A,123075,A
59,818,Egypt,56,Maize (corn),1996,6952.3,A,5165338,A,742966,A
79,276,Germany,56,Maize (corn),1996,7827.2,A,2912620,A,372116,A
80,70,Bosnia and Herzegovina,56,Maize (corn),1996,4000,E,588000,X,147000,E
84,300,Greece,56,Maize (corn),1996,9931.4,A,2108682.73,A,212325,A
89,320,Guatemala,56,Maize (corn),1996,1820.1,A,1046795,A,575132,A
98,191,Croatia,56,Maize (corn),1996,5219.2,A,1885515,A,361268,A
115,116,Cambodia,56,Maize (corn),1996,1374,A,64563,A,46988,A
118,414,Kuwait,56,Maize (corn),1996,18710.5,A,2133,A,114,A
131,458,Malaysia,56,Maize (corn),1996,,,,M,,M
154,807,North Macedonia,56,Maize (corn),1996,3388.5,A,142421,A,42031,A
155,548,Vanuatu,56,Maize (corn),1996,492.1,E,695.99,I,1414,I
177,630,Puerto Rico,56,Maize (corn),1996,1720.5,E,572.02,I,332,I
185,643,Russian Federation,56,Maize (corn),1996,2334.9,A,1081038,A,463000,A
193,678,Sao Tome and Principe,56,Maize (corn),1996,2250,E,4500,A,2000,E
202,710,South Africa,56,Maize (corn),1996,2704.3,A,10171000,A,3761000,A
206,736,Sudan (former),56,Maize (corn),1996,649.4,A,54000,A,83160,A
216,764,Thailand,56,Maize (corn),1996,3447.8,A,4532610,A,1314656,A
217,768,Togo,56,Maize (corn),1996,940.4,A,387562,A,412118,A
233,854,Burkina Faso,56,Maize (corn),1996,1552.1,A,293707,A,189235,A
1,51,Armenia,56,Maize (corn),1996,2223.9,A,4381,A,1970,A
2,4,Afghanistan,56,Maize (corn),1996,1636.4,E,360000,A,220000,E
37,140,Central African Republic,56,Maize (corn),1996,850,A,75800,A,89176,A
55,212,Dominica,56,Maize (corn),1996,1347.3,E,172.59,I,128,I
75,270,Gambia,56,Maize (corn),1996,1219.5,A,10021,A,8217,A
106,380,Italy,56,Maize (corn),1996,9332.8,A,9547500,A,1023000,A
121,422,Lebanon,56,Maize (corn),1996,2346.1,A,4772,A,2034,A
126,440,Lithuania,56,Maize (corn),1996,1309.5,E,8541.65,I,6523,I
144,508,Mozambique,56,Maize (corn),1996,939.5,E,947000,A,1008000,X
165,586,Pakistan,56,Maize (corn),1996,1588.4,A,1491000,A,938700,A
170,604,Peru,56,Maize (corn),1996,2526.7,A,1013192,A,400995,A
186,891,Serbia and Montenegro,56,Maize (corn),1996,3729.7,A,5367000,A,1439000,A
226,800,Uganda,56,Maize (corn),1996,1299.7,A,759000,A,584000,A
234,858,Uruguay,56,Maize (corn),1996,2171.2,A,128100,A,59000,A
250,180,Democratic Republic of the Congo,56,Maize (corn),1996,799.4,A,1101130,A,1377373,A
10,36,Australia,56,Maize (corn),1996,5768.9,A,325000,A,56337,A
38,144,Sri Lanka,56,Maize (corn),1996,1066.9,A,32963,A,30895,A
66,242,Fiji,56,Maize (corn),1996,2501.2,A,2061,A,824,A
74,266,Gabon,56,Maize (corn),1996,1580.2,E,28444,A,18000,E
91,328,Guyana,56,Maize (corn),1996,1148.1,E,3100,A,2700,E
102,364,Iran (Islamic Republic of),56,Maize (corn),1996,6690.4,A,654099.1,A,97767,A
129,450,Madagascar,56,Maize (corn),1996,929.9,A,180000,A,193575,A
136,478,Mauritania,56,Maize (corn),1996,587.1,A,14415,A,24554,A
138,484,Mexico,56,Maize (corn),1996,2238.7,A,18023626,A,8050931,A
143,504,Morocco,56,Maize (corn),1996,927.4,A,235090,A,253500,A
147,516,Namibia,56,Maize (corn),1996,683.5,A,19020,A,27827,A
153,540,New Caledonia,56,Maize (corn),1996,3982.2,E,1792,A,450,E
145,583,Micronesia (Federated States of),56,Maize (corn),1996,1210.5,E,48.72,I,40,I
171,608,Philippines,56,Maize (corn),1996,1517.5,A,4151332,A,2735723,A
195,686,Senegal,56,Maize (corn),1996,1043.8,A,88634,A,84913,A
181,716,Zimbabwe,56,Maize (corn),1996,1415,A,2065347,A,1459611,A
249,887,Yemen,56,Maize (corn),1996,1243.4,A,50384,A,40521,A
251,894,Zambia,56,Maize (corn),1996,2086.4,A,1409485,A,675565,A
27,100,Bulgaria,56,Maize (corn),1996,2181,A,1041950,A,477750,A
48,188,Costa Rica,56,Maize (corn),1996,1575.7,A,29794,A,18909,A
53,204,Benin,56,Maize (corn),1996,1081.8,A,555755,A,513753,A
68,250,France,56,Maize (corn),1996,8385.6,A,14318927.9,A,1707552,A
168,598,Papua New Guinea,56,Maize (corn),1996,4367.1,E,5500,E,1259,I
182,638,Réunion,56,Maize (corn),1996,7700.1,A,16255,A,2111,A
194,682,Saudi Arabia,56,Maize (corn),1996,1958.3,A,6576,A,3358,A
212,760,Syrian Arab Republic,56,Maize (corn),1996,4519.5,A,250000,A,55316,A
23,84,Belize,56,Maize (corn),1996,2502.2,A,36877,A,14738,A
107,384,Côte d'Ivoire,56,Maize (corn),1996,1621.4,A,569000,A,350942,A
54,208,Denmark,56,Maize (corn),1996,,,,M,,M
108,398,Kazakhstan,56,Maize (corn),1996,1679.5,A,122100,A,72700,A
166,591,Panama,56,Maize (corn),1996,1462.7,A,105181,A,71910,A
189,662,Saint Lucia,56,Maize (corn),1996,,,,M,,M
201,706,Somalia,56,Maize (corn),1996,620.2,X,142000,X,228966,X
176,626,Timor-Leste,56,Maize (corn),1996,1834.6,A,106616,A,58114,A
237,704,Viet Nam,56,Maize (corn),1996,2497.9,A,1536700,A,615200,A
12,44,Bahamas,56,Maize (corn),1996,1793.1,A,312,A,174,A
46,178,Congo,56,Maize (corn),1996,772.5,E,8497,X,11000,E
167,203,Czechia,56,Maize (corn),1996,5092.7,A,168684,A,33123,A
56,214,Dominican Republic,56,Maize (corn),1996,1358.4,A,40307.86,A,29673,A
100,356,India,56,Maize (corn),1996,1678,A,10358020,A,6172700,A
103,368,Iraq,56,Maize (corn),1996,2083.3,X,125000,X,60000,X
112,400,Jordan,56,Maize (corn),1996,,,,E,,E
116,408,Democratic People's Republic of Korea,56,Maize (corn),1996,1400.7,A,825000,A,589000,A
124,434,Libya,56,Maize (corn),1996,1052.6,X,400,X,380,X
215,834,United Republic of Tanzania,56,Maize (corn),1996,1786.1,A,2822000,A,1580000,A
19,68,Bolivia (Plurinational State of),56,Maize (corn),1996,1801.1,A,498414,A,276721,A
35,132,Cabo Verde,56,Maize (corn),1996,317.2,A,10190,A,32127,A
105,376,Israel,56,Maize (corn),1996,11614,E,74910,X,6450,A
137,480,Mauritius,56,Maize (corn),1996,4866.7,A,438,A,90,A
207,740,Suriname,56,Maize (corn),1996,2226.7,A,167,A,75,A
14,52,Barbados,56,Maize (corn),1996,2666.7,E,800,E,300,E
175,624,Guinea-Bissau,56,Maize (corn),1996,935.3,A,8885,A,9500,A
95,340,Honduras,56,Maize (corn),1996,1618,A,657768,A,406524,A
221,512,Oman,56,Maize (corn),1996,7368.5,E,24231.73,I,3289,I
117,410,Republic of Korea,56,Maize (corn),1996,4029.9,A,72168,A,17908,A
4,12,Algeria,56,Maize (corn),1996,1715.4,A,446,A,260,A
60,222,El Salvador,56,Maize (corn),1996,2257.2,A,629961,A,279090,A
179,634,Qatar,56,Maize (corn),1996,12569.2,A,817,A,65,A
109,388,Jamaica,56,Maize (corn),1996,1374.1,A,4037,A,2938,A
132,462,Maldives,56,Maize (corn),1996,,,,A,,A
174,620,Portugal,56,Maize (corn),1996,4676.6,A,789290,A,168774,A
220,780,Trinidad and Tobago,56,Maize (corn),1996,2932.4,E,4387.21,I,1496,I
178,232,Eritrea,56,Maize (corn),1996,397.4,A,6759,A,17010,A
223,792,Türkiye,56,Maize (corn),1996,3639.6,A,2000000,A,549513,A
1,51,Armenia,56,Maize (corn),1997,4554.8,A,9565,A,2100,A
4,12,Algeria,56,Maize (corn),1997,2141.7,A,257,A,120,A
8,28,Antigua and Barbuda,56,Maize (corn),1997,1634.2,E,48.94,I,30,I
14,52,Barbados,56,Maize (corn),1997,2600,E,650,E,250,E
48,188,Costa Rica,56,Maize (corn),1997,1913.3,A,33329,A,17420,A
49,192,Cuba,56,Maize (corn),1997,1273.5,A,202500,A,159016,A
58,218,Ecuador,56,Maize (corn),1997,1148.2,A,623481,A,543000,A
79,276,Germany,56,Maize (corn),1997,8657.7,A,3188356,A,368267,A
84,300,Greece,56,Maize (corn),1997,10403,A,2205849.94,A,212040,A
91,328,Guyana,56,Maize (corn),1997,3038.5,E,7900,A,2600,E
98,191,Croatia,56,Maize (corn),1997,5880.2,A,2183144,A,371273,A
100,356,India,56,Maize (corn),1997,1747.7,A,11025180,A,6308500,A
101,360,Indonesia,56,Maize (corn),1997,2614.1,A,8770851,A,3355224,A
102,364,Iran (Islamic Republic of),56,Maize (corn),1997,6715.8,A,889290.3,A,132417,A
108,398,Kazakhstan,56,Maize (corn),1997,1813.6,A,111210,A,61320,A
112,400,Jordan,56,Maize (corn),1997,,,,E,,E
131,458,Malaysia,56,Maize (corn),1997,,,,M,,M
136,478,Mauritania,56,Maize (corn),1997,862.7,A,11616,A,13465,A
143,504,Morocco,56,Maize (corn),1997,1098.4,A,374460,A,340900,A
146,498,Republic of Moldova,56,Maize (corn),1997,3999.8,A,1830962,A,457768,A
154,807,North Macedonia,56,Maize (corn),1997,3915.4,A,157234,A,40158,A
174,620,Portugal,56,Maize (corn),1997,4959.2,A,863410,A,174101,A
186,891,Serbia and Montenegro,56,Maize (corn),1997,5079.8,A,6939000,A,1366000,A
220,780,Trinidad and Tobago,56,Maize (corn),1997,2823.4,E,4830.9,I,1711,A
223,792,Türkiye,56,Maize (corn),1997,3824.7,A,2080000,A,543833,A
230,804,Ukraine,56,Maize (corn),1997,3262.8,A,5339500,A,1636500,A
234,858,Uruguay,56,Maize (corn),1997,2644.4,A,162100,A,61300,A
57,112,Belarus,56,Maize (corn),1997,2033.3,A,6100,A,3000,A
21,76,Brazil,56,Maize (corn),1997,2622.8,A,32948044,A,12562130,A
29,108,Burundi,56,Maize (corn),1997,1260.8,X,144991,X,115000,X
45,174,Comoros,56,Maize (corn),1997,2176.5,E,3700,A,1700,E
250,180,Democratic Republic of the Congo,56,Maize (corn),1997,817.8,A,1167307,A,1427425,A
60,222,El Salvador,56,Maize (corn),1997,1658.2,A,507650,A,306145,A
209,748,Eswatini,56,Maize (corn),1997,1921.8,A,137726,A,71664,A
95,340,Honduras,56,Maize (corn),1997,1559.1,E,609627,A,391000,X
103,368,Iraq,56,Maize (corn),1997,1983.6,X,121000,X,61000,X
113,417,Kyrgyzstan,56,Maize (corn),1997,4453.4,A,170565,A,38300,A
122,426,Lesotho,56,Maize (corn),1997,985.7,A,142050,A,144116,A
129,450,Madagascar,56,Maize (corn),1997,936.8,A,178000,A,190000,A
133,466,Mali,56,Maize (corn),1997,1693,A,343357,A,202814,A
150,528,Netherlands (Kingdom of the),56,Maize (corn),1997,5039.4,A,64000,A,12700,A
157,558,Nicaragua,56,Maize (corn),1997,1137.4,A,264068,A,232171,A
189,662,Saint Lucia,56,Maize (corn),1997,,,,M,,M
193,678,Sao Tome and Principe,56,Maize (corn),1997,2222.2,A,4000,A,1800,A
194,682,Saudi Arabia,56,Maize (corn),1997,1753.1,A,5843,A,3333,A
199,703,Slovakia,56,Maize (corn),1997,5947.9,A,818728,A,137650,A
202,710,South Africa,56,Maize (corn),1997,2519.5,A,10136000,A,4023060,A
38,144,Sri Lanka,56,Maize (corn),1997,995.9,A,25689,A,25796,A
231,840,United States of America,56,Maize (corn),1997,7952.1,A,233864300,A,29409230,A
16,50,Bangladesh,56,Maize (corn),1997,1091.4,A,2650,A,2428,A
15,58,Belgium-Luxembourg,56,Maize (corn),1997,10250.7,A,65656,A,6405,A
19,68,Bolivia (Plurinational State of),56,Maize (corn),1997,1506,A,355718,A,236200,A
233,854,Burkina Faso,56,Maize (corn),1997,1518.5,A,366467,A,241333,A
37,140,Central African Republic,56,Maize (corn),1997,917.8,E,82600,A,90000,E
167,203,Czechia,56,Maize (corn),1997,6925,A,285199,A,41184,A
75,270,Gambia,56,Maize (corn),1997,1169.3,A,8466,A,7240,A
93,332,Haiti,56,Maize (corn),1997,798.6,E,230000,E,288000,E
124,434,Libya,56,Maize (corn),1997,1750,E,700,E,400,E
137,480,Mauritius,56,Maize (corn),1997,5043.5,A,232,A,46,A
159,566,Nigeria,56,Maize (corn),1997,1251,A,5254000,A,4200000,A
168,598,Papua New Guinea,56,Maize (corn),1997,6000,A,6000,A,1000,A
179,634,Qatar,56,Maize (corn),1997,12569.4,A,905,A,72,A
183,642,Romania,56,Maize (corn),1997,4217.1,A,12686700,A,3008421,A
206,736,Sudan (former),56,Maize (corn),1997,650,E,52000,A,80000,E
237,704,Viet Nam,56,Maize (corn),1997,2490,A,1650600,A,662900,A
3,8,Albania,56,Maize (corn),1997,3186.2,A,194818,A,61145,A
18,64,Bhutan,56,Maize (corn),1997,1700,X,85000,X,50000,X
27,100,Bulgaria,56,Maize (corn),1997,3578.2,A,1659240,A,463710,A
28,104,Myanmar,56,Maize (corn),1997,1888.5,A,303400,A,160660,A
32,120,Cameroon,56,Maize (corn),1997,2026.7,E,760000,A,375000,X
39,148,Chad,56,Maize (corn),1997,956.6,A,99141,A,103634,A
44,170,Colombia,56,Maize (corn),1997,1705.4,A,977911,A,573435,A
56,214,Dominican Republic,56,Maize (corn),1997,1177,A,33877,A,28783,A
80,70,Bosnia and Herzegovina,56,Maize (corn),1997,4013.6,X,830445,X,206906,X
89,320,Guatemala,56,Maize (corn),1997,1494.2,A,860936,A,576170,A
90,324,Guinea,56,Maize (corn),1997,1287,E,237610,E,184630,E
109,388,Jamaica,56,Maize (corn),1997,1156.8,A,3121,A,2698,A
117,410,Republic of Korea,56,Maize (corn),1997,4112.6,A,86763,A,21097,A
138,484,Mexico,56,Maize (corn),1997,2384,A,17656258,A,7406061,A
155,548,Vanuatu,56,Maize (corn),1997,497.8,E,700,A,1406,I
201,706,Somalia,56,Maize (corn),1997,709.5,X,133706,X,188463,X
207,740,Suriname,56,Maize (corn),1997,2283.3,A,137,A,60,A
215,834,United Republic of Tanzania,56,Maize (corn),1997,1170.8,A,1831200,A,1564000,A
221,512,Oman,56,Maize (corn),1997,7398.9,E,23514.44,I,3178,I
226,800,Uganda,56,Maize (corn),1997,1237.5,A,740000,A,598000,A
40,152,Chile,56,Maize (corn),1997,8241.7,A,880735,A,106863,A
55,212,Dominica,56,Maize (corn),1997,1350.4,E,173.76,I,129,I
68,250,France,56,Maize (corn),1997,9065.1,A,16534987.8,A,1824033,A
72,262,Djibouti,56,Maize (corn),1997,1704.7,E,10.23,I,6,E
74,266,Gabon,56,Maize (corn),1997,1548.4,E,24000,A,15500,E
81,288,Ghana,56,Maize (corn),1997,1528.5,A,996000,A,651600,A
118,414,Kuwait,56,Maize (corn),1997,18539.1,A,2132,A,115,A
153,540,New Caledonia,56,Maize (corn),1997,3990.5,E,1676,A,420,E
165,586,Pakistan,56,Maize (corn),1997,1635.2,A,1517000,A,927700,A
178,232,Eritrea,56,Maize (corn),1997,249.5,A,6406,A,25676,A
195,686,Senegal,56,Maize (corn),1997,1291.1,A,80281,A,62178,A
197,694,Sierra Leone,56,Maize (corn),1997,940,A,9400,A,10000,A
211,756,Switzerland,56,Maize (corn),1997,9273.2,A,187727,A,20244,A
212,760,Syrian Arab Republic,56,Maize (corn),1997,5482.3,A,303260,A,55316,A
216,764,Thailand,56,Maize (corn),1997,3198.2,A,3831647,A,1198055,A
217,768,Togo,56,Maize (corn),1997,1067.6,A,452159,A,423534,A
238,231,Ethiopia,56,Maize (corn),1997,1738.1,A,2986500,A,1718270,A
115,116,Cambodia,56,Maize (corn),1997,1242.7,A,42423,A,34138,A
214,158,"China, Taiwan Province of",56,Maize (corn),1997,5458.9,A,337617,A,61847,A
97,348,Hungary,56,Maize (corn),1997,6448,A,6827776,A,1058901,A
107,384,Côte d'Ivoire,56,Maize (corn),1997,1707,A,554618,A,324901,A
126,440,Lithuania,56,Maize (corn),1997,1419.1,E,8541.65,I,6019,I
147,516,Namibia,56,Maize (corn),1997,1572.7,A,49460,A,31450,A
177,630,Puerto Rico,56,Maize (corn),1997,1779.2,E,616.09,I,346,I
208,762,Tajikistan,56,Maize (corn),1997,2750.1,A,30306,A,11020,A
59,818,Egypt,56,Maize (corn),1997,7129.8,A,5806070,A,814336,A
2,4,Afghanistan,56,Maize (corn),1997,1500,A,300000,A,200000,A
9,32,Argentina,56,Maize (corn),1997,4555.7,A,15536820,A,3410385,A
10,36,Australia,56,Maize (corn),1997,5940.3,A,398000,A,67000,A
12,44,Bahamas,56,Maize (corn),1997,1740,E,348,A,200,E
20,72,Botswana,56,Maize (corn),1997,286.7,A,22649,A,79000,A
35,132,Cabo Verde,56,Maize (corn),1997,146.9,A,4900,A,33347,A
41,156,"China, mainland",56,Maize (corn),1997,4387.4,A,104310000,A,23775090,A
53,204,Benin,56,Maize (corn),1997,1202,A,701046,A,583254,A
69,254,French Guiana,56,Maize (corn),1997,707.3,A,29,A,41,A
121,422,Lebanon,56,Maize (corn),1997,3111.1,A,2800,A,900,A
145,583,Micronesia (Federated States of),56,Maize (corn),1997,1215.2,E,49.61,I,41,I
166,591,Panama,56,Maize (corn),1997,1254.1,A,64284,A,51260,A
169,600,Paraguay,56,Maize (corn),1997,2748.3,A,1054938.2,A,383851,A
170,604,Peru,56,Maize (corn),1997,2000.8,A,833360,A,416511,A
173,616,Poland,56,Maize (corn),1997,5401.1,A,416516,A,77117,A
175,624,Guinea-Bissau,56,Maize (corn),1997,1000,X,15000,X,15000,X
176,626,Timor-Leste,56,Maize (corn),1997,1577,E,99000,X,62777,A
184,646,Rwanda,56,Maize (corn),1997,1090.8,A,83427,A,76481,A
203,724,Spain,56,Maize (corn),1997,9150.1,A,4451502,A,486500,A
235,860,Uzbekistan,56,Maize (corn),1997,2818.6,A,136700,A,48500,A
7,24,Angola,56,Maize (corn),1997,595.9,X,369505,X,620126,X
52,31,Azerbaijan,56,Maize (corn),1997,2434,A,18929,A,7777,A
33,124,Canada,56,Maize (corn),1997,6870.2,A,7180000,A,1045100,A
73,268,Georgia,56,Maize (corn),1997,2923,A,546300,A,186900,A
114,404,Kenya,56,Maize (corn),1997,1471.3,A,2214000,A,1504820,A
120,418,Lao People's Democratic Republic,56,Maize (corn),1997,2060.5,A,78300,A,38000,A
144,508,Mozambique,56,Maize (corn),1997,903.3,A,1042026,A,1153575,A
182,638,Réunion,56,Maize (corn),1997,7800,E,11700,E,1500,E
213,795,Turkmenistan,56,Maize (corn),1997,294.4,A,5300,A,18000,A
181,716,Zimbabwe,56,Maize (corn),1997,1104.3,A,1552703,A,1406074,A
23,84,Belize,56,Maize (corn),1997,2212.8,A,37358,A,16883,A
105,376,Israel,56,Maize (corn),1997,13731.9,E,68110,X,4960,A
116,408,Democratic People's Republic of Korea,56,Maize (corn),1997,1684.4,A,1014000,A,602000,A
185,643,Russian Federation,56,Maize (corn),1997,3136.6,A,2652012,A,845500,A
191,670,Saint Vincent and the Grenadines,56,Maize (corn),1997,4292.2,E,1323.06,I,308,I
11,40,Austria,56,Maize (corn),1997,9780,A,1841681,A,188311,A
66,242,Fiji,56,Maize (corn),1997,3076.9,A,1120,A,364,A
106,380,Italy,56,Maize (corn),1997,9627,A,10004698,A,1039229,A
110,392,Japan,56,Maize (corn),1997,2477.1,E,270,E,109,A
130,454,Malawi,56,Maize (corn),1997,1095.9,A,1351842,A,1233538,A
132,462,Maldives,56,Maize (corn),1997,1407.6,E,57,E,40,I
149,524,Nepal,56,Maize (corn),1997,1658.5,A,1316840,A,794000,A
156,554,New Zealand,56,Maize (corn),1997,9948.7,A,194000,A,19500,A
225,784,United Arab Emirates,56,Maize (corn),1997,18666.7,E,4200,E,225,E
54,208,Denmark,56,Maize (corn),1997,,,,M,,M
158,562,Niger,56,Maize (corn),1997,824.7,E,1167,A,1415,I
171,608,Philippines,56,Maize (corn),1997,1589.4,A,4332417,A,2725875,A
251,894,Zambia,56,Maize (corn),1997,1479.4,A,960188,A,649039,A
46,178,Congo,56,Maize (corn),1997,773.2,E,8892,X,11500,E
86,308,Grenada,56,Maize (corn),1997,1000,E,300,E,300,E
198,705,Slovenia,56,Maize (corn),1997,7481.1,A,355285,A,47491,A
249,887,Yemen,56,Maize (corn),1997,1324.2,A,52378,A,39555,A
236,862,Venezuela (Bolivarian Republic of),56,Maize (corn),1997,2831.3,A,1199219,A,423557,A
3,8,Albania,56,Maize (corn),1998,3341.6,A,189130,A,56599,A
10,36,Australia,56,Maize (corn),1998,4754.4,A,271000,A,57000,A
21,76,Brazil,56,Maize (corn),1998,2796.4,A,29601753,A,10585498,A
32,120,Cameroon,56,Maize (corn),1998,1891.1,A,793000,A,419340,A
39,148,Chad,56,Maize (corn),1998,1406.8,A,179999,A,127947,A
60,222,El Salvador,56,Maize (corn),1998,1906.2,A,563095,A,295400,A
68,250,France,56,Maize (corn),1998,8452.8,A,14885495.1,A,1761004,A
69,254,French Guiana,56,Maize (corn),1998,707.3,A,29,A,41,A
73,268,Georgia,56,Maize (corn),1998,2055.3,A,420220,A,204453,A
74,266,Gabon,56,Maize (corn),1998,1570.5,E,26200,A,16682,I
86,308,Grenada,56,Maize (corn),1998,1004.6,E,289.13,I,288,I
89,320,Guatemala,56,Maize (corn),1998,1699.4,A,1068779,A,628906,A
93,332,Haiti,56,Maize (corn),1998,790,A,206096,A,260881,A
98,191,Croatia,56,Maize (corn),1998,5247.4,A,1982545,A,377818,A
100,356,India,56,Maize (corn),1998,1776.7,A,10928100,A,6150700,A
103,368,Iraq,56,Maize (corn),1998,2180.3,X,133000,X,61000,X
108,398,Kazakhstan,56,Maize (corn),1998,2678,A,166840,A,62300,A
133,466,Mali,56,Maize (corn),1998,1641.6,A,392972,A,239379,A
138,484,Mexico,56,Maize (corn),1998,2342.9,A,18454710,A,7876819,A
146,498,Republic of Moldova,56,Maize (corn),1998,3112.1,A,1238984,A,398114,A
150,528,Netherlands (Kingdom of the),56,Maize (corn),1998,11000,A,150700,A,13700,A
155,548,Vanuatu,56,Maize (corn),1998,503.5,E,700,A,1390,I
157,558,Nicaragua,56,Maize (corn),1998,1194.1,A,300469,A,251632,A
158,562,Niger,56,Maize (corn),1998,1517.3,A,8160,A,5378,A
159,566,Nigeria,56,Maize (corn),1998,1320,A,5127000,A,3884000,A
173,616,Poland,56,Maize (corn),1998,5827.2,A,496363,A,85180,A
178,232,Eritrea,56,Maize (corn),1998,753.2,A,28986,A,38486,A
191,670,Saint Vincent and the Grenadines,56,Maize (corn),1998,3333.3,E,2000,E,600,E
195,686,Senegal,56,Maize (corn),1998,825.5,A,44339,A,53714,A
202,710,South Africa,56,Maize (corn),1998,2161.1,A,7693000,A,3559750,A
203,724,Spain,56,Maize (corn),1998,9473.1,A,4349100,A,459100,A
221,512,Oman,56,Maize (corn),1998,7429.3,E,22797.16,I,3069,I
226,800,Uganda,56,Maize (corn),1998,1500,A,924000,A,616000,A
230,804,Ukraine,56,Maize (corn),1998,2534.2,A,2300800,A,907900,A
236,862,Venezuela (Bolivarian Republic of),56,Maize (corn),1998,2769.7,A,983121,A,354958,A
237,704,Viet Nam,56,Maize (corn),1998,2471,A,1612000,A,652377,A
238,231,Ethiopia,56,Maize (corn),1998,1617.5,A,2344300,A,1449300,A
7,24,Angola,56,Maize (corn),1998,739.6,X,504662,X,682338,X
14,52,Barbados,56,Maize (corn),1998,2600,E,520,E,200,E
20,72,Botswana,56,Maize (corn),1998,91,A,2344,A,25756,A
40,152,Chile,56,Maize (corn),1998,9400.6,A,943276,A,100342,A
46,178,Congo,56,Maize (corn),1998,782.5,E,9781,A,12500,E
116,408,Democratic People's Republic of Korea,56,Maize (corn),1998,2806,A,1765000,A,629000,A
54,208,Denmark,56,Maize (corn),1998,,,,M,,M
75,270,Gambia,56,Maize (corn),1998,1434,A,13011,A,9073,A
79,276,Germany,56,Maize (corn),1998,8156.1,A,2781464,A,341029,A
105,376,Israel,56,Maize (corn),1998,14706.9,E,87300,X,5936,A
106,380,Italy,56,Maize (corn),1998,9321.7,A,9030860,A,968799,A
109,388,Jamaica,56,Maize (corn),1998,1143.6,A,2198,A,1922,A
113,417,Kyrgyzstan,56,Maize (corn),1998,4922.2,A,227886,A,46298,A
131,458,Malaysia,56,Maize (corn),1998,,,,M,,M
198,705,Slovenia,56,Maize (corn),1998,7313.9,A,333456,A,45592,A
211,756,Switzerland,56,Maize (corn),1998,9114,A,191813,A,21046,A
1,51,Armenia,56,Maize (corn),1998,2608.2,A,5738,A,2200,A
12,44,Bahamas,56,Maize (corn),1998,1984.2,E,377,A,190,E
16,50,Bangladesh,56,Maize (corn),1998,733.9,A,2970,A,4047,A
19,68,Bolivia (Plurinational State of),56,Maize (corn),1998,1819.2,A,479601,A,263633,A
80,70,Bosnia and Herzegovina,56,Maize (corn),1998,3864.1,X,846638,X,219104,X
214,158,"China, Taiwan Province of",56,Maize (corn),1998,5723.4,A,243612,A,42564,A
41,156,"China, mainland",56,Maize (corn),1998,5267.8,A,132954000,A,25238840,A
167,203,Czechia,56,Maize (corn),1998,6094.8,A,200562,A,32907,A
59,818,Egypt,56,Maize (corn),1998,7225.7,A,6336802,A,876987,A
81,288,Ghana,56,Maize (corn),1998,1485,A,1034500,A,696620,A
97,348,Hungary,56,Maize (corn),1998,6004.9,A,6143000,A,1023000,A
110,392,Japan,56,Maize (corn),1998,2446.8,E,230,E,94,A
112,400,Jordan,56,Maize (corn),1998,,,,E,,E
118,414,Kuwait,56,Maize (corn),1998,18818.2,A,3933,A,209,A
137,480,Mauritius,56,Maize (corn),1998,5180,A,259,A,50,A
28,104,Myanmar,56,Maize (corn),1998,1625,A,297900,A,183323,A
149,524,Nepal,56,Maize (corn),1998,1711.2,A,1367330,A,799060,A
165,586,Pakistan,56,Maize (corn),1998,1785.3,A,1665000,A,932600,A
169,600,Paraguay,56,Maize (corn),1998,2457.5,A,873215.79,A,355320,A
38,144,Sri Lanka,56,Maize (corn),1998,1137.1,A,33874,A,29790,A
234,858,Uruguay,56,Maize (corn),1998,3371.5,A,203300,A,60300,A
2,4,Afghanistan,56,Maize (corn),1998,1650,A,330000,A,200000,A
15,58,Belgium-Luxembourg,56,Maize (corn),1998,9547.5,A,251100,A,26300,A
48,188,Costa Rica,56,Maize (corn),1998,1745.9,A,24066,A,13784,A
90,324,Guinea,56,Maize (corn),1998,1330.8,E,264840,E,199010,E
91,328,Guyana,56,Maize (corn),1998,1567.9,E,3100,A,1977,I
115,116,Cambodia,56,Maize (corn),1998,1217.1,A,48510,A,39857,A
117,410,Republic of Korea,56,Maize (corn),1998,3982.3,A,80203,A,20140,A
121,422,Lebanon,56,Maize (corn),1998,5000,A,5000,A,1000,A
136,478,Mauritania,56,Maize (corn),1998,838.7,A,10927,A,13029,A
154,807,North Macedonia,56,Maize (corn),1998,4373.4,A,140949,A,32229,A
179,634,Qatar,56,Maize (corn),1998,12434.8,A,858,A,69,A
181,716,Zimbabwe,56,Maize (corn),1998,1012.5,A,1195929,A,1181207,A
182,638,Réunion,56,Maize (corn),1998,7661.6,E,11615,I,1516,I
184,646,Rwanda,56,Maize (corn),1998,823.1,A,58618,A,71212,A
186,891,Serbia and Montenegro,56,Maize (corn),1998,3829.8,A,5174000,A,1351000,A
189,662,Saint Lucia,56,Maize (corn),1998,,,,M,,M
193,678,Sao Tome and Principe,56,Maize (corn),1998,1931.4,E,1352,X,700,E
194,682,Saudi Arabia,56,Maize (corn),1998,2051.9,A,6566,A,3200,A
217,768,Togo,56,Maize (corn),1998,867.3,A,350484,A,404107,A
9,32,Argentina,56,Maize (corn),1998,6078,A,19360656,A,3185390,A
27,100,Bulgaria,56,Maize (corn),1998,2731.8,A,1303436,A,477140,A
35,132,Cabo Verde,56,Maize (corn),1998,141.5,A,4883,A,34518,A
84,300,Greece,56,Maize (corn),1998,8824.7,A,1898003.52,A,215079,A
107,384,Côte d'Ivoire,56,Maize (corn),1998,1797.3,A,561951,A,312672,A
120,418,Lao People's Democratic Republic,56,Maize (corn),1998,2368.5,A,109900,A,46400,A
126,440,Lithuania,56,Maize (corn),1998,1528.7,E,8641.23,I,5652,I
166,591,Panama,56,Maize (corn),1998,1618.1,A,88556,A,54730,A
174,620,Portugal,56,Maize (corn),1998,5370.4,A,980922,A,182654,A
209,748,Eswatini,56,Maize (corn),1998,1917.8,A,118074,A,61566,A
215,834,United Republic of Tanzania,56,Maize (corn),1998,1285.7,A,2684600,A,2088000,A
216,764,Thailand,56,Maize (corn),1998,3344.8,A,4617455,A,1380480,A
52,31,Azerbaijan,56,Maize (corn),1998,2954.1,A,28856,A,9768,A
23,84,Belize,56,Maize (corn),1998,2621.1,A,37607,A,14348,A
33,124,Canada,56,Maize (corn),1998,8005.4,A,8952400,A,1118300,A
45,174,Comoros,56,Maize (corn),1998,1932.8,E,3742,A,1936,I
53,204,Benin,56,Maize (corn),1998,1114.3,A,662227,A,594277,A
55,212,Dominica,56,Maize (corn),1998,1353.8,E,168.15,I,124,I
95,340,Honduras,56,Maize (corn),1998,1055.7,A,471327,A,446455,A
143,504,Morocco,56,Maize (corn),1998,646.8,A,200500,A,310000,A
144,508,Mozambique,56,Maize (corn),1998,900.6,A,1124000,A,1248000,A
171,608,Philippines,56,Maize (corn),1998,1624,A,3823184,A,2354208,A
207,740,Suriname,56,Maize (corn),1998,2200,A,110,A,50,A
225,784,United Arab Emirates,56,Maize (corn),1998,20481.5,E,3948.68,I,193,I
213,795,Turkmenistan,56,Maize (corn),1998,520,E,7800,A,15000,E
249,887,Yemen,56,Maize (corn),1998,1466,A,61842,A,42183,A
29,108,Burundi,56,Maize (corn),1998,1146.3,A,131830,A,115000,A
44,170,Colombia,56,Maize (corn),1998,1659.8,A,754578,A,454629,A
56,214,Dominican Republic,56,Maize (corn),1998,1300.1,A,37045.27,A,28495,A
72,262,Djibouti,56,Maize (corn),1998,1726,E,10.36,I,6,E
102,364,Iran (Islamic Republic of),56,Maize (corn),1998,6040,A,941000,A,155794,A
129,450,Madagascar,56,Maize (corn),1998,830.6,A,152000,A,183000,A
145,583,Micronesia (Federated States of),56,Maize (corn),1998,1220,E,50.51,I,41,I
147,516,Namibia,56,Maize (corn),1998,660.8,A,17860,A,27029,A
176,626,Timor-Leste,56,Maize (corn),1998,1847.7,A,58931,A,31894,A
183,642,Romania,56,Maize (corn),1998,2789.2,A,8623370,A,3091712,A
212,760,Syrian Arab Republic,56,Maize (corn),1998,5152.4,A,285009,A,55316,A
223,792,Türkiye,56,Maize (corn),1998,4219.2,A,2300000,A,545121,A
233,854,Burkina Faso,56,Maize (corn),1998,1391.9,A,377758,A,271405,A
235,860,Uzbekistan,56,Maize (corn),1998,3249.3,A,123800,A,38100,A
250,180,Democratic Republic of the Congo,56,Maize (corn),1998,831.9,A,1215339,A,1460960,A
251,894,Zambia,56,Maize (corn),1998,1250.3,A,638134,A,510372,A
18,64,Bhutan,56,Maize (corn),1998,1700,X,85000,X,50000,X
58,218,Ecuador,56,Maize (corn),1998,1074.3,A,382464,A,355998,A
114,404,Kenya,56,Maize (corn),1998,1669.7,A,2464101,A,1475740,A
124,434,Libya,56,Maize (corn),1998,1800,E,900,E,500,E
156,554,New Zealand,56,Maize (corn),1998,10057.1,A,176000,A,17500,A
177,630,Puerto Rico,56,Maize (corn),1998,1870.6,A,1012,A,541,A
199,703,Slovakia,56,Maize (corn),1998,5505.6,A,637446,A,115782,A
206,736,Sudan (former),56,Maize (corn),1998,657.9,A,42000,A,63840,A
208,762,Tajikistan,56,Maize (corn),1998,2981.6,A,35511,A,11910,A
57,112,Belarus,56,Maize (corn),1998,2652.2,A,6100,A,2300,A
37,140,Central African Republic,56,Maize (corn),1998,980.6,E,88000,A,89743,I
49,192,Cuba,56,Maize (corn),1998,1303.9,A,176600,A,135444,A
101,360,Indonesia,56,Maize (corn),1998,2652.6,A,10169488,A,3833820,A
130,454,Malawi,56,Maize (corn),1998,1371.1,A,1772392,A,1292670,A
168,598,Papua New Guinea,56,Maize (corn),1998,5391.5,E,6010.89,I,1115,I
197,694,Sierra Leone,56,Maize (corn),1998,1075,E,8600,A,8000,E
201,706,Somalia,56,Maize (corn),1998,572.7,X,135665,X,236880,X
66,242,Fiji,56,Maize (corn),1998,2580.5,A,1298,A,503,A
185,643,Russian Federation,56,Maize (corn),1998,1595.1,A,799940,A,501500,A
220,780,Trinidad and Tobago,56,Maize (corn),1998,2670.6,E,4540,I,1700,E
231,840,United States of America,56,Maize (corn),1998,8438.2,A,247882020,A,29376040,A
4,12,Algeria,56,Maize (corn),1998,1722.2,A,310,A,180,A
122,426,Lesotho,56,Maize (corn),1998,1317.1,A,118578,A,90030,A
153,540,New Caledonia,56,Maize (corn),1998,4028.3,E,1853,A,460,E
170,604,Peru,56,Maize (corn),1998,2112.1,A,939079,A,444624,A
132,462,Maldives,56,Maize (corn),1998,1733.1,E,34.66,I,20,E
175,624,Guinea-Bissau,56,Maize (corn),1998,1000,X,15000,X,15000,X
8,28,Antigua and Barbuda,56,Maize (corn),1998,1631.8,E,49.35,I,30,I
11,40,Austria,56,Maize (corn),1998,9610,A,1645606.79,A,171239,A
8,28,Antigua and Barbuda,56,Maize (corn),1999,1631.7,E,49.73,I,30,I
16,50,Bangladesh,56,Maize (corn),1999,1234.6,A,4000,A,3240,A
18,64,Bhutan,56,Maize (corn),1999,1555.6,X,70000,X,45000,X
28,104,Myanmar,56,Maize (corn),1999,1688,A,343600,A,203557,A
39,148,Chad,56,Maize (corn),1999,699.1,A,94151,A,134678,A
40,152,Chile,56,Maize (corn),1999,8515.3,A,624037,A,73284,A
81,288,Ghana,56,Maize (corn),1999,1455.7,A,1014450,A,696900,A
110,392,Japan,56,Maize (corn),1999,2400,E,180,E,75,A
113,417,Kyrgyzstan,56,Maize (corn),1999,5303.8,A,308356,A,58139,A
121,422,Lebanon,56,Maize (corn),1999,5714.3,A,4000,A,700,A
124,434,Libya,56,Maize (corn),1999,2000,A,1200,A,600,A
143,504,Morocco,56,Maize (corn),1999,412,A,136380,A,331000,A
154,807,North Macedonia,56,Maize (corn),1999,4092.6,A,160550,A,39229,A
157,558,Nicaragua,56,Maize (corn),1999,1154.2,A,290777,A,251938,A
159,566,Nigeria,56,Maize (corn),1999,1599.8,A,5476000,A,3423000,A
166,591,Panama,56,Maize (corn),1999,1555.2,A,80265,A,51610,A
168,598,Papua New Guinea,56,Maize (corn),1999,5416.7,E,6500,E,1200,E
169,600,Paraguay,56,Maize (corn),1999,2291.7,A,816545.48,A,356302,A
174,620,Portugal,56,Maize (corn),1999,5708.9,A,934104,A,163622,A
185,643,Russian Federation,56,Maize (corn),1999,1905.5,A,1033569,A,542400,A
193,678,Sao Tome and Principe,56,Maize (corn),1999,2100,E,1487,A,708,I
195,686,Senegal,56,Maize (corn),1999,938.8,A,66132,A,70440,A
197,694,Sierra Leone,56,Maize (corn),1999,1237.2,A,8772,A,7090,A
198,705,Slovenia,56,Maize (corn),1999,6936.8,A,308000,A,44401,A
201,706,Somalia,56,Maize (corn),1999,711.8,E,165615,E,232660,X
208,762,Tajikistan,56,Maize (corn),1999,2810,A,35707,A,12707,A
236,862,Venezuela (Bolivarian Republic of),56,Maize (corn),1999,3132.4,A,1149450,A,366952,A
9,32,Argentina,56,Maize (corn),1999,5370.2,A,13504100,A,2514650,A
11,40,Austria,56,Maize (corn),1999,9600,A,1699939.2,A,177077,A
52,31,Azerbaijan,56,Maize (corn),1999,3534.3,A,100278,A,28373,A
20,72,Botswana,56,Maize (corn),1999,111.1,A,3796,A,34171,A
107,384,Côte d'Ivoire,56,Maize (corn),1999,1962.2,A,569382,A,290181,A
54,208,Denmark,56,Maize (corn),1999,,,,M,,M
238,231,Ethiopia,56,Maize (corn),1999,1715,A,2832070,A,1651350,A
69,254,French Guiana,56,Maize (corn),1999,707.3,A,29,A,41,A
102,364,Iran (Islamic Republic of),56,Maize (corn),1999,6200.3,A,1155651,A,186387,A
106,380,Italy,56,Maize (corn),1999,9744.4,A,10017200,A,1028000,A
108,398,Kazakhstan,56,Maize (corn),1999,3016.8,A,197600,A,65500,A
131,458,Malaysia,56,Maize (corn),1999,,,,M,,M
136,478,Mauritania,56,Maize (corn),1999,761.8,A,5148,A,6758,A
137,480,Mauritius,56,Maize (corn),1999,4902.4,A,201,A,41,A
149,524,Nepal,56,Maize (corn),1999,1677.6,A,1345910,A,802290,A
153,540,New Caledonia,56,Maize (corn),1999,4017,E,2129,A,530,E
165,586,Pakistan,56,Maize (corn),1999,1716.9,A,1652000,A,962200,A
177,630,Puerto Rico,56,Maize (corn),1999,1925.5,E,666.63,I,346,I
184,646,Rwanda,56,Maize (corn),1999,755.6,A,54912,A,72673,A
189,662,Saint Lucia,56,Maize (corn),1999,,,,M,,M
38,144,Sri Lanka,56,Maize (corn),1999,1089.7,A,31470,A,28880,A
249,887,Yemen,56,Maize (corn),1999,1477.8,A,47077,A,31857,A
7,24,Angola,56,Maize (corn),1999,636.1,A,428045,A,672941,A
15,58,Belgium-Luxembourg,56,Maize (corn),1999,12108.3,A,405482,A,33488,A
80,70,Bosnia and Herzegovina,56,Maize (corn),1999,4606.8,X,984052,X,213610,X
27,100,Bulgaria,56,Maize (corn),1999,3823.9,A,1739969,A,455026,A
233,854,Burkina Faso,56,Maize (corn),1999,1624.1,A,468948,A,288745,A
32,120,Cameroon,56,Maize (corn),1999,2590.7,A,785000,A,303003,A
45,174,Comoros,56,Maize (corn),1999,2181.5,E,3766,A,1726,I
49,192,Cuba,56,Maize (corn),1999,2009.6,A,237700,A,118282,A
167,203,Czechia,56,Maize (corn),1999,6603.7,A,260495,A,39447,A
116,408,Democratic People's Republic of Korea,56,Maize (corn),1999,2147.8,A,1235000,A,575000,A
250,180,Democratic Republic of the Congo,56,Maize (corn),1999,799,A,1199000,A,1500626,A
59,818,Egypt,56,Maize (corn),1999,7517.4,A,6143360,A,817224,A
209,748,Eswatini,56,Maize (corn),1999,1645.6,A,124057,A,75386,A
68,250,France,56,Maize (corn),1999,8952.3,A,15354734.8,A,1715168,A
79,276,Germany,56,Maize (corn),1999,8785,A,3256916,A,370735,A
84,300,Greece,56,Maize (corn),1999,9512.8,A,2003847.62,A,210647,A
89,320,Guatemala,56,Maize (corn),1999,1737.8,A,1024860,A,589750,A
91,328,Guyana,56,Maize (corn),1999,1494.9,E,3200,A,2141,I
105,376,Israel,56,Maize (corn),1999,14075.7,E,82160,X,5837,A
129,450,Madagascar,56,Maize (corn),1999,916.2,A,175000,A,191000,A
132,462,Maldives,56,Maize (corn),1999,2045,E,42.95,I,21,E
144,508,Mozambique,56,Maize (corn),1999,1159.6,X,1336080,X,1152160,X
156,554,New Zealand,56,Maize (corn),1999,10130.6,A,197000,A,19446,A
158,562,Niger,56,Maize (corn),1999,324.2,A,1592,A,4911,A
179,634,Qatar,56,Maize (corn),1999,12463.9,A,1209,A,97,A
194,682,Saudi Arabia,56,Maize (corn),1999,1872.3,A,4119,A,2200,A
212,760,Syrian Arab Republic,56,Maize (corn),1999,3272.1,A,181000,A,55316,A
223,792,Türkiye,56,Maize (corn),1999,4437.6,A,2297000,A,517626,A
225,784,United Arab Emirates,56,Maize (corn),1999,20756.9,E,3834.85,I,185,I
251,894,Zambia,56,Maize (corn),1999,1375.9,A,822056,A,597454,A
181,716,Zimbabwe,56,Maize (corn),1999,1087,A,1606588,A,1477990,A
4,12,Algeria,56,Maize (corn),1999,2237.5,A,537,A,240,A
14,52,Barbados,56,Maize (corn),1999,2600,E,390,E,150,E
35,132,Cabo Verde,56,Maize (corn),1999,1162,A,36439,A,31358,A
48,188,Costa Rica,56,Maize (corn),1999,1891.5,A,28136,A,14875,A
55,212,Dominica,56,Maize (corn),1999,1357.2,E,174.24,I,128,I
58,218,Ecuador,56,Maize (corn),1999,1181.3,A,500314,A,423544,A
72,262,Djibouti,56,Maize (corn),1999,1769.4,E,10.62,I,6,E
90,324,Guinea,56,Maize (corn),1999,1376.1,E,295190,E,214510,E
98,191,Croatia,56,Maize (corn),1999,5558.4,A,2135452,A,384184,A
109,388,Jamaica,56,Maize (corn),1999,1223.1,A,2133,A,1744,A
112,400,Jordan,56,Maize (corn),1999,,,,E,,E
117,410,Republic of Korea,56,Maize (corn),1999,3940.3,A,79333,A,20134,A
120,418,Lao People's Democratic Republic,56,Maize (corn),1999,2359.7,A,96110,A,40730,A
122,426,Lesotho,56,Maize (corn),1999,941,A,124549,A,132360,A
130,454,Malawi,56,Maize (corn),1999,1810.9,A,2479406,A,1369150,A
186,891,Serbia and Montenegro,56,Maize (corn),1999,4846.1,A,6140000,A,1267000,A
199,703,Slovakia,56,Maize (corn),1999,5997.4,A,779287,A,129937,A
211,756,Switzerland,56,Maize (corn),1999,8885.2,A,192338,A,21647,A
214,158,"China, Taiwan Province of",56,Maize (corn),1999,5772.5,A,201195,A,34854,A
231,840,United States of America,56,Maize (corn),1999,8397.7,A,239548580,A,28525380,A
237,704,Viet Nam,56,Maize (corn),1999,2534.1,A,1753100,A,691800,A
1,51,Armenia,56,Maize (corn),1999,4030.3,A,11450,A,2841,A
12,44,Bahamas,56,Maize (corn),1999,2165.7,A,379,A,175,A
21,76,Brazil,56,Maize (corn),1999,2776.5,A,32239479,A,11611483,A
53,204,Benin,56,Maize (corn),1999,1251.8,A,782974,A,625482,A
73,268,Georgia,56,Maize (corn),1999,2225.5,A,490491,A,220400,A
74,266,Gabon,56,Maize (corn),1999,1585.8,E,26800,A,16900,E
118,414,Kuwait,56,Maize (corn),1999,20217.4,A,3720,A,184,A
145,583,Micronesia (Federated States of),56,Maize (corn),1999,1225,E,51.42,I,42,I
147,516,Namibia,56,Maize (corn),1999,527.6,A,18855,A,35740,A
150,528,Netherlands (Kingdom of the),56,Maize (corn),1999,7018.8,A,112300,A,16000,A
191,670,Saint Vincent and the Grenadines,56,Maize (corn),1999,3000,E,750,E,250,E
203,724,Spain,56,Maize (corn),1999,9480.8,A,3768600,A,397500,A
206,736,Sudan (former),56,Maize (corn),1999,583.4,A,37000,A,63420,A
221,512,Oman,56,Maize (corn),1999,7459.7,E,22079.87,I,2960,I
3,8,Albania,56,Maize (corn),1999,3745.5,A,206000,A,55000,A
19,68,Bolivia (Plurinational State of),56,Maize (corn),1999,1762.1,A,488606,A,277281,A
37,140,Central African Republic,56,Maize (corn),1999,1055.6,E,95000,A,90000,X
178,232,Eritrea,56,Maize (corn),1999,792,A,15900,A,20075,A
66,242,Fiji,56,Maize (corn),1999,1810,A,724,A,400,A
133,466,Mali,56,Maize (corn),1999,1454.1,A,619896,A,426300,A
138,484,Mexico,56,Maize (corn),1999,2472,A,17706376,A,7162702,A
155,548,Vanuatu,56,Maize (corn),1999,509.1,E,717.99,I,1410,I
182,638,Réunion,56,Maize (corn),1999,7667.3,E,12628,I,1647,I
202,710,South Africa,56,Maize (corn),1999,2227.4,A,7946000,A,3567383,A
216,764,Thailand,56,Maize (corn),1999,3552.6,A,4286440,A,1206560,A
46,178,Congo,56,Maize (corn),1999,771.3,E,6170,A,8000,E
60,222,El Salvador,56,Maize (corn),1999,2504.7,A,659760,A,263410,A
75,270,Gambia,56,Maize (corn),1999,1593.8,A,20400,A,12800,A
86,308,Grenada,56,Maize (corn),1999,1004.3,E,275.95,I,275,I
95,340,Honduras,56,Maize (corn),1999,1224.9,A,477511,A,389831,A
114,404,Kenya,56,Maize (corn),1999,1481.7,A,2322140,A,1567240,A
126,440,Lithuania,56,Maize (corn),1999,1638.4,E,9292.12,I,5672,I
170,604,Peru,56,Maize (corn),1999,2305.3,A,1057020,A,458527,A
207,740,Suriname,56,Maize (corn),1999,1000,A,33,A,33,A
215,834,United Republic of Tanzania,56,Maize (corn),1999,2528.3,A,2420940,A,957550,A
217,768,Togo,56,Maize (corn),1999,1197.9,A,493570,A,412018,A
115,116,Cambodia,56,Maize (corn),1999,1594.8,A,95274,A,59739,A
41,156,"China, mainland",56,Maize (corn),1999,4944.7,A,128086000,A,25903710,A
44,170,Colombia,56,Maize (corn),1999,1796.1,A,971202,A,540736,A
56,214,Dominican Republic,56,Maize (corn),1999,1263.3,A,30319,A,24000,A
97,348,Hungary,56,Maize (corn),1999,6413,A,7149000,A,1114762,A
100,356,India,56,Maize (corn),1999,1784.8,A,11315200,A,6339600,A
103,368,Iraq,56,Maize (corn),1999,1916.7,X,115000,X,60000,X
171,608,Philippines,56,Maize (corn),1999,1735.1,A,4584593,A,2642208,A
226,800,Uganda,56,Maize (corn),1999,1731.9,A,1053000,A,608000,A
23,84,Belize,56,Maize (corn),1999,2750.7,A,40639,A,14774,A
29,108,Burundi,56,Maize (corn),1999,1119.2,A,128706,A,115000,A
33,124,Canada,56,Maize (corn),1999,7974.7,A,9161300,A,1148800,A
93,332,Haiti,56,Maize (corn),1999,833.3,E,250000,E,300000,E
173,616,Poland,56,Maize (corn),1999,5750.6,A,599362,A,104226,A
175,624,Guinea-Bissau,56,Maize (corn),1999,991,E,24775,A,25000,E
10,36,Australia,56,Maize (corn),1999,5121.2,A,338000,A,66000,A
146,498,Republic of Moldova,56,Maize (corn),1999,2828.2,A,1140294,A,403194,A
176,626,Timor-Leste,56,Maize (corn),1999,1300.1,E,70450,X,54188,A
213,795,Turkmenistan,56,Maize (corn),1999,820,E,8200,A,10000,X
230,804,Ukraine,56,Maize (corn),1999,2522,A,1736900,A,688700,A
234,858,Uruguay,56,Maize (corn),1999,4089.4,A,242500,A,59300,A
235,860,Uzbekistan,56,Maize (corn),1999,2956,A,167900,A,56800,A
57,112,Belarus,56,Maize (corn),1999,2605.3,A,9900,A,3800,A
220,780,Trinidad and Tobago,56,Maize (corn),1999,2500,E,1000,E,400,E
2,4,Afghanistan,56,Maize (corn),1999,1500,A,240000,A,160000,A
101,360,Indonesia,56,Maize (corn),1999,2662.9,A,9204036,A,3456357,A
183,642,Romania,56,Maize (corn),1999,3640.3,A,10934815,A,3003803,A
7,24,Angola,56,Maize (corn),2000,574.5,A,394607,A,686853,A
9,32,Argentina,56,Maize (corn),2000,5432.9,A,16780650,A,3088715,A
19,68,Bolivia (Plurinational State of),56,Maize (corn),2000,2125.9,A,653271,A,307292,A
21,76,Brazil,56,Maize (corn),2000,2718.2,A,32321000,A,11890376,A
41,156,"China, mainland",56,Maize (corn),2000,4597.5,A,106000000,A,23056110,A
86,308,Grenada,56,Maize (corn),2000,1002.8,E,305.16,I,304,I
107,384,Côte d'Ivoire,56,Maize (corn),2000,2028.7,A,576910,A,284372,A
116,408,Democratic People's Republic of Korea,56,Maize (corn),2000,2098.8,A,1041000,A,496000,A
121,422,Lebanon,56,Maize (corn),2000,3888.9,A,3500,A,900,A
131,458,Malaysia,56,Maize (corn),2000,,,,M,,M
136,478,Mauritania,56,Maize (corn),2000,905.4,A,13651,A,15077,A
150,528,Netherlands (Kingdom of the),56,Maize (corn),2000,11000,A,223300,A,20300,A
155,548,Vanuatu,56,Maize (corn),2000,514.8,E,725.5,I,1409,I
173,616,Poland,56,Maize (corn),2000,6063.7,A,923341,A,152273,A
179,634,Qatar,56,Maize (corn),2000,12517.5,A,1790,A,143,A
181,716,Zimbabwe,56,Maize (corn),2000,1179.5,A,1619651,A,1373117,A
183,642,Romania,56,Maize (corn),2000,1712.8,A,4897603,A,2859474,A
186,891,Serbia and Montenegro,56,Maize (corn),2000,2439.4,A,2944000,A,1206876,A
193,678,Sao Tome and Principe,56,Maize (corn),2000,2230,E,2230,A,1000,E
198,705,Slovenia,56,Maize (corn),2000,5882.1,A,282393,A,48009,A
199,703,Slovakia,56,Maize (corn),2000,3037.4,A,440365,A,144979,A
206,736,Sudan (former),56,Maize (corn),2000,738,A,53000,A,71820,A
207,740,Suriname,56,Maize (corn),2000,1904.8,A,40,A,21,A
212,760,Syrian Arab Republic,56,Maize (corn),2000,3443.9,A,190504,A,55316,A
213,795,Turkmenistan,56,Maize (corn),2000,970,X,9700,X,10000,X
215,834,United Republic of Tanzania,56,Maize (corn),2000,1931.4,A,1965400,A,1017600,A
230,804,Ukraine,56,Maize (corn),2000,3009.1,A,3848100,A,1278800,A
236,862,Venezuela (Bolivarian Republic of),56,Maize (corn),2000,3500.4,A,1689551,A,482667,A
250,180,Democratic Republic of the Congo,56,Maize (corn),2000,799,A,1184000,A,1481852,A
2,4,Afghanistan,56,Maize (corn),2000,1197.9,A,115000,A,96000,A
3,8,Albania,56,Maize (corn),2000,3881.1,A,205700,A,53000,A
1,51,Armenia,56,Maize (corn),2000,2317.8,A,5915,A,2552,A
18,64,Bhutan,56,Maize (corn),2000,1564.5,A,48500,A,31000,A
35,132,Cabo Verde,56,Maize (corn),2000,794.8,A,24341,A,30626,A
167,203,Czechia,56,Maize (corn),2000,6428.5,A,303957,A,47283,A
178,232,Eritrea,56,Maize (corn),2000,235.8,A,5315,A,22541,A
109,388,Jamaica,56,Maize (corn),2000,1148.7,A,1769,A,1540,A
118,414,Kuwait,56,Maize (corn),2000,20563,A,5552,A,270,A
130,454,Malawi,56,Maize (corn),2000,1742.8,A,2501311,A,1435220,A
145,583,Micronesia (Federated States of),56,Maize (corn),2000,1230.2,E,52.36,I,43,I
159,566,Nigeria,56,Maize (corn),2000,1300.1,A,4107000,A,3159000,A
154,807,North Macedonia,56,Maize (corn),2000,3381.9,A,125383,A,37075,A
165,586,Pakistan,56,Maize (corn),2000,1708.6,A,1643200,A,961700,A
184,646,Rwanda,56,Maize (corn),2000,701.8,A,62501,A,89053,A
182,638,Réunion,56,Maize (corn),2000,7680.2,E,12895,I,1679,I
202,710,South Africa,56,Maize (corn),2000,2849.2,A,11431183,A,4012000,A
208,762,Tajikistan,56,Maize (corn),2000,2701.1,A,37762,A,13980,A
216,764,Thailand,56,Maize (corn),2000,3671.5,A,4472903,A,1218287,A
226,800,Uganda,56,Maize (corn),2000,1742.4,A,1096000,A,629000,A
20,72,Botswana,56,Maize (corn),2000,112.3,A,9347,A,83258,A
33,124,Canada,56,Maize (corn),2000,6284.4,A,6953700,A,1106500,A
45,174,Comoros,56,Maize (corn),2000,2120.8,E,3789,A,1787,I
72,262,Djibouti,56,Maize (corn),2000,1833.3,E,11,A,6,E
59,818,Egypt,56,Maize (corn),2000,7680,A,6474450,A,843029,A
74,266,Gabon,56,Maize (corn),2000,1618.8,E,25900,A,16000,E
89,320,Guatemala,56,Maize (corn),2000,1781.1,A,1053550,A,591500,A
91,328,Guyana,56,Maize (corn),2000,1235.2,E,3829,A,3100,E
100,356,India,56,Maize (corn),2000,1799.2,A,12023000,A,6682300,A
103,368,Iraq,56,Maize (corn),2000,756,X,55000,X,72750,X
105,376,Israel,56,Maize (corn),2000,12669.1,E,70820,X,5590,A
106,380,Italy,56,Maize (corn),2000,9527.7,A,10137500,A,1064000,A
110,392,Japan,56,Maize (corn),2000,2471,E,180.38,I,73,A
147,516,Namibia,56,Maize (corn),2000,717,A,31550,A,44000,A
156,554,New Zealand,56,Maize (corn),2000,10226,A,181000,A,17700,A
191,670,Saint Vincent and the Grenadines,56,Maize (corn),2000,15000,E,600,E,40,E
225,784,United Arab Emirates,56,Maize (corn),2000,21033.5,E,3673.21,I,175,I
231,840,United States of America,56,Maize (corn),2000,8591.1,A,251853900,A,29315740,A
28,104,Myanmar,56,Maize (corn),2000,1705.5,A,358900,A,210437,A
32,120,Cameroon,56,Maize (corn),2000,2461.5,A,741447,A,301212,A
68,250,France,56,Maize (corn),2000,9076.6,A,16018168.3,A,1764767,A
75,270,Gambia,56,Maize (corn),2000,1605.8,A,22000,A,13700,A
84,300,Greece,56,Maize (corn),2000,9670.8,A,2094189.3,A,216549,A
98,191,Croatia,56,Maize (corn),2000,4070.1,A,1190238,A,292431,A
114,404,Kenya,56,Maize (corn),2000,1440,A,2160000,A,1500000,A
124,434,Libya,56,Maize (corn),2000,2890,A,5780,A,2000,A
138,484,Mexico,56,Maize (corn),2000,2462,A,17556900,A,7131180,A
153,540,New Caledonia,56,Maize (corn),2000,3995.8,E,4795,A,1200,E
168,598,Papua New Guinea,56,Maize (corn),2000,5538.5,E,7200,E,1300,E
197,694,Sierra Leone,56,Maize (corn),2000,928.5,A,8902,A,9588,A
201,706,Somalia,56,Maize (corn),2000,1459.7,X,265930,X,182180,X
203,724,Spain,56,Maize (corn),2000,9215.7,A,3991752,A,433146,A
221,512,Oman,56,Maize (corn),2000,7490.1,E,21362.59,I,2852,I
237,704,Viet Nam,56,Maize (corn),2000,2747.1,A,2005900,A,730200,A
8,28,Antigua and Barbuda,56,Maize (corn),2000,1600,E,48,E,30,E
16,50,Bangladesh,56,Maize (corn),2000,2059.7,A,10000,A,4855,A
49,192,Cuba,56,Maize (corn),2000,2162.9,A,273200,A,126313,A
81,288,Ghana,56,Maize (corn),2000,1457.8,A,1012700,A,694700,A
95,340,Honduras,56,Maize (corn),2000,1436,A,533598,A,371594,A
126,440,Lithuania,56,Maize (corn),2000,1749.7,E,9901.65,I,5659,I
129,450,Madagascar,56,Maize (corn),2000,883.8,A,169800,A,192135,A
143,504,Morocco,56,Maize (corn),2000,400,A,95000,A,237500,A
146,498,Republic of Moldova,56,Maize (corn),2000,2335.8,A,1031200,A,441476,A
158,562,Niger,56,Maize (corn),2000,615.4,A,3784,A,6149,A
185,643,Russian Federation,56,Maize (corn),2000,2066,A,1489399,A,720900,A
220,780,Trinidad and Tobago,56,Maize (corn),2000,2598.2,E,975,A,375,I
251,894,Zambia,56,Maize (corn),2000,1772,A,1040000,A,586907,A
80,70,Bosnia and Herzegovina,56,Maize (corn),2000,2270.2,E,471963,A,207899,X
57,112,Belarus,56,Maize (corn),2000,2307.7,A,30000,A,13000,A
115,116,Cambodia,56,Maize (corn),2000,2734.5,A,156972,A,57404,A
37,140,Central African Republic,56,Maize (corn),2000,1060,E,100700,A,95000,E
54,208,Denmark,56,Maize (corn),2000,,,,M,,M
58,218,Ecuador,56,Maize (corn),2000,1461.4,A,587516,A,402014,A
60,222,El Salvador,56,Maize (corn),2000,2247.5,A,582676,A,259259,A
90,324,Guinea,56,Maize (corn),2000,1423,A,329025,A,231220,A
101,360,Indonesia,56,Maize (corn),2000,2764.9,A,9677000,A,3500000,A
102,364,Iran (Islamic Republic of),56,Maize (corn),2000,6165.5,A,1119707,A,181607,A
108,398,Kazakhstan,56,Maize (corn),2000,3335,A,248790,A,74600,A
117,410,Republic of Korea,56,Maize (corn),2000,4061.6,A,64205,A,15808,A
132,462,Maldives,56,Maize (corn),2000,2376.4,E,49.91,I,21,E
133,466,Mali,56,Maize (corn),2000,1332.2,A,214548,A,161053,A
157,558,Nicaragua,56,Maize (corn),2000,1267.7,A,412195,A,325143,A
169,600,Paraguay,56,Maize (corn),2000,1951.2,A,647270,A,331725,A
171,608,Philippines,56,Maize (corn),2000,1797,A,4511104,A,2510342,A
174,620,Portugal,56,Maize (corn),2000,5780.8,A,881589,A,152504,A
176,626,Timor-Leste,56,Maize (corn),2000,1608.2,E,88449,X,55000,E
194,682,Saudi Arabia,56,Maize (corn),2000,6282,A,40607,A,6464,A
195,686,Senegal,56,Maize (corn),2000,1111.4,A,78593,A,70715,A
211,756,Switzerland,56,Maize (corn),2000,9651.9,A,212400,A,22006,A
234,858,Uruguay,56,Maize (corn),2000,1529.6,A,64700,A,42300,A
10,36,Australia,56,Maize (corn),2000,4936,A,406043,A,82262,A
29,108,Burundi,56,Maize (corn),2000,1052.1,E,117840,A,112000,E
48,188,Costa Rica,56,Maize (corn),2000,1811.1,A,18502,A,10216,A
53,204,Benin,56,Maize (corn),2000,1148.1,A,750442,A,653630,A
55,212,Dominica,56,Maize (corn),2000,1357.3,E,175.21,I,129,I
69,254,French Guiana,56,Maize (corn),2000,725.3,E,66,I,91,I
73,268,Georgia,56,Maize (corn),2000,1616.1,A,295911,A,183103,A
113,417,Kyrgyzstan,56,Maize (corn),2000,5752.3,A,338263,A,58805,A
149,524,Nepal,56,Maize (corn),2000,1727.5,A,1414850,A,819010,A
170,604,Peru,56,Maize (corn),2000,2411.9,A,1240969,A,514527,A
223,792,Türkiye,56,Maize (corn),2000,4160.5,A,2300000,A,552820,A
238,231,Ethiopia,56,Maize (corn),2000,1620.4,A,2682940,A,1655750,A
214,158,"China, Taiwan Province of",56,Maize (corn),2000,5920.5,A,178315,A,30118,A
44,170,Colombia,56,Maize (corn),2000,2106.4,A,1204471,A,571812,A
93,332,Haiti,56,Maize (corn),2000,750,A,202500,A,270000,A
120,418,Lao People's Democratic Republic,56,Maize (corn),2000,2387.8,A,117000,A,49000,A
137,480,Mauritius,56,Maize (corn),2000,8900,A,623,A,70,A
166,591,Panama,56,Maize (corn),2000,1513.5,A,84605,A,55899,A
249,887,Yemen,56,Maize (corn),2000,1477.8,A,47625,A,32226,A
4,12,Algeria,56,Maize (corn),2000,3618.6,A,1556,A,430,A
12,44,Bahamas,56,Maize (corn),2000,2476.2,E,312,A,126,E
255,56,Belgium,56,Maize (corn),2000,11100.6,A,397400,A,35800,A
39,148,Chad,56,Maize (corn),2000,753,A,64014,A,85014,A
66,242,Fiji,56,Maize (corn),2000,1802.9,A,979,A,543,A
79,276,Germany,56,Maize (corn),2000,9211.9,A,3324018,A,360841,A
122,426,Lesotho,56,Maize (corn),2000,677.3,A,106800,A,157680,A
256,442,Luxembourg,56,Maize (corn),2000,8000,A,2040,A,255,A
177,630,Puerto Rico,56,Maize (corn),2000,1988.8,E,662.15,I,333,I
233,854,Burkina Faso,56,Maize (corn),2000,1754.3,A,423494,A,241401,A
11,40,Austria,56,Maize (corn),2000,9860,A,1851727.72,A,187802,A
27,100,Bulgaria,56,Maize (corn),2000,1723.9,A,804134,A,466475,A
56,214,Dominican Republic,56,Maize (corn),2000,1234.3,A,23919,A,19379,A
97,348,Hungary,56,Maize (corn),2000,4179,A,4984332,A,1192702,A
144,508,Mozambique,56,Maize (corn),2000,939.9,A,1180432,A,1255866,A
189,662,Saint Lucia,56,Maize (corn),2000,,,,M,,M
52,31,Azerbaijan,56,Maize (corn),2000,3248.4,A,103527,A,31870,A
209,748,Eswatini,56,Maize (corn),2000,1645.6,A,112779,A,68533,A
38,144,Sri Lanka,56,Maize (corn),2000,1083.8,A,31050,A,28648,A
14,52,Barbados,56,Maize (corn),2000,2608.7,E,300,E,115,E
23,84,Belize,56,Maize (corn),2000,2237.4,A,31722,A,14178,A
112,400,Jordan,56,Maize (corn),2000,,,,E,,E
175,624,Guinea-Bissau,56,Maize (corn),2000,987.4,E,25673,A,26000,E
217,768,Togo,56,Maize (corn),2000,1202,A,482055,A,401053,A
235,860,Uzbekistan,56,Maize (corn),2000,2654.5,A,130600,A,49200,A
46,178,Congo,56,Maize (corn),2000,800,A,6355,A,7944,A
40,152,Chile,56,Maize (corn),2000,9412,A,652019,A,69275,A
4,12,Algeria,56,Maize (corn),2001,2717.5,A,1087,A,400,A
7,24,Angola,56,Maize (corn),2001,575.4,A,428769,A,745169,A
45,174,Comoros,56,Maize (corn),2001,2089.5,E,3812,A,1824,I
56,214,Dominican Republic,56,Maize (corn),2001,1339,A,36515,A,27271,A
60,222,El Salvador,56,Maize (corn),2001,1943.1,A,571471,A,294105,A
68,250,France,56,Maize (corn),2001,8571.1,A,16420734.7,A,1915822,A
72,262,Djibouti,56,Maize (corn),2001,1714.3,E,12,E,7,E
90,324,Guinea,56,Maize (corn),2001,1443,A,356893,A,247327,A
95,340,Honduras,56,Maize (corn),2001,1499.2,A,516079,A,344225,A
106,380,Italy,56,Maize (corn),2001,9513.5,A,10553706,A,1109341,A
108,398,Kazakhstan,56,Maize (corn),2001,3712.5,A,320390,A,86300,A
116,408,Democratic People's Republic of Korea,56,Maize (corn),2001,2988.1,A,1483000,A,496300,A
118,414,Kuwait,56,Maize (corn),2001,19921.7,A,6614,A,332,A
122,426,Lesotho,56,Maize (corn),2001,891.3,A,158190,A,177485,A
132,462,Maldives,56,Maize (corn),2001,2673.5,E,61.49,I,23,E
133,466,Mali,56,Maize (corn),2001,1158.5,A,301931,A,260627,A
145,583,Micronesia (Federated States of),56,Maize (corn),2001,1235.8,E,53.32,I,43,I
158,562,Niger,56,Maize (corn),2001,261.2,A,2325,A,8901,A
170,604,Peru,56,Maize (corn),2001,2588.7,A,1310920,A,506400,A
184,646,Rwanda,56,Maize (corn),2001,767.1,A,80979,A,105560,A
207,740,Suriname,56,Maize (corn),2001,1944.4,A,70,A,36,A
221,512,Oman,56,Maize (corn),2001,7520.4,E,20645.3,I,2745,I
223,792,Türkiye,56,Maize (corn),2001,4006.3,A,2200000,A,549136,A
225,784,United Arab Emirates,56,Maize (corn),2001,21316,E,3483.89,I,163,I
238,231,Ethiopia,56,Maize (corn),2001,1742.7,A,3298330,A,1892690,A
16,50,Bangladesh,56,Maize (corn),2001,3221.6,A,64335,A,19970,A
19,68,Bolivia (Plurinational State of),56,Maize (corn),2001,2214.3,A,677829,A,306118,A
21,76,Brazil,56,Maize (corn),2001,3401.9,A,41962475,A,12335175,A
35,132,Cabo Verde,56,Maize (corn),2001,637.3,A,19549,A,30674,A
37,140,Central African Republic,56,Maize (corn),2001,1070,E,107000,A,100000,E
98,191,Croatia,56,Maize (corn),2001,5665.9,A,1733003,A,305867,A
250,180,Democratic Republic of the Congo,56,Maize (corn),2001,799,A,1169188,A,1463314,A
178,232,Eritrea,56,Maize (corn),2001,785.1,A,9051,A,11529,A
73,268,Georgia,56,Maize (corn),2001,1563.7,A,288562,A,184543,A
103,368,Iraq,56,Maize (corn),2001,2361.3,X,232000,X,98250,X
110,392,Japan,56,Maize (corn),2001,2500,E,170,E,68,A
114,404,Kenya,56,Maize (corn),2001,1701.2,A,2790000,A,1640000,A
126,440,Lithuania,56,Maize (corn),2001,2312.6,E,10859.83,I,4696,I
256,442,Luxembourg,56,Maize (corn),2001,9098.7,A,4331,A,476,A
130,454,Malawi,56,Maize (corn),2001,1184.5,A,1713064,A,1446260,A
166,591,Panama,56,Maize (corn),2001,1357.1,A,77194,A,56880,A
171,608,Philippines,56,Maize (corn),2001,1819.8,A,4525012,A,2486588,A
173,616,Poland,56,Maize (corn),2001,6068.3,A,1361938,A,224435,A
174,620,Portugal,56,Maize (corn),2001,5892.9,A,912143,A,154786,A
179,634,Qatar,56,Maize (corn),2001,12529.9,A,1466,A,117,A
146,498,Republic of Moldova,56,Maize (corn),2001,2371.4,A,1117620,A,471297,A
191,670,Saint Vincent and the Grenadines,56,Maize (corn),2001,14285.7,E,500,E,35,E
193,678,Sao Tome and Principe,56,Maize (corn),2001,2173.9,E,2500,E,1150,E
194,682,Saudi Arabia,56,Maize (corn),2001,4061.2,A,19920,A,4905,A
199,703,Slovakia,56,Maize (corn),2001,5023.5,A,616041,A,122631,A
38,144,Sri Lanka,56,Maize (corn),2001,1118.2,A,28750,A,25710,A
220,780,Trinidad and Tobago,56,Maize (corn),2001,2587.1,E,1811,A,700,E
213,795,Turkmenistan,56,Maize (corn),2001,1000,X,10000,X,10000,X
231,840,United States of America,56,Maize (corn),2001,8673.3,A,241376650,A,27829720,A
234,858,Uruguay,56,Maize (corn),2001,4664.3,A,266800,A,57200,A
249,887,Yemen,56,Maize (corn),2001,1441.7,A,50373,A,34941,A
10,36,Australia,56,Maize (corn),2001,4647.1,A,344934,A,74225,A
57,112,Belarus,56,Maize (corn),2001,2591.7,A,31100,A,12000,A
20,72,Botswana,56,Maize (corn),2001,199.2,A,4976,A,24977,A
115,116,Cambodia,56,Maize (corn),2001,2761.2,A,185589,A,67213,A
33,124,Canada,56,Maize (corn),2001,6618.7,A,8389200,A,1267500,A
89,320,Guatemala,56,Maize (corn),2001,2068.1,A,1224268.49,A,591965,A
91,328,Guyana,56,Maize (corn),2001,1264.4,E,2023,A,1600,E
138,484,Mexico,56,Maize (corn),2001,2577.7,A,20134300,A,7810850,A
143,504,Morocco,56,Maize (corn),2001,210.7,A,53560,A,254200,A
159,566,Nigeria,56,Maize (corn),2001,1399.9,A,4596000,A,3283000,A
177,630,Puerto Rico,56,Maize (corn),2001,2052.9,E,651.4,I,317,I
185,643,Russian Federation,56,Maize (corn),2001,1729.9,A,808360,A,467300,A
212,760,Syrian Arab Republic,56,Maize (corn),2001,3898.7,A,215663,A,55316,A
11,40,Austria,56,Maize (corn),2001,9086.9,A,1771081,A,194904,A
12,44,Bahamas,56,Maize (corn),2001,3000,E,300,E,100,E
52,31,Azerbaijan,56,Maize (corn),2001,3782.3,A,116723,A,30860,A
74,266,Gabon,56,Maize (corn),2001,1524.2,E,25150,A,16500,E
120,418,Lao People's Democratic Republic,56,Maize (corn),2001,2550,A,111869,A,43870,A
121,422,Lebanon,56,Maize (corn),2001,4323.1,A,3800,A,879,A
150,528,Netherlands (Kingdom of the),56,Maize (corn),2001,8897.1,A,242000,A,27200,A
153,540,New Caledonia,56,Maize (corn),2001,3976.7,E,4689,A,1179,I
156,554,New Zealand,56,Maize (corn),2001,10400,A,176800,A,17000,A
168,598,Papua New Guinea,56,Maize (corn),2001,5928.6,E,8300,E,1400,E
189,662,Saint Lucia,56,Maize (corn),2001,,,,M,,M
198,705,Slovenia,56,Maize (corn),2001,5413.9,A,257546,A,47571,A
208,762,Tajikistan,56,Maize (corn),2001,2951.5,A,34296,A,11620,A
214,158,"China, Taiwan Province of",56,Maize (corn),2001,5833.4,A,165995,A,28456,A
3,8,Albania,56,Maize (corn),2001,3813.5,A,198300,A,52000,A
9,32,Argentina,56,Maize (corn),2001,5455.3,A,15359397,A,2815504,A
27,100,Bulgaria,56,Maize (corn),2001,2471.3,A,872645,A,353113,A
46,178,Congo,56,Maize (corn),2001,803,A,6546,A,8152,A
59,818,Egypt,56,Maize (corn),2001,6979.8,A,6093578,A,873035,A
105,376,Israel,56,Maize (corn),2001,12150,E,58320,X,4800,A
109,388,Jamaica,56,Maize (corn),2001,1206.8,A,2083,A,1726,A
113,417,Kyrgyzstan,56,Maize (corn),2001,6096,A,442772,A,72633,A
137,480,Mauritius,56,Maize (corn),2001,7203.7,A,389,A,54,A
154,807,North Macedonia,56,Maize (corn),2001,3450,A,117300,A,34000,A
155,548,Vanuatu,56,Maize (corn),2001,520.5,E,734,I,1410,I
165,586,Pakistan,56,Maize (corn),2001,1763.1,A,1664400,A,944000,A
201,706,Somalia,56,Maize (corn),2001,1427.4,X,287500,X,201420,X
206,736,Sudan (former),56,Maize (corn),2001,738,A,53000,A,71820,A
8,28,Antigua and Barbuda,56,Maize (corn),2001,1614.9,E,50.77,I,31,I
23,84,Belize,56,Maize (corn),2001,3007.6,A,36735,A,12214,A
32,120,Cameroon,56,Maize (corn),2001,2440.4,A,738627,A,302667,A
41,156,"China, mainland",56,Maize (corn),2001,4698.5,E,114090000,X,24282050,A
48,188,Costa Rica,56,Maize (corn),2001,1661.9,A,12755,A,7675,A
53,204,Benin,56,Maize (corn),2001,1100.2,A,685902,A,623412,A
55,212,Dominica,56,Maize (corn),2001,1359.2,E,173.8,I,128,I
66,242,Fiji,56,Maize (corn),2001,717.1,A,251,A,350,A
101,360,Indonesia,56,Maize (corn),2001,2844.6,A,9347200,A,3285900,A
124,434,Libya,56,Maize (corn),2001,2000,A,2000,A,1000,A
147,516,Namibia,56,Maize (corn),2001,1325.4,A,27700,A,20900,A
149,524,Nepal,56,Maize (corn),2001,1800,A,1484112,A,824525,A
169,600,Paraguay,56,Maize (corn),2001,2330.8,A,947167,A,406365,A
176,626,Timor-Leste,56,Maize (corn),2001,1215.6,E,69000,X,56764,A
197,694,Sierra Leone,56,Maize (corn),2001,1030.9,E,10000,X,9700,E
226,800,Uganda,56,Maize (corn),2001,1800.6,A,1174000,A,652000,A
215,834,United Republic of Tanzania,56,Maize (corn),2001,3135.9,A,2652810,A,845950,A
40,152,Chile,56,Maize (corn),2001,9430.6,A,778498,A,82550,A
44,170,Colombia,56,Maize (corn),2001,2075.5,A,1191901,A,574281,A
79,276,Germany,56,Maize (corn),2001,8837.6,A,3504514,A,396544,A
84,300,Greece,56,Maize (corn),2001,10346.3,A,2192364.65,A,211899,A
107,384,Côte d'Ivoire,56,Maize (corn),2001,2097.5,A,584538,A,278680,A
112,400,Jordan,56,Maize (corn),2001,,,,E,,E
131,458,Malaysia,56,Maize (corn),2001,,,,M,,M
183,642,Romania,56,Maize (corn),2001,3123.2,A,9119194,A,2919800,A
186,891,Serbia and Montenegro,56,Maize (corn),2001,4831.5,A,5921000,A,1225488,A
195,686,Senegal,56,Maize (corn),2001,1227.9,A,108546,A,88399,A
211,756,Switzerland,56,Maize (corn),2001,8944.1,A,217600,A,24329,A
216,764,Thailand,56,Maize (corn),2001,3732.9,A,4496960,A,1204697,A
217,768,Togo,56,Maize (corn),2001,1307.1,A,537960,A,411581,A
233,854,Burkina Faso,56,Maize (corn),2001,1811.5,A,606291,A,334682,A
235,860,Uzbekistan,56,Maize (corn),2001,3651.2,A,141300,A,38700,A
237,704,Viet Nam,56,Maize (corn),2001,2963.3,A,2161700,A,729500,A
14,52,Barbados,56,Maize (corn),2001,2604.2,E,250,E,96,E
18,64,Bhutan,56,Maize (corn),2001,1578.9,E,60000,E,38000,E
58,218,Ecuador,56,Maize (corn),2001,764.2,A,337057,A,441087,A
209,748,Eswatini,56,Maize (corn),2001,1426.7,A,82536,A,57851,A
97,348,Hungary,56,Maize (corn),2001,6245.6,A,7857710,A,1258120,A
144,508,Mozambique,56,Maize (corn),2001,958,E,1143263,A,1193380,X
28,104,Myanmar,56,Maize (corn),2001,2091.8,A,524000,A,250501,A
203,724,Spain,56,Maize (corn),2001,9720.8,A,4981901,A,512500,A
230,804,Ukraine,56,Maize (corn),2001,3242.5,A,3640700,A,1122800,A
255,56,Belgium,56,Maize (corn),2001,11352.2,A,460900,A,40600,A
80,70,Bosnia and Herzegovina,56,Maize (corn),2001,3852.3,A,770557,A,200024,A
102,364,Iran (Islamic Republic of),56,Maize (corn),2001,6161.3,A,1064186.4,A,172721,A
117,410,Republic of Korea,56,Maize (corn),2001,4027.2,A,57218,A,14208,A
129,450,Madagascar,56,Maize (corn),2001,929,A,179550,A,193270,A
136,478,Mauritania,56,Maize (corn),2001,1001.6,A,6168,A,6158,A
157,558,Nicaragua,56,Maize (corn),2001,1324.1,A,419863,A,317090,A
202,710,South Africa,56,Maize (corn),2001,2437.1,A,7772000,A,3189000,A
236,862,Venezuela (Bolivarian Republic of),56,Maize (corn),2001,3448.6,A,1801061,A,522252,A
29,108,Burundi,56,Maize (corn),2001,1081.7,E,124395,A,115000,E
69,254,French Guiana,56,Maize (corn),2001,734.7,E,72,I,98,I
93,332,Haiti,56,Maize (corn),2001,692.3,A,180000,A,260000,A
182,638,Réunion,56,Maize (corn),2001,7741.9,E,12000,E,1550,E
251,894,Zambia,56,Maize (corn),2001,1378,A,802000,A,582000,A
181,716,Zimbabwe,56,Maize (corn),2001,1230.9,A,1526328,A,1239988,A
2,4,Afghanistan,56,Maize (corn),2001,2000,A,160000,A,80000,A
100,356,India,56,Maize (corn),2001,1993.3,A,13071900,A,6558000,A
75,270,Gambia,56,Maize (corn),2001,1685.2,A,28988,A,17202,A
81,288,Ghana,56,Maize (corn),2001,1315,A,937973,A,713303,A
175,624,Guinea-Bissau,56,Maize (corn),2001,970,A,28088,A,28957,A
39,148,Chad,56,Maize (corn),2001,526.7,A,105295,A,199917,A
49,192,Cuba,56,Maize (corn),2001,2330.5,A,298900,A,128253,A
54,208,Denmark,56,Maize (corn),2001,,,,M,,M
86,308,Grenada,56,Maize (corn),2001,1001.8,E,307.08,I,307,I
1,51,Armenia,56,Maize (corn),2001,3791.3,A,9865,A,2602,A
167,203,Czechia,56,Maize (corn),2001,6597.8,A,408653,A,61938,A
7,24,Angola,56,Maize (corn),2002,670.6,A,546860,A,815428,A
11,40,Austria,56,Maize (corn),2002,9981.5,A,1955594.68,A,195921,A
18,64,Bhutan,56,Maize (corn),2002,1585.6,A,41412,A,26118,A
19,68,Bolivia (Plurinational State of),56,Maize (corn),2002,2167,A,672772,A,310465,A
20,72,Botswana,56,Maize (corn),2002,294.7,A,16447,A,55803,A
28,104,Myanmar,56,Maize (corn),2002,2211.6,A,593400,A,268307,A
33,124,Canada,56,Maize (corn),2002,7012.8,A,8998800,A,1283200,A
39,148,Chad,56,Maize (corn),2002,712.8,A,84349,A,118338,A
41,156,"China, mainland",56,Maize (corn),2002,4871.4,E,120000000,X,24633710,A
44,170,Colombia,56,Maize (corn),2002,2277.3,A,1263544,A,554850,A
56,214,Dominican Republic,56,Maize (corn),2002,1296,A,30267,A,23355,A
58,218,Ecuador,56,Maize (corn),2002,1431.9,A,583361,A,407393,A
66,242,Fiji,56,Maize (corn),2002,1714.8,E,631,A,368,I
97,348,Hungary,56,Maize (corn),2002,5076.2,A,6120937,A,1205817,A
107,384,Côte d'Ivoire,56,Maize (corn),2002,2168.7,A,592267,A,273101,A
114,404,Kenya,56,Maize (corn),2002,1512.6,A,2408596,A,1592315,A
115,116,Cambodia,56,Maize (corn),2002,2079.7,A,148897,A,71594,A
122,426,Lesotho,56,Maize (corn),2002,808.8,A,111110,A,137380,A
133,466,Mali,56,Maize (corn),2002,1147.8,A,365174,A,318161,A
144,508,Mozambique,56,Maize (corn),2002,706.5,A,1114774,A,1577800,A
146,498,Republic of Moldova,56,Maize (corn),2002,2672.1,A,1193650,A,446715,A
153,540,New Caledonia,56,Maize (corn),2002,3922,E,3922,A,1000,E
159,566,Nigeria,56,Maize (corn),2002,1489.9,A,4890000,A,3282000,A
175,624,Guinea-Bissau,56,Maize (corn),2002,1494.1,A,22113,A,14800,A
223,792,Türkiye,56,Maize (corn),2002,4216.3,A,2100000,A,498064,A
226,800,Uganda,56,Maize (corn),2002,1800.3,A,1217000,A,676000,A
4,12,Algeria,56,Maize (corn),2002,3348,A,837,A,250,A
1,51,Armenia,56,Maize (corn),2002,3738,A,12156,A,3252,A
12,44,Bahamas,56,Maize (corn),2002,3050,E,305,E,100,E
57,112,Belarus,56,Maize (corn),2002,3288.9,A,29600,A,9000,A
29,108,Burundi,56,Maize (corn),2002,1093.1,A,126799,A,116000,A
89,320,Guatemala,56,Maize (corn),2002,2065.9,A,1241722.72,A,601051,A
109,388,Jamaica,56,Maize (corn),2002,1181.8,A,1755,A,1485,A
132,462,Maldives,56,Maize (corn),2002,3000,E,60,E,20,E
143,504,Morocco,56,Maize (corn),2002,749.4,A,198880,A,265400,A
157,558,Nicaragua,56,Maize (corn),2002,1336.9,A,499455,A,373595,A
165,586,Pakistan,56,Maize (corn),2002,1844.8,A,1737100,A,941600,A
170,604,Peru,56,Maize (corn),2002,2670.8,A,1290862,A,483322,A
183,642,Romania,56,Maize (corn),2002,3042.1,A,8399779,A,2761223,A
185,643,Russian Federation,56,Maize (corn),2002,2742.2,A,1499425,A,546800,A
195,686,Senegal,56,Maize (corn),2002,743.4,A,80372,A,108114,A
207,740,Suriname,56,Maize (corn),2002,1967.7,A,61,A,31,A
230,804,Ukraine,56,Maize (corn),2002,3516.7,A,4180300,A,1188700,A
231,840,United States of America,56,Maize (corn),2002,8118,A,227766880,A,28057160,A
235,860,Uzbekistan,56,Maize (corn),2002,4190.9,A,147100,A,35100,A
236,862,Venezuela (Bolivarian Republic of),56,Maize (corn),2002,3110.8,A,1392029,A,447483,A
10,36,Australia,56,Maize (corn),2002,5492.9,A,453853,A,82626,A
16,50,Bangladesh,56,Maize (corn),2002,4034.9,A,117255,A,29060,A
23,84,Belize,56,Maize (corn),2002,2334,A,33390,A,14306,A
80,70,Bosnia and Herzegovina,56,Maize (corn),2002,4544.4,A,903231,A,198755,A
32,120,Cameroon,56,Maize (corn),2002,2067.9,A,861456,A,416579,A
45,174,Comoros,56,Maize (corn),2002,2088.9,E,3835,A,1836,I
49,192,Cuba,56,Maize (corn),2002,2527.8,A,309000,A,122240,A
116,408,Democratic People's Republic of Korea,56,Maize (corn),2002,3326,A,1651000,A,496390,A
55,212,Dominica,56,Maize (corn),2002,1364.1,E,176.14,I,129,I
93,332,Haiti,56,Maize (corn),2002,747.5,E,179400,A,240000,E
103,368,Iraq,56,Maize (corn),2002,2443.3,A,248000,A,101500,A
118,414,Kuwait,56,Maize (corn),2002,20061.3,A,10793,A,538,A
129,450,Madagascar,56,Maize (corn),2002,884.5,A,171950,A,194405,A
130,454,Malawi,56,Maize (corn),2002,1046,A,1556975,A,1488449,A
131,458,Malaysia,56,Maize (corn),2002,,,,M,,M
138,484,Mexico,56,Maize (corn),2002,2710.5,A,19297800,A,7119724,A
147,516,Namibia,56,Maize (corn),2002,1323.8,E,27800,A,21000,E
168,598,Papua New Guinea,56,Maize (corn),2002,5288.3,E,8500,E,1607,I
171,608,Philippines,56,Maize (corn),2002,1803.1,A,4319262,A,2395456,A
174,620,Portugal,56,Maize (corn),2002,5728.5,A,802707,A,140124,A
184,646,Rwanda,56,Maize (corn),2002,876.3,A,91686,A,104628,A
182,638,Réunion,56,Maize (corn),2002,7687.3,E,11700,X,1522,I
198,705,Slovenia,56,Maize (corn),2002,8157.4,A,371365,A,45525,A
203,724,Spain,56,Maize (corn),2002,9514.2,A,4425373,A,465134,A
155,548,Vanuatu,56,Maize (corn),2002,526.2,E,741.91,I,1410,I
181,716,Zimbabwe,56,Maize (corn),2002,455.4,A,604758,A,1327854,A
2,4,Afghanistan,56,Maize (corn),2002,2980,A,298000,A,100000,A
8,28,Antigua and Barbuda,56,Maize (corn),2002,1562.5,E,50,E,32,E
48,188,Costa Rica,56,Maize (corn),2002,1711.9,A,11600,A,6776,A
53,204,Benin,56,Maize (corn),2002,1164.4,A,797496,A,684882,A
90,324,Guinea,56,Maize (corn),2002,1466.4,A,388679,A,265060,A
95,340,Honduras,56,Maize (corn),2002,1365.5,A,503561,A,368770,A
106,380,Italy,56,Maize (corn),2002,9491.8,A,10554422,A,1111952,A
117,410,Republic of Korea,56,Maize (corn),2002,4221.8,A,73223,A,17344,A
121,422,Lebanon,56,Maize (corn),2002,3243.5,A,2744,A,846,A
124,434,Libya,56,Maize (corn),2002,1500,A,1500,A,1000,A
126,440,Lithuania,56,Maize (corn),2002,2862.1,A,8300,A,2900,A
145,583,Micronesia (Federated States of),56,Maize (corn),2002,1241.8,E,54.3,I,44,I
176,626,Timor-Leste,56,Maize (corn),2002,1755.1,A,93714,A,53396,A
199,703,Slovakia,56,Maize (corn),2002,5388.7,A,756626,A,140411,A
206,736,Sudan (former),56,Maize (corn),2002,835.7,X,53000,X,63420,X
212,760,Syrian Arab Republic,56,Maize (corn),2002,4192.1,A,231888,A,55316,A
214,158,"China, Taiwan Province of",56,Maize (corn),2002,6964.1,A,188915,A,27127,A
256,442,Luxembourg,56,Maize (corn),2002,7107.4,A,2317,A,326,A
46,178,Congo,56,Maize (corn),2002,806,A,6742,A,8365,A
59,818,Egypt,56,Maize (corn),2002,7765.6,A,6430962,A,828132,A
73,268,Georgia,56,Maize (corn),2002,2052.3,A,400066,A,194932,A
84,300,Greece,56,Maize (corn),2002,9954.4,A,2219399.54,A,222958,A
86,308,Grenada,56,Maize (corn),2002,997.1,E,317.12,I,318,I
91,328,Guyana,56,Maize (corn),2002,1405.6,E,2000,E,1423,I
102,364,Iran (Islamic Republic of),56,Maize (corn),2002,6725.7,A,1438532.6,A,213887,A
105,376,Israel,56,Maize (corn),2002,12429.7,E,65380,X,5260,A
137,480,Mauritius,56,Maize (corn),2002,7763.2,A,295,A,38,A
150,528,Netherlands (Kingdom of the),56,Maize (corn),2002,9704.6,A,230000,A,23700,A
177,630,Puerto Rico,56,Maize (corn),2002,2116.3,E,637.52,I,301,I
178,232,Eritrea,56,Maize (corn),2002,207.6,A,3008,A,14491,A
189,662,Saint Lucia,56,Maize (corn),2002,,,,M,,M
208,762,Tajikistan,56,Maize (corn),2002,3511.7,A,55379,A,15770,A
209,748,Eswatini,56,Maize (corn),2002,996.2,A,67639,A,67898,A
221,512,Oman,56,Maize (corn),2002,7550.8,E,19928.01,I,2639,I
237,704,Viet Nam,56,Maize (corn),2002,3075.9,A,2511200,A,816400,A
250,180,Democratic Republic of the Congo,56,Maize (corn),2002,779,A,1154570,A,1482118,A
251,894,Zambia,56,Maize (corn),2002,1670.9,A,606172,A,362787,A
3,8,Albania,56,Maize (corn),2002,3946,A,197300,A,50000,A
14,52,Barbados,56,Maize (corn),2002,2626.5,E,218,A,83,E
98,191,Croatia,56,Maize (corn),2002,6376.7,A,1956418,A,306805,A
167,203,Czechia,56,Maize (corn),2002,8732.2,A,616234,A,70570,A
60,222,El Salvador,56,Maize (corn),2002,2604.1,A,644363,A,247441,A
238,231,Ethiopia,56,Maize (corn),2002,1875.3,A,2825555,A,1506759,A
79,276,Germany,56,Maize (corn),2002,9375.5,A,3738448,A,398745,A
108,398,Kazakhstan,56,Maize (corn),2002,4137,A,435210,A,105200,A
120,418,Lao People's Democratic Republic,56,Maize (corn),2002,2761,A,124122,A,44956,A
158,562,Niger,56,Maize (corn),2002,585.3,A,2907,A,4967,A
191,670,Saint Vincent and the Grenadines,56,Maize (corn),2002,14857.1,E,520,E,35,E
193,678,Sao Tome and Principe,56,Maize (corn),2002,2107.4,E,2550,E,1210,E
217,768,Togo,56,Maize (corn),2002,1265.2,A,510084,A,403153,A
225,784,United Arab Emirates,56,Maize (corn),2002,21636.3,E,3017.91,I,139,I
233,854,Burkina Faso,56,Maize (corn),2002,1738.1,A,653081,A,375755,A
186,891,Serbia and Montenegro,56,Maize (corn),2002,4663.7,A,5597000,A,1200129,A
37,140,Central African Republic,56,Maize (corn),2002,982.6,E,113000,A,115000,E
38,144,Sri Lanka,56,Maize (corn),2002,1128.2,A,26410,A,23410,A
68,250,France,56,Maize (corn),2002,8975.1,A,16418382.6,A,1829333,A
149,524,Nepal,56,Maize (corn),2002,1829.1,A,1510770,A,825980,A
194,682,Saudi Arabia,56,Maize (corn),2002,3643.2,A,29455,A,8085,A
9,32,Argentina,56,Maize (corn),2002,6079.1,A,14712079,A,2420124,A
40,152,Chile,56,Maize (corn),2002,10590.2,A,924211,A,87270,A
113,417,Kyrgyzstan,56,Maize (corn),2002,5780.3,A,373604,A,64634,A
156,554,New Zealand,56,Maize (corn),2002,7654.4,A,148847,A,19446,A
211,756,Switzerland,56,Maize (corn),2002,9216.8,A,189000,A,20506,A
216,764,Thailand,56,Maize (corn),2002,3714.5,A,4259289,A,1146669,A
220,780,Trinidad and Tobago,56,Maize (corn),2002,2535.4,E,3296,A,1300,E
213,795,Turkmenistan,56,Maize (corn),2002,967.7,X,15000,X,15500,X
255,56,Belgium,56,Maize (corn),2002,11196.2,A,530700,A,47400,A
27,100,Bulgaria,56,Maize (corn),2002,4236.4,A,1288105,A,304055,A
69,254,French Guiana,56,Maize (corn),2002,750,E,30,E,40,E
72,262,Djibouti,56,Maize (corn),2002,1666.7,E,10,E,6,E
100,356,India,56,Maize (corn),2002,1688.5,A,11184300,A,6623800,A
101,360,Indonesia,56,Maize (corn),2002,3065.5,A,9585277,A,3126830,A
110,392,Japan,56,Maize (corn),2002,2461.5,E,160,E,65,E
136,478,Mauritania,56,Maize (corn),2002,564.4,A,4778,A,8466,A
166,591,Panama,56,Maize (corn),2002,1507.5,A,79552,A,52770,A
179,634,Qatar,56,Maize (corn),2002,12462.7,A,1670,A,134,A
201,706,Somalia,56,Maize (corn),2002,1427.4,X,287500,X,201420,X
234,858,Uruguay,56,Maize (corn),2002,3355.2,A,163400,A,48700,A
52,31,Azerbaijan,56,Maize (corn),2002,4346.3,A,128029,A,29457,A
21,76,Brazil,56,Maize (corn),2002,3055.9,A,35940832,A,11760965,A
35,132,Cabo Verde,56,Maize (corn),2002,148.5,A,5067,A,34122,A
54,208,Denmark,56,Maize (corn),2002,,,,M,,M
154,807,North Macedonia,56,Maize (corn),2002,4140.4,A,140151,A,33850,A
249,887,Yemen,56,Maize (corn),2002,1270.1,A,41169,A,32415,A
75,270,Gambia,56,Maize (corn),2002,1012.5,A,18580,A,18350,A
112,400,Jordan,56,Maize (corn),2002,,,,E,,E
202,710,South Africa,56,Maize (corn),2002,2851.6,A,10076000,A,3533459,A
74,266,Gabon,56,Maize (corn),2002,1428.6,E,24000,A,16800,E
81,288,Ghana,56,Maize (corn),2002,1490,A,1400000,A,939600,A
197,694,Sierra Leone,56,Maize (corn),2002,787,A,12038,A,15297,A
215,834,United Republic of Tanzania,56,Maize (corn),2002,2565.7,A,4408420,A,1718200,A
169,600,Paraguay,56,Maize (corn),2002,2344.2,A,867270,A,369960,A
173,616,Poland,56,Maize (corn),2002,6156.3,A,1961980,A,318694,A
12,44,Bahamas,56,Maize (corn),2003,3400,E,340,E,100,E
21,76,Brazil,56,Maize (corn),2003,3727.3,A,48327323,A,12965678,A
27,100,Bulgaria,56,Maize (corn),2003,2800,A,1161107,A,414680,A
44,170,Colombia,56,Maize (corn),2003,2651.8,A,1513950,A,570917,A
46,178,Congo,56,Maize (corn),2003,815.2,E,8967,A,11000,E
79,276,Germany,56,Maize (corn),2003,7384.5,A,3421642,A,463355,A
80,70,Bosnia and Herzegovina,56,Maize (corn),2003,2790.1,A,545059,A,195355,A
95,340,Honduras,56,Maize (corn),2003,1557.2,A,514153,A,330169,A
101,360,Indonesia,56,Maize (corn),2003,3241.4,A,10886442,A,3358511,A
107,384,Côte d'Ivoire,56,Maize (corn),2003,2242.2,A,600098,A,267635,A
108,398,Kazakhstan,56,Maize (corn),2003,4323.6,A,437550,A,101200,A
126,440,Lithuania,56,Maize (corn),2003,1000,A,2700,A,2700,A
130,454,Malawi,56,Maize (corn),2003,1225.9,A,1983440,A,1617917,A
132,462,Maldives,56,Maize (corn),2003,3200,E,80,E,25,E
133,466,Mali,56,Maize (corn),2003,1436,A,454758,A,316683,A
138,484,Mexico,56,Maize (corn),2003,2752.5,A,20701400,A,7520900,A
159,566,Nigeria,56,Maize (corn),2003,1499.9,A,5203000,A,3469000,A
168,598,Papua New Guinea,56,Maize (corn),2003,4615.4,E,6000,X,1300,E
171,608,Philippines,56,Maize (corn),2003,1915.3,A,4615625,A,2409828,A
175,624,Guinea-Bissau,56,Maize (corn),2003,1143.5,E,20639,A,18050,I
179,634,Qatar,56,Maize (corn),2003,12529.9,A,1466,A,117,A
193,678,Sao Tome and Principe,56,Maize (corn),2003,2131.1,E,2600,E,1220,E
198,705,Slovenia,56,Maize (corn),2003,5080.2,A,224223,A,44137,A
199,703,Slovakia,56,Maize (corn),2003,4119.5,A,601440,A,146000,A
212,760,Syrian Arab Republic,56,Maize (corn),2003,4097.9,A,226680,A,55316,A
215,834,United Republic of Tanzania,56,Maize (corn),2003,754.9,A,2613970,A,3462540,A
231,840,United States of America,56,Maize (corn),2003,8924.6,A,256229020,A,28710330,A
237,704,Viet Nam,56,Maize (corn),2003,3436.3,A,3136300,A,912700,A
18,64,Bhutan,56,Maize (corn),2003,1850.4,A,49681,A,26849,A
33,124,Canada,56,Maize (corn),2003,7819.3,A,9587300,A,1226100,A
39,148,Chad,56,Maize (corn),2003,907.5,E,117978,A,130000,X
45,174,Comoros,56,Maize (corn),2003,2073.2,E,4000,E,1929,I
48,188,Costa Rica,56,Maize (corn),2003,1727.3,A,14644,A,8478,A
98,191,Croatia,56,Maize (corn),2003,4199.3,A,1279617,A,304722,A
250,180,Democratic Republic of the Congo,56,Maize (corn),2003,779,E,1154800,A,1482413,E
58,218,Ecuador,56,Maize (corn),2003,1689.8,A,625424,A,370119,A
100,356,India,56,Maize (corn),2003,2015.9,A,14613700,A,7249200,A
256,442,Luxembourg,56,Maize (corn),2003,5643.9,A,1902,A,337,A
137,480,Mauritius,56,Maize (corn),2003,6555.6,A,177,A,27,A
154,807,North Macedonia,56,Maize (corn),2003,4059.9,A,141436,A,34837,A
174,620,Portugal,56,Maize (corn),2003,5683.7,A,803897,A,141440,A
197,694,Sierra Leone,56,Maize (corn),2003,1003.8,E,16060,A,16000,E
201,706,Somalia,56,Maize (corn),2003,1362.6,X,268860,X,197320,X
234,858,Uruguay,56,Maize (corn),2003,4585.5,A,178500,A,38927,A
249,887,Yemen,56,Maize (corn),2003,1095.4,A,32841,A,29982,A
255,56,Belgium,56,Maize (corn),2003,10521.6,A,554743,A,52724,A
115,116,Cambodia,56,Maize (corn),2003,3747.2,A,314591,A,83953,A
214,158,"China, Taiwan Province of",56,Maize (corn),2003,6809,A,167909,A,24660,A
41,156,"China, mainland",56,Maize (corn),2003,4812.6,A,115830000,A,24068160,A
116,408,Democratic People's Republic of Korea,56,Maize (corn),2003,3484.9,A,1725000,A,494996,A
56,214,Dominican Republic,56,Maize (corn),2003,1417.6,A,43990.02,A,31031,A
68,250,France,56,Maize (corn),2003,7150.2,A,12045463.6,A,1684639,A
90,324,Guinea,56,Maize (corn),2003,1490.1,A,423295,A,284065,A
103,368,Iraq,56,Maize (corn),2003,2446.2,A,233000,A,95250,A
105,376,Israel,56,Maize (corn),2003,12580.8,A,77120,A,6130,A
106,380,Italy,56,Maize (corn),2003,7481.1,A,8702288,A,1163229,A
109,388,Jamaica,56,Maize (corn),2003,1231.5,A,2043,A,1659,A
114,404,Kenya,56,Maize (corn),2003,1622.4,A,2710848,A,1670914,A
118,414,Kuwait,56,Maize (corn),2003,19810.6,A,19355,A,977,A
136,478,Mauritania,56,Maize (corn),2003,775.5,E,15810,A,20388,I
144,508,Mozambique,56,Maize (corn),2003,871.1,E,1181279,A,1356000,E
156,554,New Zealand,56,Maize (corn),2003,10883,A,211685,A,19451,A
158,562,Niger,56,Maize (corn),2003,508.5,A,2216,A,4358,A
169,600,Paraguay,56,Maize (corn),2003,2384.9,A,1055536,A,442600,A
170,604,Peru,56,Maize (corn),2003,2778.2,A,1353812,A,487296,A
146,498,Republic of Moldova,56,Maize (corn),2003,2555.1,A,1413600,A,553242,A
185,643,Russian Federation,56,Maize (corn),2003,3081.3,A,2030896,A,659100,A
195,686,Senegal,56,Maize (corn),2003,2283.4,A,400907,A,175575,A
38,144,Sri Lanka,56,Maize (corn),2003,1095.7,A,29650,A,27060,A
211,756,Switzerland,56,Maize (corn),2003,4299,A,90700,A,21098,A
155,548,Vanuatu,56,Maize (corn),2003,531.8,E,743.02,I,1397,I
181,716,Zimbabwe,56,Maize (corn),2003,782.9,A,1058786,A,1352368,A
3,8,Albania,56,Maize (corn),2003,4280.5,A,206900,A,48336,A
7,24,Angola,56,Maize (corn),2003,755.9,A,618684,A,818445,A
35,132,Cabo Verde,56,Maize (corn),2003,379.2,X,12154,X,32053,X
40,152,Chile,56,Maize (corn),2003,9997.7,A,1189729,A,119000,A
69,254,French Guiana,56,Maize (corn),2003,807,E,92,I,114,I
75,270,Gambia,56,Maize (corn),2003,1584.9,A,33353,A,21044,A
86,308,Grenada,56,Maize (corn),2003,999.6,E,318.33,I,318,I
97,348,Hungary,56,Maize (corn),2003,3959.1,A,4532147,A,1144735,A
131,458,Malaysia,56,Maize (corn),2003,,,,M,,M
173,616,Poland,56,Maize (corn),2003,5286.2,A,1883677,A,356337,A
183,642,Romania,56,Maize (corn),2003,3070.4,A,9576985,A,3119104,A
206,736,Sudan (former),56,Maize (corn),2003,738,X,53000,X,71820,X
223,792,Türkiye,56,Maize (corn),2003,5015,A,2800000,A,558321,A
8,28,Antigua and Barbuda,56,Maize (corn),2003,1571.4,E,55,E,35,E
9,32,Argentina,56,Maize (corn),2003,6476.7,A,15044529,A,2322857,A
14,52,Barbados,56,Maize (corn),2003,2630,A,263,A,100,A
16,50,Bangladesh,56,Maize (corn),2003,4033.4,A,117255,A,29071,A
20,72,Botswana,56,Maize (corn),2003,214.4,A,1633,A,7617,A
23,84,Belize,56,Maize (corn),2003,2704.6,A,38130,A,14098,A
37,140,Central African Republic,56,Maize (corn),2003,952,E,119000,A,125000,E
49,192,Cuba,56,Maize (corn),2003,2722.2,A,360000,A,132247,A
52,31,Azerbaijan,56,Maize (corn),2003,4445.1,A,143147,A,32203,A
57,112,Belarus,56,Maize (corn),2003,4338.8,A,50156,A,11560,A
122,426,Lesotho,56,Maize (corn),2003,643.9,A,82080,A,127470,A
129,450,Madagascar,56,Maize (corn),2003,1625.5,A,317860,A,195540,A
150,528,Netherlands (Kingdom of the),56,Maize (corn),2003,8392.1,A,206000,A,24547,A
166,591,Panama,56,Maize (corn),2003,1535.2,A,92893,A,60510,A
167,203,Czechia,56,Maize (corn),2003,5576.4,A,476371,A,85426,A
176,626,Timor-Leste,56,Maize (corn),2003,1392.4,X,70175,X,50400,X
186,891,Serbia and Montenegro,56,Maize (corn),2003,3179.8,A,3826000,A,1203237,A
202,710,South Africa,56,Maize (corn),2003,2658.2,A,9705000,A,3650904,A
226,800,Uganda,56,Maize (corn),2003,1831,A,1300000,A,710000,A
251,894,Zambia,56,Maize (corn),2003,1725.6,A,1157860,A,671000,A
2,4,Afghanistan,56,Maize (corn),2003,840,A,210000,A,250000,A
10,36,Australia,56,Maize (corn),2003,6257,A,310049,A,49552,A
1,51,Armenia,56,Maize (corn),2003,4605.9,A,15241,A,3309,A
53,204,Benin,56,Maize (corn),2003,1189.9,A,788320,A,662533,A
55,212,Dominica,56,Maize (corn),2003,1333.3,E,180,E,135,E
238,231,Ethiopia,56,Maize (corn),2003,1531.9,A,2743880,A,1791115,A
66,242,Fiji,56,Maize (corn),2003,1794.3,E,1014,A,565,I
84,300,Greece,56,Maize (corn),2003,10405.6,A,2503784.45,A,240618,A
93,332,Haiti,56,Maize (corn),2003,742.9,E,182000,A,245000,E
110,392,Japan,56,Maize (corn),2003,2497.9,E,155.17,I,62,I
112,400,Jordan,56,Maize (corn),2003,,,,E,,E
113,417,Kyrgyzstan,56,Maize (corn),2003,6089.8,A,398541,A,65444,A
121,422,Lebanon,56,Maize (corn),2003,3548.4,A,3300,A,930,A
145,583,Micronesia (Federated States of),56,Maize (corn),2003,1248.2,E,55.32,I,44,I
165,586,Pakistan,56,Maize (corn),2003,2003.4,A,1897400,A,947100,A
220,780,Trinidad and Tobago,56,Maize (corn),2003,2569.6,E,2955,A,1150,E
11,40,Austria,56,Maize (corn),2003,8695,A,1707771,A,196409,A
28,104,Myanmar,56,Maize (corn),2003,2435.6,A,692900,A,284494,A
54,208,Denmark,56,Maize (corn),2003,,,,M,,M
60,222,El Salvador,56,Maize (corn),2003,2747.1,A,627980,A,228601,A
91,328,Guyana,56,Maize (corn),2003,1250,E,4000,X,3200,E
149,524,Nepal,56,Maize (corn),2003,1876.5,A,1569140,A,836190,A
153,540,New Caledonia,56,Maize (corn),2003,4043.3,E,6065,A,1500,E
157,558,Nicaragua,56,Maize (corn),2003,1495.9,A,588599,A,393474,A
178,232,Eritrea,56,Maize (corn),2003,333.5,A,4456,A,13362,A
184,646,Rwanda,56,Maize (corn),2003,767.2,A,78886,A,102820,A
189,662,Saint Lucia,56,Maize (corn),2003,,,,M,,M
221,512,Oman,56,Maize (corn),2003,7581.2,E,19210.73,I,2534,I
233,854,Burkina Faso,56,Maize (corn),2003,1528.4,A,665508,A,435425,A
235,860,Uzbekistan,56,Maize (corn),2003,4216.1,A,146300,A,34700,A
32,120,Cameroon,56,Maize (corn),2003,1990.8,A,912280,A,458237,A
72,262,Djibouti,56,Maize (corn),2003,1666.7,E,10,E,6,E
147,516,Namibia,56,Maize (corn),2003,1234.7,A,28891,A,23400,A
177,630,Puerto Rico,56,Maize (corn),2003,2184.3,E,516.97,I,237,I
117,410,Republic of Korea,56,Maize (corn),2003,4140.2,A,70242,A,16966,A
182,638,Réunion,56,Maize (corn),2003,7697.2,E,12000,E,1559,I
191,670,Saint Vincent and the Grenadines,56,Maize (corn),2003,14825,E,593,A,40,E
194,682,Saudi Arabia,56,Maize (corn),2003,3805.3,A,35876,A,9428,A
207,740,Suriname,56,Maize (corn),2003,2321.4,A,65,A,28,A
217,768,Togo,56,Maize (corn),2003,1272.8,A,537960,A,422644,A
230,804,Ukraine,56,Maize (corn),2003,3456.9,A,6875100,A,1988800,A
225,784,United Arab Emirates,56,Maize (corn),2003,21957.6,E,2357.56,I,107,I
73,268,Georgia,56,Maize (corn),2003,2425,A,461866,A,190461,A
102,364,Iran (Islamic Republic of),56,Maize (corn),2003,6724.2,A,1653001,A,245827,A
203,724,Spain,56,Maize (corn),2003,9040.8,A,4338700,A,479900,A
216,764,Thailand,56,Maize (corn),2003,3851.3,A,4248989,A,1103271,A
236,862,Venezuela (Bolivarian Republic of),56,Maize (corn),2003,3432.6,A,1823237,A,531147,A
4,12,Algeria,56,Maize (corn),2003,2885.3,A,981,A,340,A
19,68,Bolivia (Plurinational State of),56,Maize (corn),2003,2340.5,A,691643,A,295509,A
29,108,Burundi,56,Maize (corn),2003,1067,E,120575,A,113000,E
59,818,Egypt,56,Maize (corn),2003,7829.3,A,6530427,A,834103,A
74,266,Gabon,56,Maize (corn),2003,1521.9,E,31000,X,20369,I
81,288,Ghana,56,Maize (corn),2003,1627.2,A,1288600,A,791900,A
120,418,Lao People's Democratic Republic,56,Maize (corn),2003,2771,A,143178,A,51670,A
124,434,Libya,56,Maize (corn),2003,1500,X,1500,X,1000,X
143,504,Morocco,56,Maize (corn),2003,561.7,A,138580,A,246700,A
213,795,Turkmenistan,56,Maize (corn),2003,1250,X,20000,X,16000,X
209,748,Eswatini,56,Maize (corn),2003,1023.5,A,69273,A,67682,A
89,320,Guatemala,56,Maize (corn),2003,2097.1,A,1260451.55,A,601051,A
208,762,Tajikistan,56,Maize (corn),2003,3769.9,A,94850,A,25160,A
9,32,Argentina,56,Maize (corn),2004,6393.1,A,14950825,A,2338602,A
32,120,Cameroon,56,Maize (corn),2004,1916.6,A,966106,A,504060,A
35,132,Cabo Verde,56,Maize (corn),2004,385.2,E,10000,X,25963,A
37,140,Central African Republic,56,Maize (corn),2004,961.5,E,125000,X,130000,E
53,204,Benin,56,Maize (corn),2004,1179,A,842017,A,714154,A
59,818,Egypt,56,Maize (corn),2004,7908.7,A,6236140,A,788520,A
74,266,Gabon,56,Maize (corn),2004,1542.2,E,30228.03,I,19600,E
81,288,Ghana,56,Maize (corn),2004,1579.4,A,1157621,A,732955,A
84,300,Greece,56,Maize (corn),2004,10108.8,A,2455463,A,242903,A
93,332,Haiti,56,Maize (corn),2004,761.5,E,198000,A,260000,E
102,364,Iran (Islamic Republic of),56,Maize (corn),2004,7017.2,A,1926078,A,274479,A
105,376,Israel,56,Maize (corn),2004,15370.7,A,71320,A,4640,A
117,410,Republic of Korea,56,Maize (corn),2004,4260.4,A,77616,A,18218,A
131,458,Malaysia,56,Maize (corn),2004,,,,M,,M
137,480,Mauritius,56,Maize (corn),2004,6473.7,A,369,A,57,A
168,598,Papua New Guinea,56,Maize (corn),2004,4615.4,A,6000,A,1300,A
173,616,Poland,56,Maize (corn),2004,5693.5,A,2344027,A,411704,A
175,624,Guinea-Bissau,56,Maize (corn),2004,1097.8,E,31868,A,29030,I
177,630,Puerto Rico,56,Maize (corn),2004,2250.9,E,473.86,I,211,I
179,634,Qatar,56,Maize (corn),2004,12630.4,A,1162,A,92,A
186,891,Serbia and Montenegro,56,Maize (corn),2004,5468.8,A,6579000,A,1203000,A
189,662,Saint Lucia,56,Maize (corn),2004,,,,M,,M
195,686,Senegal,56,Maize (corn),2004,2719.4,A,400555,A,147298,A
201,706,Somalia,56,Maize (corn),2004,1094.4,E,202470,X,185000,E
206,736,Sudan (former),56,Maize (corn),2004,1027.7,E,60000,E,58380,X
220,780,Trinidad and Tobago,56,Maize (corn),2004,,,,A,,A
235,860,Uzbekistan,56,Maize (corn),2004,4491.7,A,156400,A,34820,A
249,887,Yemen,56,Maize (corn),2004,842.5,A,32410,A,38468,A
251,894,Zambia,56,Maize (corn),2004,1923.9,A,1214000,A,631000,A
7,24,Angola,56,Maize (corn),2004,540.4,A,577000,A,1067772,A
8,28,Antigua and Barbuda,56,Maize (corn),2004,1578.9,E,60,E,38,E
11,40,Austria,56,Maize (corn),2004,9654.4,A,1944882,A,201451,A
29,108,Burundi,56,Maize (corn),2004,1080.7,E,123199,A,114000,E
33,124,Canada,56,Maize (corn),2004,8241,A,8836800,A,1072300,A
45,174,Comoros,56,Maize (corn),2004,2057.5,E,4270.3,I,2075,I
55,212,Dominica,56,Maize (corn),2004,1377.5,E,182.02,I,132,I
58,218,Ecuador,56,Maize (corn),2004,1884.1,A,785191,A,416754,A
178,232,Eritrea,56,Maize (corn),2004,240.9,A,2291,A,9509,A
68,250,France,56,Maize (corn),2004,8990.7,A,16375868,A,1821419,A
69,254,French Guiana,56,Maize (corn),2004,872,E,109,I,125,I
90,324,Guinea,56,Maize (corn),2004,1514.3,A,460994,A,304432,A
91,328,Guyana,56,Maize (corn),2004,1250,E,5500,E,4400,E
106,380,Italy,56,Maize (corn),2004,9497.5,A,11368007,A,1196953,A
108,398,Kazakhstan,56,Maize (corn),2004,4457.5,A,457790,A,102700,A
256,442,Luxembourg,56,Maize (corn),2004,8024.4,A,3611,A,450,A
132,462,Maldives,56,Maize (corn),2004,3360,E,84,A,25,E
136,478,Mauritania,56,Maize (corn),2004,1151.3,E,7138,A,6200,X
144,508,Mozambique,56,Maize (corn),2004,808.5,E,1060396,A,1311600,X
147,516,Namibia,56,Maize (corn),2004,1130.1,A,28244,A,24992,A
153,540,New Caledonia,56,Maize (corn),2004,4051.5,E,5267,A,1300,E
169,600,Paraguay,56,Maize (corn),2004,2545.5,A,1120000,A,440000,A
171,608,Philippines,56,Maize (corn),2004,2142.1,A,5413386,A,2527135,A
174,620,Portugal,56,Maize (corn),2004,5786.9,A,794819,A,137349,A
182,638,Réunion,56,Maize (corn),2004,7647.1,E,13000,E,1700,E
155,548,Vanuatu,56,Maize (corn),2004,532.4,E,755.75,I,1420,I
2,4,Afghanistan,56,Maize (corn),2004,1600,A,400000,A,250000,A
21,76,Brazil,56,Maize (corn),2004,3367.1,A,41787558,A,12410677,A
115,116,Cambodia,56,Maize (corn),2004,3320.2,A,256665,A,77304,A
40,152,Chile,56,Maize (corn),2004,11067.8,A,1320606,A,119320,A
41,156,"China, mainland",56,Maize (corn),2004,5120.3,A,130290000,A,25445670,A
48,188,Costa Rica,56,Maize (corn),2004,1951.7,A,12649,A,6481,A
238,231,Ethiopia,56,Maize (corn),2004,1613.2,A,2906314,A,1801566,A
75,270,Gambia,56,Maize (corn),2004,1207,A,29209,A,24200,A
114,404,Kenya,56,Maize (corn),2004,1929.3,A,2607139,A,1351327,A
120,418,Lao People's Democratic Republic,56,Maize (corn),2004,3014.8,A,203500,A,67500,A
143,504,Morocco,56,Maize (corn),2004,915.2,A,224130,A,244900,A
159,566,Nigeria,56,Maize (corn),2004,1600.2,A,5567000,A,3479000,A
191,670,Saint Vincent and the Grenadines,56,Maize (corn),2004,14444.4,E,650,A,45,E
231,840,United States of America,56,Maize (corn),2004,10063.7,A,299875570,A,29797730,A
234,858,Uruguay,56,Maize (corn),2004,4964,A,223000,A,44923,A
10,36,Australia,56,Maize (corn),2004,5632.6,A,394990,A,70126,A
46,178,Congo,56,Maize (corn),2004,806.2,E,9191,A,11400,E
56,214,Dominican Republic,56,Maize (corn),2004,1492.4,A,37707.7,A,25267,A
72,262,Djibouti,56,Maize (corn),2004,1658.7,E,9.95,I,6,E
86,308,Grenada,56,Maize (corn),2004,1000.6,E,315.18,I,315,E
89,320,Guatemala,56,Maize (corn),2004,2130.7,A,1280668.16,A,601051,A
107,384,Côte d'Ivoire,56,Maize (corn),2004,2224.2,A,619831,A,278679,A
113,417,Kyrgyzstan,56,Maize (corn),2004,6193.8,A,452949,A,73129,A
122,426,Lesotho,56,Maize (corn),2004,634.7,A,80996,A,127620,A
145,583,Micronesia (Federated States of),56,Maize (corn),2004,1255,E,56.38,I,45,I
197,694,Sierra Leone,56,Maize (corn),2004,973.5,E,32125,A,33000,E
207,740,Suriname,56,Maize (corn),2004,2807.7,A,73,A,26,A
225,784,United Arab Emirates,56,Maize (corn),2004,22239.1,E,2190.4,I,98,I
230,804,Ukraine,56,Maize (corn),2004,3855.8,A,8866800,A,2299600,A
250,180,Democratic Republic of the Congo,56,Maize (corn),2004,779,A,1155030,A,1482709,A
255,56,Belgium,56,Maize (corn),2004,12224.6,A,637807,A,52174,A
12,44,Bahamas,56,Maize (corn),2004,3550,E,355,E,100,E
19,68,Bolivia (Plurinational State of),56,Maize (corn),2004,1714.5,A,538091,A,313849,A
39,148,Chad,56,Maize (corn),2004,845.1,A,107422,A,127118,A
80,70,Bosnia and Herzegovina,56,Maize (corn),2004,5131.7,A,990429,A,193002,A
97,348,Hungary,56,Maize (corn),2004,7001.2,A,8332448,A,1190141,A
101,360,Indonesia,56,Maize (corn),2004,3343.9,A,11225243,A,3356914,A
116,408,Democratic People's Republic of Korea,56,Maize (corn),2004,3488.9,A,1727000,A,495000,A
130,454,Malawi,56,Maize (corn),2004,1046,A,1608349,A,1537650,A
150,528,Netherlands (Kingdom of the),56,Maize (corn),2004,8482.1,A,190000,A,22400,A
181,716,Zimbabwe,56,Maize (corn),2004,1296.5,A,2357152,A,1818038,A
194,682,Saudi Arabia,56,Maize (corn),2004,3851.4,A,53538,A,13901,A
202,710,South Africa,56,Maize (corn),2004,3030.5,A,9710070,A,3204110,A
208,762,Tajikistan,56,Maize (corn),2004,4681.1,A,112954,A,24130,A
214,158,"China, Taiwan Province of",56,Maize (corn),2004,6719.3,A,144297,A,21475,A
52,31,Azerbaijan,56,Maize (corn),2004,4607.1,A,152927,A,33194,A
16,50,Bangladesh,56,Maize (corn),2004,4824.3,A,241460,A,50051,A
14,52,Barbados,56,Maize (corn),2004,2659.6,E,250,A,94,E
20,72,Botswana,56,Maize (corn),2004,174.3,A,7529,A,43208,A
38,144,Sri Lanka,56,Maize (corn),2004,1502.3,A,35200,A,23430,A
100,356,India,56,Maize (corn),2004,1868.2,A,13726300,A,7347500,A
103,368,Iraq,56,Maize (corn),2004,2248.6,A,416000,A,185000,A
110,392,Japan,56,Maize (corn),2004,2500,E,150,E,60,E
121,422,Lebanon,56,Maize (corn),2004,6000,A,3300,A,550,A
221,512,Oman,56,Maize (corn),2004,7610.5,E,18493.44,I,2430,I
149,524,Nepal,56,Maize (corn),2004,1905.9,A,1590097,A,834285,A
157,558,Nicaragua,56,Maize (corn),2004,1373,A,443730,A,323191,A
237,704,Viet Nam,56,Maize (corn),2004,3461.7,A,3430900,A,991100,A
198,705,Slovenia,56,Maize (corn),2004,7775,A,357621,A,45996,A
212,760,Syrian Arab Republic,56,Maize (corn),2004,3718.7,A,210166,A,56516,A
216,764,Thailand,56,Maize (corn),2004,3858.7,A,4341474,A,1125119,A
223,792,Türkiye,56,Maize (corn),2004,5507.6,A,3000000,A,544705,A
233,854,Burkina Faso,56,Maize (corn),2004,1266.6,A,481474,A,380124,A
236,862,Venezuela (Bolivarian Republic of),56,Maize (corn),2004,3450.1,A,2126256,A,616284,A
3,8,Albania,56,Maize (corn),2004,4619.7,A,216200,A,46800,A
18,64,Bhutan,56,Maize (corn),2004,4049.5,A,88231,A,21788,A
73,268,Georgia,56,Maize (corn),2004,2194.4,A,410613,A,187117,A
95,340,Honduras,56,Maize (corn),2004,1385.5,A,445110,A,321273,A
109,388,Jamaica,56,Maize (corn),2004,1184.2,A,1601,A,1352,A
118,414,Kuwait,56,Maize (corn),2004,19770.3,A,7058,A,357,A
126,440,Lithuania,56,Maize (corn),2004,2142.9,A,3000,A,1400,A
129,450,Madagascar,56,Maize (corn),2004,1777.9,A,349646,A,196660,A
138,484,Mexico,56,Maize (corn),2004,2818.8,A,21670200,A,7687660,A
146,498,Republic of Moldova,56,Maize (corn),2004,3071.1,A,1794475,A,584311,A
154,807,North Macedonia,56,Maize (corn),2004,4326.2,A,146105,A,33772,A
165,586,Pakistan,56,Maize (corn),2004,2848.8,A,2797000,A,981800,A
166,591,Panama,56,Maize (corn),2004,1519.9,A,91024,A,59890,A
167,203,Czechia,56,Maize (corn),2004,6134.6,A,551628,A,89921,A
184,646,Rwanda,56,Maize (corn),2004,767,E,88209,A,115000,E
185,643,Russian Federation,56,Maize (corn),2004,3875.2,A,3372956,A,870400,A
211,756,Switzerland,56,Maize (corn),2004,9614.2,A,180900,A,18816,A
215,834,United Republic of Tanzania,56,Maize (corn),2004,1465.9,A,4651370,A,3173070,A
1,51,Armenia,56,Maize (corn),2004,6179.1,A,19322,A,3127,A
23,84,Belize,56,Maize (corn),2004,2207.4,A,35350,A,16014,A
44,170,Colombia,56,Maize (corn),2004,2635.7,A,1623214,A,615855,A
60,222,El Salvador,56,Maize (corn),2004,2764.1,A,648045,A,234450,A
209,748,Eswatini,56,Maize (corn),2004,1250,A,68087,A,54470,A
66,242,Fiji,56,Maize (corn),2004,1786.1,A,39,A,22,A
124,434,Libya,56,Maize (corn),2004,2400,A,3600,A,1500,A
28,104,Myanmar,56,Maize (corn),2004,2635.4,A,771100,A,292588,A
199,703,Slovakia,56,Maize (corn),2004,5833.7,A,862435,A,147836,A
203,724,Spain,56,Maize (corn),2004,10069.1,A,4831147,A,479801,A
98,191,Croatia,56,Maize (corn),2004,6305.4,A,1931627,A,306347,A
176,626,Timor-Leste,56,Maize (corn),2004,1580.9,E,82209,A,52000,E
183,642,Romania,56,Maize (corn),2004,4549.7,A,14541564,A,3196130,A
193,678,Sao Tome and Principe,56,Maize (corn),2004,2145.7,E,2650,E,1235,E
217,768,Togo,56,Maize (corn),2004,1092,A,523647,A,479549,A
213,795,Turkmenistan,56,Maize (corn),2004,1000,X,15000,X,15000,X
57,112,Belarus,56,Maize (corn),2004,3529.7,A,38774,A,10985,A
133,466,Mali,56,Maize (corn),2004,1821,A,459463,A,252311,A
156,554,New Zealand,56,Maize (corn),2004,11549.6,A,234248,A,20282,A
170,604,Peru,56,Maize (corn),2004,2673.4,A,1200047,A,448877,A
226,800,Uganda,56,Maize (corn),2004,1440,A,1080000,A,750000,A
27,100,Bulgaria,56,Maize (corn),2004,5540,A,2123022,A,383217,A
49,192,Cuba,56,Maize (corn),2004,2745.7,A,398700,A,145209,A
79,276,Germany,56,Maize (corn),2004,9096.6,A,4199857,A,461697,A
4,12,Algeria,56,Maize (corn),2004,3172.9,A,679,A,214,A
158,562,Niger,56,Maize (corn),2004,750.9,A,3970,A,5287,A
112,400,Jordan,56,Maize (corn),2004,,,,E,,E
54,208,Denmark,56,Maize (corn),2004,,,,M,,M
2,4,Afghanistan,56,Maize (corn),2005,1206.9,A,315000,A,261000,A
16,50,Bangladesh,56,Maize (corn),2005,5331.1,A,356280,A,66830,A
32,120,Cameroon,56,Maize (corn),2005,2133.4,A,1050396,A,492347,A
40,152,Chile,56,Maize (corn),2005,11228.5,A,1507766,A,134280,A
46,178,Congo,56,Maize (corn),2005,808.7,E,9300,A,11500,E
52,31,Azerbaijan,56,Maize (corn),2005,4770.3,A,151389,A,31736,A
58,218,Ecuador,56,Maize (corn),2005,2123.2,A,788837,A,371530,A
73,268,Georgia,56,Maize (corn),2005,2185.1,A,421347,A,192824,A
84,300,Greece,56,Maize (corn),2005,10303.3,A,2546838.02,A,247187,A
107,384,Côte d'Ivoire,56,Maize (corn),2005,2113.8,A,640213,A,302879,A
109,388,Jamaica,56,Maize (corn),2005,1254.7,A,1926,A,1535,A
118,414,Kuwait,56,Maize (corn),2005,19729.7,A,7300,A,370,A
124,434,Libya,56,Maize (corn),2005,2400,A,3600,A,1500,A
126,440,Lithuania,56,Maize (corn),2005,3062.5,A,4900,A,1600,A
131,458,Malaysia,56,Maize (corn),2005,,,,M,,M
132,462,Maldives,56,Maize (corn),2005,3333.3,E,80,E,24,A
137,480,Mauritius,56,Maize (corn),2005,7539.7,A,475,A,63,A
155,548,Vanuatu,56,Maize (corn),2005,531,E,767.18,I,1445,I
159,566,Nigeria,56,Maize (corn),2005,1659.8,A,5957000,A,3589000,A
179,634,Qatar,56,Maize (corn),2005,12477.6,A,836,A,67,A
193,678,Sao Tome and Principe,56,Maize (corn),2005,2223.9,E,2757.64,I,1240,E
197,694,Sierra Leone,56,Maize (corn),2005,976.3,E,39051,A,40000,E
231,840,United States of America,56,Maize (corn),2005,9285.2,A,282262550,A,30399100,A
249,887,Yemen,56,Maize (corn),2005,807.9,A,31108,A,38504,A
250,180,Democratic Republic of the Congo,56,Maize (corn),2005,779,A,1155260,A,1483004,A
255,56,Belgium,56,Maize (corn),2005,11687.2,A,634088,A,54255,A
3,8,Albania,56,Maize (corn),2005,4544.2,A,219900,A,48391,A
57,112,Belarus,56,Maize (corn),2005,3996.5,A,144055,A,36045,A
80,70,Bosnia and Herzegovina,56,Maize (corn),2005,5113.2,A,1004099,A,196372,A
20,72,Botswana,56,Maize (corn),2005,229.7,X,16080,X,70000,X
29,108,Burundi,56,Maize (corn),2005,1083.3,E,125666,A,116000,E
54,208,Denmark,56,Maize (corn),2005,,,,M,,M
55,212,Dominica,56,Maize (corn),2005,1357.1,E,190,E,140,E
60,222,El Salvador,56,Maize (corn),2005,2943.4,A,727607,A,247199,A
93,332,Haiti,56,Maize (corn),2005,780.2,E,200500,A,257000,E
101,360,Indonesia,56,Maize (corn),2005,3453.9,A,12523894,A,3625987,A
102,364,Iran (Islamic Republic of),56,Maize (corn),2005,7221.9,A,1995252,A,276277,A
112,400,Jordan,56,Maize (corn),2005,,,,E,,E
138,484,Mexico,56,Maize (corn),2005,2927.6,A,19338700,A,6605600,A
143,504,Morocco,56,Maize (corn),2005,203.6,A,50120,A,246200,A
144,508,Mozambique,56,Maize (corn),2005,495,A,941517,A,1902200,A
28,104,Myanmar,56,Maize (corn),2005,2829.7,A,903500,A,319297,A
150,528,Netherlands (Kingdom of the),56,Maize (corn),2005,8820.1,A,183000,A,20748,A
191,670,Saint Vincent and the Grenadines,56,Maize (corn),2005,14418.6,E,620,E,43,E
199,703,Slovakia,56,Maize (corn),2005,6965.9,A,1074040,A,154186,A
220,780,Trinidad and Tobago,56,Maize (corn),2005,,,,A,,A
236,862,Venezuela (Bolivarian Republic of),56,Maize (corn),2005,3261.6,A,2193460,A,672520,A
181,716,Zimbabwe,56,Maize (corn),2005,619.5,A,1255822.07,A,2027268,A
9,32,Argentina,56,Maize (corn),2005,7358.7,A,20482572,A,2783436,A
1,51,Armenia,56,Maize (corn),2005,4469.2,A,14127,A,3161,A
10,36,Australia,56,Maize (corn),2005,5798.3,A,419672,A,72378,A
66,242,Fiji,56,Maize (corn),2005,1926.1,E,730,A,379,I
69,254,French Guiana,56,Maize (corn),2005,937.1,E,134,I,143,I
74,266,Gabon,56,Maize (corn),2005,1553.2,E,34169.58,I,22000,E
75,270,Gambia,56,Maize (corn),2005,1051.7,A,29002,A,27576,A
90,324,Guinea,56,Maize (corn),2005,1538.8,A,502051,A,326260,A
122,426,Lesotho,56,Maize (corn),2005,701.1,A,78739,A,112302,A
256,442,Luxembourg,56,Maize (corn),2005,9581.4,A,2060,A,215,A
133,466,Mali,56,Maize (corn),2005,1493.3,A,634464,A,424861,A
154,807,North Macedonia,56,Maize (corn),2005,4490.9,A,148234,A,33008,A
169,600,Paraguay,56,Maize (corn),2005,2075,A,830000,A,400000,A
201,706,Somalia,56,Maize (corn),2005,1176.5,E,200000,E,170000,E
203,724,Spain,56,Maize (corn),2005,9609.9,A,3981370,A,414298,A
206,736,Sudan (former),56,Maize (corn),2005,1000,E,60000,E,60000,E
230,804,Ukraine,56,Maize (corn),2005,4318.5,A,7166600,A,1659500,A
251,894,Zambia,56,Maize (corn),2005,1859.4,A,866187,A,465832,A
8,28,Antigua and Barbuda,56,Maize (corn),2005,1597.4,E,61.12,I,38,I
19,68,Bolivia (Plurinational State of),56,Maize (corn),2005,2185.9,A,738352,A,337779,A
33,124,Canada,56,Maize (corn),2005,8603.5,A,9332200,A,1084700,A
38,144,Sri Lanka,56,Maize (corn),2005,1471.3,A,41800,A,28410,A
45,174,Comoros,56,Maize (corn),2005,2041.8,E,4681.24,I,2293,I
49,192,Cuba,56,Maize (corn),2005,2330,A,362500,A,155579,A
89,320,Guatemala,56,Maize (corn),2005,2336,A,1375986.06,A,589030,A
105,376,Israel,56,Maize (corn),2005,12887.9,A,59671,A,4630,A
120,418,Lao People's Democratic Republic,56,Maize (corn),2005,4332.1,A,372560,A,86000,A
129,450,Madagascar,56,Maize (corn),2005,1546.4,A,391000,A,252838,A
149,524,Nepal,56,Maize (corn),2005,2019.1,A,1716042,A,849892,A
156,554,New Zealand,56,Maize (corn),2005,10930.8,A,210253,A,19235,A
157,558,Nicaragua,56,Maize (corn),2005,1402.1,A,555595,A,396256,A
165,586,Pakistan,56,Maize (corn),2005,2984.3,A,3109600,A,1042000,A
178,232,Eritrea,56,Maize (corn),2005,490.6,A,13581,A,27685,A
183,642,Romania,56,Maize (corn),2005,3981.6,A,10388499,A,2609110,A
184,646,Rwanda,56,Maize (corn),2005,888.9,A,97251,A,109400,A
185,643,Russian Federation,56,Maize (corn),2005,3850,A,3060164,A,794848,A
208,762,Tajikistan,56,Maize (corn),2005,4047.1,A,155813,A,38500,A
213,795,Turkmenistan,56,Maize (corn),2005,941.2,X,16000,X,17000,X
215,834,United Republic of Tanzania,56,Maize (corn),2005,1007.1,A,3131610,A,3109590,A
233,854,Burkina Faso,56,Maize (corn),2005,1805.8,A,799052,A,442497,A
7,24,Angola,56,Maize (corn),2005,673.6,A,734372,A,1090250,A
27,100,Bulgaria,56,Maize (corn),2005,5308.5,A,1585701,A,298712,A
41,156,"China, mainland",56,Maize (corn),2005,5287.3,A,139365000,A,26358300,A
48,188,Costa Rica,56,Maize (corn),2005,2079.4,A,13223,A,6359,A
79,276,Germany,56,Maize (corn),2005,9213.9,A,4082700,A,443100,A
86,308,Grenada,56,Maize (corn),2005,984.4,E,315,E,320,E
95,340,Honduras,56,Maize (corn),2005,1538.7,A,467741,A,303980,A
117,410,Republic of Korea,56,Maize (corn),2005,4841.2,A,73470,A,15176,A
153,540,New Caledonia,56,Maize (corn),2005,3908.8,E,6254,A,1600,E
168,598,Papua New Guinea,56,Maize (corn),2005,4666.7,E,7000,E,1500,E
171,608,Philippines,56,Maize (corn),2005,2151.4,A,5253160,A,2441788,A
174,620,Portugal,56,Maize (corn),2005,4680.5,A,514415,A,109906,A
182,638,Réunion,56,Maize (corn),2005,7768.9,E,11700,X,1506,I
212,760,Syrian Arab Republic,56,Maize (corn),2005,3677.8,A,187200,A,50900,A
35,132,Cabo Verde,56,Maize (corn),2005,243.2,E,3648,A,15000,E
39,148,Chad,56,Maize (corn),2005,1093.8,A,201305,A,184048,A
56,214,Dominican Republic,56,Maize (corn),2005,1420.6,A,35169.51,A,24757,A
106,380,Italy,56,Maize (corn),2005,9367.8,A,10427930,A,1113166,A
116,408,Democratic People's Republic of Korea,56,Maize (corn),2005,2963.6,X,1630000,X,550000,X
175,624,Guinea-Bissau,56,Maize (corn),2005,1082.6,E,39835,A,36796,I
176,626,Timor-Leste,56,Maize (corn),2005,1590,E,92219,A,58000,E
237,704,Viet Nam,56,Maize (corn),2005,3597.9,A,3787100,A,1052600,A
202,710,South Africa,56,Maize (corn),2005,3635.1,A,11715948,A,3223000,A
216,764,Thailand,56,Maize (corn),2005,3816.1,A,4093634,A,1072716,A
234,858,Uruguay,56,Maize (corn),2005,4141.9,A,251000,A,60600,A
12,44,Bahamas,56,Maize (corn),2005,3600,E,360,E,100,E
14,52,Barbados,56,Maize (corn),2005,2736.8,E,260,E,95,E
37,140,Central African Republic,56,Maize (corn),2005,903.4,E,131000,X,145000,E
130,454,Malawi,56,Maize (corn),2005,809.3,A,1225234,A,1513929,A
146,498,Republic of Moldova,56,Maize (corn),2005,3272.8,A,1492000,A,455881,A
158,562,Niger,56,Maize (corn),2005,825.5,A,979,A,1186,A
186,891,Serbia and Montenegro,56,Maize (corn),2005,5814.5,A,7095030,A,1220230,A
198,705,Slovenia,56,Maize (corn),2005,8288.3,A,351168,A,42369,A
209,748,Eswatini,56,Maize (corn),2005,1321,A,74540,A,56425,A
53,204,Benin,56,Maize (corn),2005,1144.7,A,864698,A,755397,A
72,262,Djibouti,56,Maize (corn),2005,1500,E,9,A,6,E
68,250,France,56,Maize (corn),2005,8253.9,A,13689322.4,A,1658529,A
81,288,Ghana,56,Maize (corn),2005,1561.3,A,1171000,A,750000,A
97,348,Hungary,56,Maize (corn),2005,7557.1,A,9050004,A,1197547,A
114,404,Kenya,56,Maize (corn),2005,1640.5,A,2905559,A,1771123,A
121,422,Lebanon,56,Maize (corn),2005,3777.8,A,3400,A,900,A
136,478,Mauritania,56,Maize (corn),2005,815.6,E,12234,A,15000,E
189,662,Saint Lucia,56,Maize (corn),2005,,,,M,,M
207,740,Suriname,56,Maize (corn),2005,1842.1,A,35,A,19,A
217,768,Togo,56,Maize (corn),2005,1157.7,A,509468,A,440082,A
223,792,Türkiye,56,Maize (corn),2005,7000.7,A,4200000,A,599939,A
21,76,Brazil,56,Maize (corn),2005,3040.3,A,35113312,A,11549425,A
23,84,Belize,56,Maize (corn),2005,2619.4,A,47239,A,18034,A
115,116,Cambodia,56,Maize (corn),2005,3515.3,A,247760,A,70480,A
167,203,Czechia,56,Maize (corn),2005,7169.6,A,702933,A,98044,A
108,398,Kazakhstan,56,Maize (corn),2005,4154.6,A,432080,A,104000,A
145,583,Micronesia (Federated States of),56,Maize (corn),2005,1262.2,E,57.47,I,46,I
173,616,Poland,56,Maize (corn),2005,5732.9,A,1945402,A,339342,A
177,630,Puerto Rico,56,Maize (corn),2005,2318,E,428.49,I,185,I
59,818,Egypt,56,Maize (corn),2005,8160.7,A,7085190,A,868210,A
214,158,"China, Taiwan Province of",56,Maize (corn),2005,6310.8,A,133473,A,21150,A
100,356,India,56,Maize (corn),2005,1955.7,A,14851500,A,7594100,A
110,392,Japan,56,Maize (corn),2005,2526.3,E,151.47,I,60,I
113,417,Kyrgyzstan,56,Maize (corn),2005,6064.8,A,437305,A,72106,A
225,784,United Arab Emirates,56,Maize (corn),2005,22523.4,E,2132.96,I,95,I
211,756,Switzerland,56,Maize (corn),2005,9649.7,A,198900,A,20612,A
235,860,Uzbekistan,56,Maize (corn),2005,4886.7,A,164340,A,33630,A
91,328,Guyana,56,Maize (corn),2005,1250,E,4000,E,3200,E
98,191,Croatia,56,Maize (corn),2005,6918.2,A,2206729,A,318973,A
103,368,Iraq,56,Maize (corn),2005,2307.9,A,401000,A,173750,A
195,686,Senegal,56,Maize (corn),2005,2796.1,A,399958,A,143039,A
221,512,Oman,56,Maize (corn),2005,7638.5,E,17776.16,I,2327,I
238,231,Ethiopia,56,Maize (corn),2005,2006,A,3911869,A,1950115,A
4,12,Algeria,56,Maize (corn),2005,3386.4,A,1148,A,339,A
11,40,Austria,56,Maize (corn),2005,10657,A,2020955,A,189637,A
18,64,Bhutan,56,Maize (corn),2005,3060.8,A,93968,A,30700,A
147,516,Namibia,56,Maize (corn),2005,2260.6,A,40723,A,18014,A
166,591,Panama,56,Maize (corn),2005,1491.2,A,81376,A,54570,A
170,604,Peru,56,Maize (corn),2005,2628.9,A,1240780,A,471968,A
194,682,Saudi Arabia,56,Maize (corn),2005,3730.1,A,90634,A,24298,A
226,800,Uganda,56,Maize (corn),2005,1585.9,A,1237000,A,780000,A
44,170,Colombia,56,Maize (corn),2005,2753.7,A,1588316,A,576791,A
9,32,Argentina,56,Maize (corn),2006,5903,A,14445538,A,2447166,A
12,44,Bahamas,56,Maize (corn),2006,3800,E,380,E,100,E
16,50,Bangladesh,56,Maize (corn),2006,5299.8,A,521525,A,98404,A
19,68,Bolivia (Plurinational State of),56,Maize (corn),2006,2607.1,A,894436,A,343080,A
27,100,Bulgaria,56,Maize (corn),2006,4532.8,A,1587805,A,350291,A
28,104,Myanmar,56,Maize (corn),2006,3106.6,A,1015800,A,326986,A
32,120,Cameroon,56,Maize (corn),2006,2222.4,A,1249489,A,562235,A
35,132,Cabo Verde,56,Maize (corn),2006,218,A,6378,A,29263,A
40,152,Chile,56,Maize (corn),2006,11184,A,1381894,A,123560,A
55,212,Dominica,56,Maize (corn),2006,1404.7,E,200,E,142,I
72,262,Djibouti,56,Maize (corn),2006,1666.7,E,10,E,6,E
79,276,Germany,56,Maize (corn),2006,8030.7,A,3220300,A,401000,A
81,288,Ghana,56,Maize (corn),2006,1499.4,A,1189000,A,793000,A
90,324,Guinea,56,Maize (corn),2006,1563.7,A,546765,A,349653,A
95,340,Honduras,56,Maize (corn),2006,1539.4,A,501583,A,325830,A
106,380,Italy,56,Maize (corn),2006,8728.5,A,9671206,A,1107997,A
109,388,Jamaica,56,Maize (corn),2006,1228.4,A,1893,A,1541,A
112,400,Jordan,56,Maize (corn),2006,,,,E,,E
121,422,Lebanon,56,Maize (corn),2006,2952.4,A,3100,A,1050,A
138,484,Mexico,56,Maize (corn),2006,3001.2,A,21893209,A,7294842,A
143,504,Morocco,56,Maize (corn),2006,1219.8,A,297380,A,243800,A
167,203,Czechia,56,Maize (corn),2006,6752.6,A,606366,A,89798,A
169,600,Paraguay,56,Maize (corn),2006,2682.9,A,1652688.29,A,616002,A
175,624,Guinea-Bissau,56,Maize (corn),2006,1050.6,E,41827,A,39813,I
177,630,Puerto Rico,56,Maize (corn),2006,2385.4,E,381.22,I,160,I
195,686,Senegal,56,Maize (corn),2006,1391.9,A,181585,A,130461,A
197,694,Sierra Leone,56,Maize (corn),2006,813.5,E,48813,A,60000,E
201,706,Somalia,56,Maize (corn),2006,1052.6,E,100000,E,95000,E
206,736,Sudan (former),56,Maize (corn),2006,1046.4,A,109000,A,104167,A
213,795,Turkmenistan,56,Maize (corn),2006,1066.7,X,16000,X,15000,X
221,512,Oman,56,Maize (corn),2006,7666.6,E,17058.87,I,2225,I
223,792,Türkiye,56,Maize (corn),2006,7213.9,A,3811000,A,528284,A
226,800,Uganda,56,Maize (corn),2006,1536.1,A,1258029,A,819000,A
231,840,United States of America,56,Maize (corn),2006,9357.7,A,267502850,A,28586490,A
235,860,Uzbekistan,56,Maize (corn),2006,5916.2,A,194228,A,32830,A
236,862,Venezuela (Bolivarian Republic of),56,Maize (corn),2006,3334.2,A,2336834,A,700871,A
20,72,Botswana,56,Maize (corn),2006,251.1,A,15162,A,60373,A
33,124,Canada,56,Maize (corn),2006,8473.7,A,8989800,A,1060900,A
41,156,"China, mainland",56,Maize (corn),2006,5326.3,A,151603008,A,28462980,A
45,174,Comoros,56,Maize (corn),2006,2026.1,E,5196.68,I,2565,I
48,188,Costa Rica,56,Maize (corn),2006,2077,A,13002,A,6260,A
56,214,Dominican Republic,56,Maize (corn),2006,1390,A,30899,A,22230,A
58,218,Ecuador,56,Maize (corn),2006,1877.6,A,733627,A,390725,A
59,818,Egypt,56,Maize (corn),2006,8370.5,A,6374300,A,761524,A
238,231,Ethiopia,56,Maize (corn),2006,2640.4,A,4029630,A,1526125,A
118,414,Kuwait,56,Maize (corn),2006,19897.9,A,12078,A,607,A
113,417,Kyrgyzstan,56,Maize (corn),2006,6069.6,A,437969,A,72158,A
122,426,Lesotho,56,Maize (corn),2006,556.7,A,68762,A,123508,A
130,454,Malawi,56,Maize (corn),2006,1481.4,A,2611486,A,1762839,A
137,480,Mauritius,56,Maize (corn),2006,7793.1,A,452,A,58,A
144,508,Mozambique,56,Maize (corn),2006,838.7,A,1395476,A,1663900,A
147,516,Namibia,56,Maize (corn),2006,2105.3,A,60853,A,28904,A
179,634,Qatar,56,Maize (corn),2006,11857.1,A,830,A,70,A
194,682,Saudi Arabia,56,Maize (corn),2006,5820.3,A,125887,A,21629,A
198,705,Slovenia,56,Maize (corn),2006,6930.5,A,276106,A,39839,A
208,762,Tajikistan,56,Maize (corn),2006,3774,A,138885,A,36800,A
2,4,Afghanistan,56,Maize (corn),2006,2620.4,A,359000,A,137000,A
1,51,Armenia,56,Maize (corn),2006,3327.1,A,8421,A,2531,A
23,84,Belize,56,Maize (corn),2006,2487.9,A,36955,A,14854,A
214,158,"China, Taiwan Province of",56,Maize (corn),2006,6529.7,A,128433,A,19669,A
46,178,Congo,56,Maize (corn),2006,817.4,E,9400,A,11500,E
49,192,Cuba,56,Maize (corn),2006,2500,A,305400,A,122160,A
60,222,El Salvador,56,Maize (corn),2006,3079.4,A,742067,A,240978,A
209,748,Eswatini,56,Maize (corn),2006,1429.1,A,67127,A,46973,A
68,250,France,56,Maize (corn),2006,8581.8,A,12903718.5,A,1503619,A
74,266,Gabon,56,Maize (corn),2006,1561,E,32000,E,20500,E
108,398,Kazakhstan,56,Maize (corn),2006,4631.7,A,413610,A,89300,A
129,450,Madagascar,56,Maize (corn),2006,1589.1,A,405344,A,255070,A
131,458,Malaysia,56,Maize (corn),2006,,,,M,,M
150,528,Netherlands (Kingdom of the),56,Maize (corn),2006,9152.9,A,181200,A,19797,A
157,558,Nicaragua,56,Maize (corn),2006,1462.6,A,501890,A,343160,A
158,562,Niger,56,Maize (corn),2006,1122.7,A,19085,A,16999,A
154,807,North Macedonia,56,Maize (corn),2006,4649.3,A,147494,A,31724,A
165,586,Pakistan,56,Maize (corn),2006,3036.8,A,3088400,A,1017000,A
166,591,Panama,56,Maize (corn),2006,1756.4,A,88856,A,50590,A
183,642,Romania,56,Maize (corn),2006,3575.4,A,8984729,A,2512944,A
185,643,Russian Federation,56,Maize (corn),2006,3615.2,A,3510351,A,971000,A
191,670,Saint Vincent and the Grenadines,56,Maize (corn),2006,13571.4,E,950,E,70,E
272,688,Serbia,56,Maize (corn),2006,5142.6,A,6016765,A,1169976,A
38,144,Sri Lanka,56,Maize (corn),2006,1485.3,A,47530,A,32000,A
211,756,Switzerland,56,Maize (corn),2006,8448.8,A,152400,A,18038,A
237,704,Viet Nam,56,Maize (corn),2006,3731,A,3854500,A,1033100,A
249,887,Yemen,56,Maize (corn),2006,1521.7,A,65890,A,43301,A
10,36,Australia,56,Maize (corn),2006,5385.6,A,361991,A,67215,A
18,64,Bhutan,56,Maize (corn),2006,2647.9,A,80079,A,30243,A
39,148,Chad,56,Maize (corn),2006,1066.6,A,183946,A,172453,A
44,170,Colombia,56,Maize (corn),2006,2536.8,A,1531145,A,603562,A
66,242,Fiji,56,Maize (corn),2006,1916.3,E,939,A,490,E
75,270,Gambia,56,Maize (corn),2006,894.5,A,27750,A,31023,A
98,191,Croatia,56,Maize (corn),2006,6531.2,A,1934517,A,296195,A
168,598,Papua New Guinea,56,Maize (corn),2006,4500,E,7200,E,1600,E
170,604,Peru,56,Maize (corn),2006,2712.9,A,1268975,A,467762,A
181,716,Zimbabwe,56,Maize (corn),2006,977.2,A,1997403,A,2043941,A
182,638,Réunion,56,Maize (corn),2006,7894.7,E,15000,E,1900,E
202,710,South Africa,56,Maize (corn),2006,3412.2,A,6935056,A,2032446,A
234,858,Uruguay,56,Maize (corn),2006,4183.7,A,205000,A,49000,A
250,180,Democratic Republic of the Congo,56,Maize (corn),2006,779,A,1155490,A,1483299,A
14,52,Barbados,56,Maize (corn),2006,2700,E,270,E,100,E
21,76,Brazil,56,Maize (corn),2006,3382.3,A,42661677,A,12613094,A
29,108,Burundi,56,Maize (corn),2006,1015.9,E,116825,A,115000,E
52,31,Azerbaijan,56,Maize (corn),2006,4577.7,A,145883,A,31868,A
57,112,Belarus,56,Maize (corn),2006,3939,A,152631,A,38749,A
80,70,Bosnia and Herzegovina,56,Maize (corn),2006,5064.4,A,993850,A,196244,A
84,300,Greece,56,Maize (corn),2006,10138.3,A,2359004,A,232683,A
93,332,Haiti,56,Maize (corn),2006,779.5,E,205000,A,263000,E
101,360,Indonesia,56,Maize (corn),2006,3469.9,A,11609463,A,3345805,A
115,116,Cambodia,56,Maize (corn),2006,3579.8,A,376938,A,105297,A
117,410,Republic of Korea,56,Maize (corn),2006,4730.5,A,64623,A,13661,A
120,418,Lao People's Democratic Republic,56,Maize (corn),2006,3953.3,A,449950,A,113815,A
176,626,Timor-Leste,56,Maize (corn),2006,1675.8,E,118984,A,71000,X
207,740,Suriname,56,Maize (corn),2006,2300,A,46,A,20,A
256,442,Luxembourg,56,Maize (corn),2006,6510.4,A,1875,A,288,A
11,40,Austria,56,Maize (corn),2006,9637,A,1746184.85,A,181196,A
53,204,Benin,56,Maize (corn),2006,1227.3,A,864772,A,704610,A
69,254,French Guiana,56,Maize (corn),2006,1000,A,90,A,90,A
110,392,Japan,56,Maize (corn),2006,2533.2,E,153.19,I,60,I
114,404,Kenya,56,Maize (corn),2006,1719.7,A,3247200,A,1888185,A
126,440,Lithuania,56,Maize (corn),2006,2350,A,4700,A,2000,A
132,462,Maldives,56,Maize (corn),2006,3200,E,80,E,25,E
153,540,New Caledonia,56,Maize (corn),2006,3956,E,3956,A,1000,E
155,548,Vanuatu,56,Maize (corn),2006,535.7,E,750,E,1400,E
171,608,Philippines,56,Maize (corn),2006,2366,A,6082109,A,2570673,A
174,620,Portugal,56,Maize (corn),2006,5288.5,A,542620,A,102603,A
217,768,Togo,56,Maize (corn),2006,1155.1,A,543342,A,470384,A
215,834,United Republic of Tanzania,56,Maize (corn),2006,1331.8,A,3423020,A,2570147,A
7,24,Angola,56,Maize (corn),2006,468.7,A,526084,A,1122456,A
54,208,Denmark,56,Maize (corn),2006,,,,M,,M
73,268,Georgia,56,Maize (corn),2006,1837.7,A,217400,A,118300,A
103,368,Iraq,56,Maize (corn),2006,2425.5,A,399000,A,164500,A
116,408,Democratic People's Republic of Korea,56,Maize (corn),2006,3653.4,X,1750000,X,479000,X
178,232,Eritrea,56,Maize (corn),2006,975.5,A,28404,A,29116,A
212,760,Syrian Arab Republic,56,Maize (corn),2006,3514.6,A,158930,A,45220,A
225,784,United Arab Emirates,56,Maize (corn),2006,22806.1,E,2190.51,I,96,I
273,499,Montenegro,56,Maize (corn),2006,3258.8,A,9066,A,2782,A
86,308,Grenada,56,Maize (corn),2006,1000,E,300,E,300,E
133,466,Mali,56,Maize (corn),2006,1713.4,A,706737,A,412484,A
146,498,Republic of Moldova,56,Maize (corn),2006,2905.9,A,1322186,A,455000,A
184,646,Rwanda,56,Maize (corn),2006,853.1,A,96662,A,113312,A
189,662,Saint Lucia,56,Maize (corn),2006,,,,M,,M
230,804,Ukraine,56,Maize (corn),2006,3735.2,A,6425600,A,1720300,A
89,320,Guatemala,56,Maize (corn),2006,2580.7,A,1489606.41,A,577218,A
91,328,Guyana,56,Maize (corn),2006,1000,E,3000,E,3000,E
105,376,Israel,56,Maize (corn),2006,17603.9,A,77633,A,4410,A
193,678,Sao Tome and Principe,56,Maize (corn),2006,2454.5,E,2700,E,1100,E
203,724,Spain,56,Maize (corn),2006,9743.7,A,3355722,A,344400,A
251,894,Zambia,56,Maize (corn),2006,2301.3,A,1424400,A,618959,A
100,356,India,56,Maize (corn),2006,1811.1,A,14110300,A,7790800,A
124,434,Libya,56,Maize (corn),2006,2224.6,A,3070,A,1380,A
159,566,Nigeria,56,Maize (corn),2006,1818.2,A,7100000,A,3905000,A
216,764,Thailand,56,Maize (corn),2006,3935.6,A,3918332,A,995614,A
4,12,Algeria,56,Maize (corn),2006,6566.8,A,2456,A,374,A
8,28,Antigua and Barbuda,56,Maize (corn),2006,1625,E,65,E,40,E
97,348,Hungary,56,Maize (corn),2006,6816.5,A,8281666,A,1214952,A
136,478,Mauritania,56,Maize (corn),2006,497.5,A,17285,A,34745,A
156,554,New Zealand,56,Maize (corn),2006,10954.4,A,215649,A,19686,A
233,854,Burkina Faso,56,Maize (corn),2006,1944.4,A,866664,A,445732,A
37,140,Central African Republic,56,Maize (corn),2006,896.8,E,131000,X,146082,I
107,384,Côte d'Ivoire,56,Maize (corn),2006,2115.7,A,638753,A,301906,A
102,364,Iran (Islamic Republic of),56,Maize (corn),2006,7422.1,A,2166130,A,291848,A
149,524,Nepal,56,Maize (corn),2006,2038.2,A,1734417,A,850947,A
173,616,Poland,56,Maize (corn),2006,4160.9,A,1260657,A,302977,A
199,703,Slovakia,56,Maize (corn),2006,5551.6,A,838326,A,151006,A
3,8,Albania,56,Maize (corn),2006,5011.1,A,245400,A,48971,A
145,583,Micronesia (Federated States of),56,Maize (corn),2006,1270.1,E,58.61,I,46,I
255,56,Belgium,56,Maize (corn),2006,10192.9,A,575898,A,56500,A
220,780,Trinidad and Tobago,56,Maize (corn),2006,,,,A,,A
18,64,Bhutan,56,Maize (corn),2007,2182.4,A,84729,A,38824,A
35,132,Cabo Verde,56,Maize (corn),2007,158.8,A,4425,A,27873,A
40,152,Chile,56,Maize (corn),2007,8930.2,A,1122648,A,125713,A
46,178,Congo,56,Maize (corn),2007,791.7,E,9500,A,12000,E
48,188,Costa Rica,56,Maize (corn),2007,2152.9,A,19486,A,9051,A
73,268,Georgia,56,Maize (corn),2007,2406.8,A,295800,A,122900,A
74,266,Gabon,56,Maize (corn),2007,1650,E,33000,E,20000,E
75,270,Gambia,56,Maize (corn),2007,868.7,A,31408,A,36156,A
91,328,Guyana,56,Maize (corn),2007,1717.4,E,7900,E,4600,E
95,340,Honduras,56,Maize (corn),2007,1692.2,A,634881,A,375180,A
103,368,Iraq,56,Maize (corn),2007,2477.4,A,384000,A,155000,A
110,392,Japan,56,Maize (corn),2007,2540.6,E,155,E,61,I
114,404,Kenya,56,Maize (corn),2007,1813.2,A,2928793,A,1615304,A
129,450,Madagascar,56,Maize (corn),2007,1619.1,A,416767,A,257400,A
137,480,Mauritius,56,Maize (corn),2007,9453.7,A,1021,A,108,A
158,562,Niger,56,Maize (corn),2007,1087.4,A,19324,A,17771,A
170,604,Peru,56,Maize (corn),2007,2837.1,A,1368244,A,482263,A
174,620,Portugal,56,Maize (corn),2007,5841.2,A,616917,A,105615,A
175,624,Guinea-Bissau,56,Maize (corn),2007,942.9,A,13907,A,14749,A
208,762,Tajikistan,56,Maize (corn),2007,4010.9,A,130075,A,32430,A
209,748,Eswatini,56,Maize (corn),2007,552,A,26170,A,47409,A
213,795,Turkmenistan,56,Maize (corn),2007,1300,A,2600,A,2000,A
217,768,Togo,56,Maize (corn),2007,1166.4,A,546050,A,468156,A
226,800,Uganda,56,Maize (corn),2007,1495,A,1261803,A,844000,A
230,804,Ukraine,56,Maize (corn),2007,3900.1,A,7421100,A,1902800,A
250,180,Democratic Republic of the Congo,56,Maize (corn),2007,779,A,1155720,A,1483594,A
256,442,Luxembourg,56,Maize (corn),2007,7544.5,A,2120,A,281,A
3,8,Albania,56,Maize (corn),2007,4673.2,A,215900,A,46200,A
10,36,Australia,56,Maize (corn),2007,4910.3,A,239879,A,48852,A
14,52,Barbados,56,Maize (corn),2007,2666.7,E,280,E,105,E
21,76,Brazil,56,Maize (corn),2007,3785.2,A,52112217,A,13767400,A
33,124,Canada,56,Maize (corn),2007,8510.8,A,11648700,A,1368700,A
39,148,Chad,56,Maize (corn),2007,1021.1,A,201257,A,197103,A
116,408,Democratic People's Republic of Korea,56,Maize (corn),2007,3199.6,X,1587000,X,496000,X
59,818,Egypt,56,Maize (corn),2007,8046.3,A,6243220,A,775910,A
60,222,El Salvador,56,Maize (corn),2007,2910.7,A,699416,A,240290,A
66,242,Fiji,56,Maize (corn),2007,1900,E,304,A,160,E
84,300,Greece,56,Maize (corn),2007,10022.3,A,2384811.42,A,237950,A
90,324,Guinea,56,Maize (corn),2007,1589.1,A,595460,A,374723,A
97,348,Hungary,56,Maize (corn),2007,3732.7,A,4026734,A,1078784,A
145,583,Micronesia (Federated States of),56,Maize (corn),2007,1222.2,E,55,E,45,E
28,104,Myanmar,56,Maize (corn),2007,3268,A,1128100,A,345197,A
147,516,Namibia,56,Maize (corn),2007,2029.6,A,55523,A,27356,A
150,528,Netherlands (Kingdom of the),56,Maize (corn),2007,11948.2,A,230600,A,19300,A
165,586,Pakistan,56,Maize (corn),2007,3426.5,A,3604700,A,1052000,A
166,591,Panama,56,Maize (corn),2007,1741.2,A,80600,A,46290,A
173,616,Poland,56,Maize (corn),2007,6574.3,A,1722297,A,261975,A
183,642,Romania,56,Maize (corn),2007,1703,A,3853918,A,2263080,A
207,740,Suriname,56,Maize (corn),2007,2722.2,A,49,A,18,A
216,764,Thailand,56,Maize (corn),2007,3929.5,A,3890218,A,989992,A
223,792,Türkiye,56,Maize (corn),2007,6838.1,A,3535000,A,516960,A
225,784,United Arab Emirates,56,Maize (corn),2007,26826.6,A,1733,A,65,A
236,862,Venezuela (Bolivarian Republic of),56,Maize (corn),2007,3472.4,A,2570869,A,740372,A
251,894,Zambia,56,Maize (corn),2007,2334.2,A,1366158,A,585291,A
181,716,Zimbabwe,56,Maize (corn),2007,865.1,A,1509210,A,1744615,A
11,40,Austria,56,Maize (corn),2007,10312.8,A,1994697.62,A,193419,A
29,108,Burundi,56,Maize (corn),2007,1020.4,E,115507,A,113202,I
32,120,Cameroon,56,Maize (corn),2007,2000,A,1322160,A,661080,A
41,156,"China, mainland",56,Maize (corn),2007,5166.7,A,152300000,A,29477510,A
44,170,Colombia,56,Maize (corn),2007,2766.1,A,1733290,A,626616,A
107,384,Côte d'Ivoire,56,Maize (corn),2007,1764.3,A,531940,A,301495,A
238,231,Ethiopia,56,Maize (corn),2007,1823.2,E,4281077.53,E,2348154,E
101,360,Indonesia,56,Maize (corn),2007,3660.1,A,13287527,A,3630324,A
108,398,Kazakhstan,56,Maize (corn),2007,4563.6,A,421220,A,92300,A
126,440,Lithuania,56,Maize (corn),2007,4814.8,A,26000,A,5400,A
143,504,Morocco,56,Maize (corn),2007,415.5,A,94860,A,228300,A
153,540,New Caledonia,56,Maize (corn),2007,4129.3,E,5781,A,1400,E
159,566,Nigeria,56,Maize (corn),2007,1704.9,A,6724000,A,3944000,A
169,600,Paraguay,56,Maize (corn),2007,2770,A,2008942.5,A,725250,A
117,410,Republic of Korea,56,Maize (corn),2007,4918,A,83513,A,16981,A
146,498,Republic of Moldova,56,Maize (corn),2007,3077.6,E,1300266.29,I,422495,A
194,682,Saudi Arabia,56,Maize (corn),2007,5625,A,135000,A,24000,A
176,626,Timor-Leste,56,Maize (corn),2007,1128.2,E,71526,A,63400,X
215,834,United Republic of Tanzania,56,Maize (corn),2007,1407.1,A,3659000,A,2600341,A
234,858,Uruguay,56,Maize (corn),2007,5754.1,A,337763,A,58700,A
155,548,Vanuatu,56,Maize (corn),2007,551.7,E,800,E,1450,E
249,887,Yemen,56,Maize (corn),2007,1666.6,A,86600,A,51961,A
4,12,Algeria,56,Maize (corn),2007,8562.5,A,1644,A,192,A
8,28,Antigua and Barbuda,56,Maize (corn),2007,1601.4,E,64.85,I,40,I
9,32,Argentina,56,Maize (corn),2007,7665.5,A,21755364,A,2838072,A
16,50,Bangladesh,56,Maize (corn),2007,5981.2,A,902150,A,150832,A
37,140,Central African Republic,56,Maize (corn),2007,850,A,139776,A,164442,A
98,191,Croatia,56,Maize (corn),2007,4937.1,A,1424599,A,288549,A
100,356,India,56,Maize (corn),2007,2315.8,A,18647400,A,8052300,A
115,116,Cambodia,56,Maize (corn),2007,3683.1,A,523000,A,142000,A
120,418,Lao People's Democratic Republic,56,Maize (corn),2007,4363.6,A,688190,A,157710,A
133,466,Mali,56,Maize (corn),2007,1683.1,A,689918,A,409916,A
144,508,Mozambique,56,Maize (corn),2007,681.3,A,1133910,A,1664300,A
179,634,Qatar,56,Maize (corn),2007,18142.9,A,1270,A,70,A
185,643,Russian Federation,56,Maize (corn),2007,2930,A,3798020,A,1296250,A
202,710,South Africa,56,Maize (corn),2007,2792.1,A,7125000,A,2551800,A
212,760,Syrian Arab Republic,56,Maize (corn),2007,3515.4,A,177036,A,50360,A
7,24,Angola,56,Maize (corn),2007,509.1,A,615894,A,1209857,A
20,72,Botswana,56,Maize (corn),2007,121.9,A,2158,A,17705,A
27,100,Bulgaria,56,Maize (corn),2007,4571.9,E,980054.73,I,214367,A
45,174,Comoros,56,Maize (corn),2007,2009.4,E,5790.65,I,2882,I
53,204,Benin,56,Maize (corn),2007,1334.4,A,931600,A,698120,A
58,218,Ecuador,56,Maize (corn),2007,2310.5,A,944952,A,408976,A
79,276,Germany,56,Maize (corn),2007,9447.5,A,3809320,A,403210,A
80,70,Bosnia and Herzegovina,56,Maize (corn),2007,3218.1,A,635344,A,197430,A
86,308,Grenada,56,Maize (corn),2007,1000,E,320,E,320,E
106,380,Italy,56,Maize (corn),2007,9312,A,9809266,A,1053396,A
130,454,Malawi,56,Maize (corn),2007,2654.7,A,3226418,A,1215356,A
178,232,Eritrea,56,Maize (corn),2007,832.1,A,13686,A,16448,A
211,756,Switzerland,56,Maize (corn),2007,10169.5,A,177600,A,17464,A
23,84,Belize,56,Maize (corn),2007,2635.7,A,45523,A,17272,A
167,203,Czechia,56,Maize (corn),2007,6795.5,A,758781,A,111660,A
89,320,Guatemala,56,Maize (corn),2007,2321.9,A,1598432.3,A,688413,A
93,332,Haiti,56,Maize (corn),2007,780.3,E,270000,A,346000,E
109,388,Jamaica,56,Maize (corn),2007,1195,A,1673,A,1400,A
132,462,Maldives,56,Maize (corn),2007,3353.5,E,82,E,24,I
136,478,Mauritania,56,Maize (corn),2007,711.6,A,16966,A,23843,A
273,499,Montenegro,56,Maize (corn),2007,2500,A,1110,A,444,A
168,598,Papua New Guinea,56,Maize (corn),2007,4705.9,E,8000,E,1700,E
171,608,Philippines,56,Maize (corn),2007,2543.9,A,6736940,A,2648317,A
177,630,Puerto Rico,56,Maize (corn),2007,2442.3,E,296.29,I,121,I
201,706,Somalia,56,Maize (corn),2007,1111.1,E,100000,E,90000,E
154,807,North Macedonia,56,Maize (corn),2007,3836.1,A,118378,A,30859,A
68,250,France,56,Maize (corn),2007,9482.1,A,14505519.1,A,1529775,A
72,262,Djibouti,56,Maize (corn),2007,1738.2,E,10.96,I,6,I
118,414,Kuwait,56,Maize (corn),2007,19786.5,A,20756,A,1049,A
121,422,Lebanon,56,Maize (corn),2007,3444.4,A,3100,A,900,A
157,558,Nicaragua,56,Maize (corn),2007,1377.6,A,486672,A,353263,A
195,686,Senegal,56,Maize (corn),2007,1100.8,A,158266,A,143769,A
198,705,Slovenia,56,Maize (corn),2007,7535.8,A,308259,A,40906,A
231,840,United States of America,56,Maize (corn),2007,9458.5,A,331177280,A,35013780,A
272,688,Serbia,56,Maize (corn),2007,3249.1,A,3904825,A,1201832,A
1,51,Armenia,56,Maize (corn),2007,5326.2,A,18860,A,3541,A
52,31,Azerbaijan,56,Maize (corn),2007,4617.5,A,158192,A,34259,A
57,112,Belarus,56,Maize (corn),2007,5065.3,A,541066,A,106818,A
49,192,Cuba,56,Maize (corn),2007,2610,A,368800,A,141303,A
112,400,Jordan,56,Maize (corn),2007,,,,E,,E
131,458,Malaysia,56,Maize (corn),2007,,,,M,,M
149,524,Nepal,56,Maize (corn),2007,2090.9,A,1819925,A,870401,A
191,670,Saint Vincent and the Grenadines,56,Maize (corn),2007,12181.8,E,670,E,55,E
197,694,Sierra Leone,56,Maize (corn),2007,840,A,22848,A,27200,A
203,724,Spain,56,Maize (corn),2007,10002.7,A,3610937,A,360998,A
220,780,Trinidad and Tobago,56,Maize (corn),2007,,,,A,,A
237,704,Viet Nam,56,Maize (corn),2007,3925.9,A,4303200,A,1096100,A
2,4,Afghanistan,56,Maize (corn),2007,2627.7,A,360000,A,137000,A
255,56,Belgium,56,Maize (corn),2007,13127.8,A,698899,A,53238,A
81,288,Ghana,56,Maize (corn),2007,1543.7,A,1219600,A,790070,A
102,364,Iran (Islamic Republic of),56,Maize (corn),2007,7691.2,A,2361299,A,307015,A
221,512,Oman,56,Maize (corn),2007,7694.7,E,16341.58,I,2124,I
55,212,Dominica,56,Maize (corn),2007,1448.3,E,210,E,145,E
105,376,Israel,56,Maize (corn),2007,18596.2,E,92981,A,5000,E
113,417,Kyrgyzstan,56,Maize (corn),2007,6059.9,A,460678,A,76021,A
199,703,Slovakia,56,Maize (corn),2007,3967.5,A,623907,A,157256,A
214,158,"China, Taiwan Province of",56,Maize (corn),2007,6130.2,A,118870,A,19391,A
122,426,Lesotho,56,Maize (corn),2007,487.7,A,60312,A,123661,A
124,434,Libya,56,Maize (corn),2007,2224.6,A,3070,A,1380,A
189,662,Saint Lucia,56,Maize (corn),2007,,,,M,,M
193,678,Sao Tome and Principe,56,Maize (corn),2007,2307.7,E,3000,E,1300,E
235,860,Uzbekistan,56,Maize (corn),2007,6064.3,A,207400,A,34200,A
38,144,Sri Lanka,56,Maize (corn),2007,1650.8,A,56440,A,34190,A
138,484,Mexico,56,Maize (corn),2007,3206.3,A,23512752,A,7333277,A
156,554,New Zealand,56,Maize (corn),2007,10900,A,185627,A,17030,A
206,736,Sudan (former),56,Maize (corn),2007,1909.1,A,70000,A,36667,A
233,854,Burkina Faso,56,Maize (corn),2007,1173.6,A,553874,A,471927,A
19,68,Bolivia (Plurinational State of),56,Maize (corn),2007,2115.5,A,770365,A,364159,A
184,646,Rwanda,56,Maize (corn),2007,720.1,A,101659,A,141168,A
12,44,Bahamas,56,Maize (corn),2007,4000,E,400,E,100,E
56,214,Dominican Republic,56,Maize (corn),2007,1335,A,29429,A,22044,A
54,208,Denmark,56,Maize (corn),2007,,,,M,,M
1,51,Armenia,56,Maize (corn),2008,5342.4,A,21172,A,3963,A
4,12,Algeria,56,Maize (corn),2008,4471.4,A,1015,A,227,A
8,28,Antigua and Barbuda,56,Maize (corn),2008,1619,E,68,E,42,E
27,100,Bulgaria,56,Maize (corn),2008,4154.8,A,1368347,A,329345,A
39,148,Chad,56,Maize (corn),2008,961.3,A,225993,A,235082,A
40,152,Chile,56,Maize (corn),2008,10141.1,A,1365408,A,134641,A
80,70,Bosnia and Herzegovina,56,Maize (corn),2008,4916.9,A,1004359,A,204266,A
81,288,Ghana,56,Maize (corn),2008,1737.1,A,1470080,A,846260,A
102,364,Iran (Islamic Republic of),56,Maize (corn),2008,6430.7,A,1560992.4,A,242740,A
106,380,Italy,56,Maize (corn),2008,9572.6,A,9491203,A,991500,A
110,392,Japan,56,Maize (corn),2008,2547,E,160,E,63,I
116,408,Democratic People's Republic of Korea,56,Maize (corn),2008,2805.1,A,1411390,A,503150,A
121,422,Lebanon,56,Maize (corn),2008,3777.8,A,3400,A,900,A
167,203,Czechia,56,Maize (corn),2008,7544.6,A,858407,A,113777,A
174,620,Portugal,56,Maize (corn),2008,6327.8,A,701606,A,110877,A
183,642,Romania,56,Maize (corn),2008,3227.1,A,7849083,A,2432212,A
197,694,Sierra Leone,56,Maize (corn),2008,840,A,23533,A,28016,A
199,703,Slovakia,56,Maize (corn),2008,8173.2,A,1260616,A,154238,A
207,740,Suriname,56,Maize (corn),2008,2250,A,27,A,12,A
208,762,Tajikistan,56,Maize (corn),2008,9398.5,A,136428,A,14516,A
214,158,"China, Taiwan Province of",56,Maize (corn),2008,6216.3,A,118097,A,18998,A
221,512,Oman,56,Maize (corn),2008,7722.8,E,15624.3,I,2023,I
233,854,Burkina Faso,56,Maize (corn),2008,1666.2,A,1013634,A,608368,A
238,231,Ethiopia,56,Maize (corn),2008,1883.4,E,4473011.03,E,2374989,E
249,887,Yemen,56,Maize (corn),2008,1514.1,A,65813,A,43467,A
11,40,Austria,56,Maize (corn),2008,11317.3,A,2448537.61,A,216354,A
115,116,Cambodia,56,Maize (corn),2008,3751.3,A,611865,A,163106,A
32,120,Cameroon,56,Maize (corn),2008,2000,A,1394832,A,697416,A
55,212,Dominica,56,Maize (corn),2008,1437.7,E,190.21,I,132,I
74,266,Gabon,56,Maize (corn),2008,1591.1,E,35003.96,I,22000,E
97,348,Hungary,56,Maize (corn),2008,7465.3,A,8897138,A,1191804,A
100,356,India,56,Maize (corn),2008,2276.5,A,17969200,A,7893300,A
132,462,Maldives,56,Maize (corn),2008,3636.3,E,90,E,25,I
143,504,Morocco,56,Maize (corn),2008,551.5,A,120950,A,219300,A
144,508,Mozambique,56,Maize (corn),2008,617.7,A,1213569,A,1964522,A
147,516,Namibia,56,Maize (corn),2008,2098,A,58101,A,27694,A
154,807,North Macedonia,56,Maize (corn),2008,4099.1,A,127125,A,31013,A
170,604,Peru,56,Maize (corn),2008,2967.3,A,1480896,A,499073,A
179,634,Qatar,56,Maize (corn),2008,18142.9,A,1270,A,70,A
117,410,Republic of Korea,56,Maize (corn),2008,5054.4,A,92830,A,18366,A
146,498,Republic of Moldova,56,Maize (corn),2008,3492.2,A,1478563,A,423391,A
189,662,Saint Lucia,56,Maize (corn),2008,,,,M,,M
193,678,Sao Tome and Principe,56,Maize (corn),2008,2153.8,E,2800,E,1300,E
217,768,Togo,56,Maize (corn),2008,1192.2,A,590106,A,494963,A
213,795,Turkmenistan,56,Maize (corn),2008,1100,A,2750,A,2500,A
225,784,United Arab Emirates,56,Maize (corn),2008,26830.1,A,2243,A,84,A
215,834,United Republic of Tanzania,56,Maize (corn),2008,1366.7,A,5440710,A,3980970,A
251,894,Zambia,56,Maize (corn),2008,2244.2,A,1211566,A,539877,A
181,716,Zimbabwe,56,Maize (corn),2008,286.7,A,496000,A,1730000,A
2,4,Afghanistan,56,Maize (corn),2008,2627.7,A,360000,A,137000,A
18,64,Bhutan,56,Maize (corn),2008,2446.4,A,69252,A,28308,A
19,68,Bolivia (Plurinational State of),56,Maize (corn),2008,2312,A,1001803,A,433300,A
29,108,Burundi,56,Maize (corn),2008,1004.1,E,117681,A,117200,E
45,174,Comoros,56,Maize (corn),2008,1991.5,E,8653.64,I,4345,I
107,384,Côte d'Ivoire,56,Maize (corn),2008,2031.3,A,630188,A,310237,A
59,818,Egypt,56,Maize (corn),2008,7905.3,A,7401412,A,936254,A
178,232,Eritrea,56,Maize (corn),2008,212.3,A,4148,A,19534,A
209,748,Eswatini,56,Maize (corn),2008,994.3,A,60012,A,60355,A
79,276,Germany,56,Maize (corn),2008,9809.9,A,5105861,A,520478,A
90,324,Guinea,56,Maize (corn),2008,1079.3,A,522695,A,484296,A
112,400,Jordan,56,Maize (corn),2008,,,,E,,E
120,418,Lao People's Democratic Republic,56,Maize (corn),2008,4832.8,A,1107775,A,229220,A
145,583,Micronesia (Federated States of),56,Maize (corn),2008,1299.2,E,63.34,I,49,I
273,499,Montenegro,56,Maize (corn),2008,3600,A,1584,A,440,A
158,562,Niger,56,Maize (corn),2008,958.9,A,6409,A,6684,A
159,566,Nigeria,56,Maize (corn),2008,1957.1,A,7525000,A,3845000,A
166,591,Panama,56,Maize (corn),2008,1691.8,A,76708,A,45340,A
38,144,Sri Lanka,56,Maize (corn),2008,2633.7,A,135900,A,51600,A
155,548,Vanuatu,56,Maize (corn),2008,546.7,E,820,E,1500,E
12,44,Bahamas,56,Maize (corn),2008,4761.9,E,500,E,105,E
23,84,Belize,56,Maize (corn),2008,2354.3,A,37052,A,15738,A
46,178,Congo,56,Maize (corn),2008,804.9,E,9900,A,12300,E
57,112,Belarus,56,Maize (corn),2008,4389,A,494653,A,112702,A
58,218,Ecuador,56,Maize (corn),2008,2244.2,A,804503,A,358480,A
66,242,Fiji,56,Maize (corn),2008,1948.4,E,604,A,310,E
68,250,France,56,Maize (corn),2008,9125.8,A,16037987.9,A,1757438,A
73,268,Georgia,56,Maize (corn),2008,2321.1,A,328200,A,141400,A
86,308,Grenada,56,Maize (corn),2008,1005.6,E,329.4,I,328,I
89,320,Guatemala,56,Maize (corn),2008,2011.5,A,1721609.84,A,855868,A
91,328,Guyana,56,Maize (corn),2008,1333.3,X,4000,X,3000,X
113,417,Kyrgyzstan,56,Maize (corn),2008,5856.8,A,462100,A,78900,A
130,454,Malawi,56,Maize (corn),2008,1649.8,A,2634701,A,1596955,A
137,480,Mauritius,56,Maize (corn),2008,7541,A,460,A,61,A
149,524,Nepal,56,Maize (corn),2008,2159,A,1878648,A,870166,A
157,558,Nicaragua,56,Maize (corn),2008,1331.1,A,423881,A,318435,A
226,800,Uganda,56,Maize (corn),2008,2200.5,A,2314909,A,1052000,A
234,858,Uruguay,56,Maize (corn),2008,4152.6,A,334700,A,80600,A
235,860,Uzbekistan,56,Maize (corn),2008,7145.5,A,230800,A,32300,A
256,442,Luxembourg,56,Maize (corn),2008,6005.3,A,2276,A,379,A
10,36,Australia,56,Maize (corn),2008,5691.2,A,387000,A,68000,A
28,104,Myanmar,56,Maize (corn),2008,3338,A,1184700,A,354910,A
60,222,El Salvador,56,Maize (corn),2008,3389.5,A,868259,A,256164,A
136,478,Mauritania,56,Maize (corn),2008,705.9,A,15461,A,21902,A
156,554,New Zealand,56,Maize (corn),2008,11232.6,A,205557,A,18300,A
169,600,Paraguay,56,Maize (corn),2008,2880.4,A,2471711,A,858101,A
184,646,Rwanda,56,Maize (corn),2008,1151.5,A,166853,A,144896,A
185,643,Russian Federation,56,Maize (corn),2008,3858.8,A,6682300,A,1731700,A
201,706,Somalia,56,Maize (corn),2008,1176.5,E,100000,E,85000,E
202,710,South Africa,56,Maize (corn),2008,4537.3,A,12700000,A,2799000,A
206,736,Sudan (former),56,Maize (corn),2008,2021.4,A,62000,A,30672,A
212,760,Syrian Arab Republic,56,Maize (corn),2008,3967.6,A,281300,A,70900,A
216,764,Thailand,56,Maize (corn),2008,4074.8,A,4249354,A,1042826,A
220,780,Trinidad and Tobago,56,Maize (corn),2008,,,,A,,A
237,704,Viet Nam,56,Maize (corn),2008,3175.3,A,4573100,A,1440200,A
3,8,Albania,56,Maize (corn),2008,5000,A,245000,A,49000,A
7,24,Angola,56,Maize (corn),2008,794.6,A,702387,A,883943,A
14,52,Barbados,56,Maize (corn),2008,2740.9,E,267.8,I,98,I
20,72,Botswana,56,Maize (corn),2008,184.4,A,8967,A,48633,A
33,124,Canada,56,Maize (corn),2008,9062.3,A,10592000,A,1168800,A
44,170,Colombia,56,Maize (corn),2008,2771.2,A,1726546,A,623025,A
98,191,Croatia,56,Maize (corn),2008,7975.9,A,2504940,A,314062,A
105,376,Israel,56,Maize (corn),2008,18523.7,A,99287,A,5360,A
108,398,Kazakhstan,56,Maize (corn),2008,4404.2,A,420160,A,95400,A
114,404,Kenya,56,Maize (corn),2008,1392.5,A,2367237,A,1700000,A
138,484,Mexico,56,Maize (corn),2008,3307.1,A,24320100,A,7353940,A
177,630,Puerto Rico,56,Maize (corn),2008,2504.8,E,257.85,I,103,I
272,688,Serbia,56,Maize (corn),2008,4834,A,6158120,A,1273910,A
231,840,United States of America,56,Maize (corn),2008,9620.9,A,305911450,A,31796490,A
35,132,Cabo Verde,56,Maize (corn),2008,233.8,A,8039,A,34385,A
52,31,Azerbaijan,56,Maize (corn),2008,4778.4,A,158620,A,33195,A
53,204,Benin,56,Maize (corn),2008,1127.9,A,978063,A,867154,A
72,262,Djibouti,56,Maize (corn),2008,1780.6,E,12.12,I,7,I
95,340,Honduras,56,Maize (corn),2008,1688.5,A,536277,A,317602,A
131,458,Malaysia,56,Maize (corn),2008,,,,M,,M
165,586,Pakistan,56,Maize (corn),2008,3415.4,A,3593000,A,1052000,A
176,626,Timor-Leste,56,Maize (corn),2008,1261.1,A,100173,A,79433,A
223,792,Türkiye,56,Maize (corn),2008,7198.8,A,4274000,A,593710,A
16,50,Bangladesh,56,Maize (corn),2008,6017.2,A,1346470,A,223770,A
255,56,Belgium,56,Maize (corn),2008,11925.8,A,858837,A,72015,A
49,192,Cuba,56,Maize (corn),2008,2520.5,A,325700,A,129222,A
54,208,Denmark,56,Maize (corn),2008,,,,M,,M
175,624,Guinea-Bissau,56,Maize (corn),2008,1146.1,A,16690,A,14562,A
101,360,Indonesia,56,Maize (corn),2008,4077.6,A,16323922,A,4003313,A
129,450,Madagascar,56,Maize (corn),2008,1656.9,A,430334,A,259730,A
171,608,Philippines,56,Maize (corn),2008,2603.6,A,6928225,A,2661021,A
191,670,Saint Vincent and the Grenadines,56,Maize (corn),2008,12727.3,E,700,E,55,E
194,682,Saudi Arabia,56,Maize (corn),2008,5642.7,A,163446,A,28966,A
203,724,Spain,56,Maize (corn),2008,9906.1,A,3628600,A,366300,A
9,32,Argentina,56,Maize (corn),2008,6452.5,A,22016926,A,3412155,A
250,180,Democratic Republic of the Congo,56,Maize (corn),2008,779,A,1155950,A,1483890,A
122,426,Lesotho,56,Maize (corn),2008,434.9,A,59651,A,137156,A
198,705,Slovenia,56,Maize (corn),2008,7320.7,A,319902,A,43698,A
211,756,Switzerland,56,Maize (corn),2008,9702.7,A,170699,A,17593,A
230,804,Ukraine,56,Maize (corn),2008,4691.1,A,11446800,A,2440100,A
41,156,"China, mainland",56,Maize (corn),2008,5555.7,A,165914000,A,29863710,A
56,214,Dominican Republic,56,Maize (corn),2008,1453.2,A,27537,A,18950,A
75,270,Gambia,56,Maize (corn),2008,1033,A,44894,A,43460,A
93,332,Haiti,56,Maize (corn),2008,780.7,E,210000,A,269000,E
37,140,Central African Republic,56,Maize (corn),2008,850,A,146765,A,172665,A
84,300,Greece,56,Maize (corn),2008,10481,A,2820227.35,A,269079,A
118,414,Kuwait,56,Maize (corn),2008,20093.3,A,13563,A,675,A
124,434,Libya,56,Maize (corn),2008,2229.9,E,3000,X,1345,I
150,528,Netherlands (Kingdom of the),56,Maize (corn),2008,11416.3,A,252300,A,22100,A
153,540,New Caledonia,56,Maize (corn),2008,3820.9,E,4203,A,1100,E
195,686,Senegal,56,Maize (corn),2008,1835.1,A,397326,A,216517,A
21,76,Brazil,56,Maize (corn),2008,4080,A,58933347,A,14444582,A
109,388,Jamaica,56,Maize (corn),2008,1253.8,A,1897,A,1513,A
133,466,Mali,56,Maize (corn),2008,1973.2,A,695073,A,352263,A
236,862,Venezuela (Bolivarian Republic of),56,Maize (corn),2008,3332.7,A,2638010,A,791545,A
103,368,Iraq,56,Maize (corn),2008,2349.2,A,287955,A,122575,A
173,616,Poland,56,Maize (corn),2008,5814.9,A,1844440,A,317193,A
168,598,Papua New Guinea,56,Maize (corn),2008,4545.5,E,10000,E,2200,E
48,188,Costa Rica,56,Maize (corn),2008,1735,A,12766,A,7358,A
126,440,Lithuania,56,Maize (corn),2008,4210.5,A,32000,A,7600,A
8,28,Antigua and Barbuda,56,Maize (corn),2009,1590.2,E,66.32,I,42,I
32,120,Cameroon,56,Maize (corn),2009,1978.7,A,1625213,A,821371,A
41,156,"China, mainland",56,Maize (corn),2009,5258.5,A,163974000,A,31182640,A
45,174,Comoros,56,Maize (corn),2009,1973.6,E,9722.79,I,4926,I
46,178,Congo,56,Maize (corn),2009,809.5,E,10200,A,12600,E
48,188,Costa Rica,56,Maize (corn),2009,2081.5,A,23860,A,11463,A
55,212,Dominica,56,Maize (corn),2009,1436.8,E,184.23,I,128,I
66,242,Fiji,56,Maize (corn),2009,1944.4,A,471,A,242,A
75,270,Gambia,56,Maize (corn),2009,1162.2,A,54625,A,47000,A
84,300,Greece,56,Maize (corn),2009,10432.6,A,2414494.62,A,231438,A
86,308,Grenada,56,Maize (corn),2009,1007.1,E,335.76,I,333,I
91,328,Guyana,56,Maize (corn),2009,1340.6,E,5000,X,3730,I
102,364,Iran (Islamic Republic of),56,Maize (corn),2009,5916.5,A,1335002.6,A,225639,A
113,417,Kyrgyzstan,56,Maize (corn),2009,6175.6,A,486636,A,78800,A
121,422,Lebanon,56,Maize (corn),2009,3621,A,4700,A,1298,A
175,624,Guinea-Bissau,56,Maize (corn),2009,989.6,E,16600,E,16774,A
181,716,Zimbabwe,56,Maize (corn),2009,464.2,X,700000,X,1508000,X
189,662,Saint Lucia,56,Maize (corn),2009,,,,M,,M
197,694,Sierra Leone,56,Maize (corn),2009,920,A,29641,A,32218,A
202,710,South Africa,56,Maize (corn),2009,4964,A,12050000,A,2427500,A
207,740,Suriname,56,Maize (corn),2009,2400,A,24,A,10,A
211,756,Switzerland,56,Maize (corn),2009,10413.2,A,174035,A,16713,A
217,768,Togo,56,Maize (corn),2009,1255.9,A,651739,A,518955,A
221,512,Oman,56,Maize (corn),2009,7750.9,E,14907.01,I,1923,I
230,804,Ukraine,56,Maize (corn),2009,5019.5,A,10486300,A,2089100,A
250,180,Democratic Republic of the Congo,56,Maize (corn),2009,779,A,1156180,A,1484185,A
273,499,Montenegro,56,Maize (corn),2009,3800.9,A,1642,A,432,A
3,8,Albania,56,Maize (corn),2009,5569.3,A,265100,A,47600,A
57,112,Belarus,56,Maize (corn),2009,4681.8,A,448663,A,95832,A
33,124,Canada,56,Maize (corn),2009,8372.3,A,9561200,A,1142000,A
40,152,Chile,56,Maize (corn),2009,10495.6,A,1345649,A,128211,A
214,158,"China, Taiwan Province of",56,Maize (corn),2009,6443.8,A,133560,A,20727,A
107,384,Côte d'Ivoire,56,Maize (corn),2009,1996.6,A,637372,A,319232,A
56,214,Dominican Republic,56,Maize (corn),2009,1464.5,A,35037,A,23925,A
60,222,El Salvador,56,Maize (corn),2009,3004.1,A,785965,A,261628,A
109,388,Jamaica,56,Maize (corn),2009,1261.5,A,2359,A,1870,A
256,442,Luxembourg,56,Maize (corn),2009,5997.6,A,2453,A,409,A
133,466,Mali,56,Maize (corn),2009,3334.9,A,1476993,A,442890,A
136,478,Mauritania,56,Maize (corn),2009,554.2,A,11830,A,21348,A
150,528,Netherlands (Kingdom of the),56,Maize (corn),2009,12995.4,A,244911,A,18846,A
154,807,North Macedonia,56,Maize (corn),2009,4705.4,A,157547,A,33482,A
165,586,Pakistan,56,Maize (corn),2009,3487.9,A,3261500,A,935100,A
166,591,Panama,56,Maize (corn),2009,1779.4,A,85785,A,48210,A
174,620,Portugal,56,Maize (corn),2009,6693.6,A,634069,A,94727,A
117,410,Republic of Korea,56,Maize (corn),2009,5022.5,A,76975,A,15326,A
183,642,Romania,56,Maize (corn),2009,3416.9,A,7973258,A,2333501,A
193,678,Sao Tome and Principe,56,Maize (corn),2009,1538.5,E,2000,E,1300,E
195,686,Senegal,56,Maize (corn),2009,1630,A,291301,A,178710,A
226,800,Uganda,56,Maize (corn),2009,2499.6,A,2354664,A,942000,A
225,784,United Arab Emirates,56,Maize (corn),2009,26824.9,A,3278,A,122,A
1,51,Armenia,56,Maize (corn),2009,5776.3,A,15232,A,2637,A
53,204,Benin,56,Maize (corn),2009,1397.7,A,1205200,A,862281,A
233,854,Burkina Faso,56,Maize (corn),2009,1528.6,A,894558,A,585230,A
115,116,Cambodia,56,Maize (corn),2009,4175.7,A,924026,A,221287,A
49,192,Cuba,56,Maize (corn),2009,1494.3,A,304800,A,203981,A
209,748,Eswatini,56,Maize (corn),2009,1286.9,X,75068,X,58334,X
73,268,Georgia,56,Maize (corn),2009,2352.5,A,291000,A,123700,A
110,392,Japan,56,Maize (corn),2009,2538.5,E,165,E,65,E
28,104,Myanmar,56,Maize (corn),2009,3376.6,A,1225700,A,363003,A
157,558,Nicaragua,56,Maize (corn),2009,1560.5,A,522024,A,334528,A
199,703,Slovakia,56,Maize (corn),2009,6850.3,A,988053,A,144235,A
203,724,Spain,56,Maize (corn),2009,10074.9,A,3515617,A,348949,A
213,795,Turkmenistan,56,Maize (corn),2009,1600,A,5440,A,3400,A
223,792,Türkiye,56,Maize (corn),2009,7187.8,A,4250000,A,591279,A
235,860,Uzbekistan,56,Maize (corn),2009,7667.8,A,230800,A,30100,A
4,12,Algeria,56,Maize (corn),2009,3091.4,A,575,A,186,A
18,64,Bhutan,56,Maize (corn),2009,2140.6,A,61158,A,28570,A
23,84,Belize,56,Maize (corn),2009,2540.8,A,57335,A,22566,A
29,108,Burundi,56,Maize (corn),2009,1003.2,E,120379,A,120000,E
52,31,Azerbaijan,56,Maize (corn),2009,4799,A,151172,A,31501,A
79,276,Germany,56,Maize (corn),2009,9750,A,4527228,A,464333,A
98,191,Croatia,56,Maize (corn),2009,7350.8,A,2182521,A,296910,A
100,356,India,56,Maize (corn),2009,2146.1,A,17904191,A,8342492,A
103,368,Iraq,56,Maize (corn),2009,2087.8,A,238113,A,114050,A
105,376,Israel,56,Maize (corn),2009,25185.4,A,81097,A,3220,A
112,400,Jordan,56,Maize (corn),2009,,,,E,,E
122,426,Lesotho,56,Maize (corn),2009,415.9,A,57126,A,137366,A
138,484,Mexico,56,Maize (corn),2009,3236.8,A,20142816,A,6223047,A
153,540,New Caledonia,56,Maize (corn),2009,3805.7,E,2664,A,700,E
159,566,Nigeria,56,Maize (corn),2009,2196.1,A,7358260,A,3350560,A
168,598,Papua New Guinea,56,Maize (corn),2009,4794.1,E,10200,E,2128,I
176,626,Timor-Leste,56,Maize (corn),2009,1888.4,A,134715,A,71340,A
185,643,Russian Federation,56,Maize (corn),2009,3531.9,A,3963433,A,1122191,A
191,670,Saint Vincent and the Grenadines,56,Maize (corn),2009,16750,E,670,E,40,E
201,706,Somalia,56,Maize (corn),2009,1529.9,X,128923,X,84271,X
215,834,United Republic of Tanzania,56,Maize (corn),2009,1123.2,A,3326200,A,2961334,A
39,148,Chad,56,Maize (corn),2009,983.1,A,209031,A,212628,A
74,266,Gabon,56,Maize (corn),2009,1568.6,E,38431.19,I,24500,E
143,504,Morocco,56,Maize (corn),2009,915.1,A,204520,A,223500,A
144,508,Mozambique,56,Maize (corn),2009,1000,X,1612000,X,1612000,X
149,524,Nepal,56,Maize (corn),2009,2205.4,A,1930669,A,875428,A
170,604,Peru,56,Maize (corn),2009,3029,A,1559745,A,514945,A
171,608,Philippines,56,Maize (corn),2009,2620.8,A,7034033,A,2683890,A
173,616,Poland,56,Maize (corn),2009,6226.2,A,1706600,A,274100,A
178,232,Eritrea,56,Maize (corn),2009,868.9,A,16652,A,19164,A
216,764,Thailand,56,Maize (corn),2009,4178,A,4616119,A,1104870,A
236,862,Venezuela (Bolivarian Republic of),56,Maize (corn),2009,3017.1,A,2183345,A,723664,A
251,894,Zambia,56,Maize (corn),2009,2069.2,A,1887010,A,911942,A
272,688,Serbia,56,Maize (corn),2009,5292.1,A,6396262,A,1208640,A
2,4,Afghanistan,56,Maize (corn),2009,2142.9,A,300000,A,140000,A
9,32,Argentina,56,Maize (corn),2009,5576,A,13121380,A,2353175,A
10,36,Australia,56,Maize (corn),2009,5817.1,A,375670,A,64580,A
16,50,Bangladesh,56,Maize (corn),2009,5683.1,A,729629,A,128386,A
255,56,Belgium,56,Maize (corn),2009,12117.4,A,807866,A,66670,A
21,76,Brazil,56,Maize (corn),2009,3714.5,A,50719822,A,13654715,A
44,170,Colombia,56,Maize (corn),2009,2684.5,A,1560347,A,581243,A
101,360,Indonesia,56,Maize (corn),2009,4237.2,A,17629740,A,4160659,A
108,398,Kazakhstan,56,Maize (corn),2009,4750,A,471200,A,99200,A
114,404,Kenya,56,Maize (corn),2009,1294.3,A,2439000,A,1884368,A
124,434,Libya,56,Maize (corn),2009,2479,X,2950,X,1190,X
137,480,Mauritius,56,Maize (corn),2009,8000,A,112,A,14,A
155,548,Vanuatu,56,Maize (corn),2009,558.1,E,819.87,I,1469,I
206,736,Sudan (former),56,Maize (corn),2009,1779.8,A,66000,A,37083,A
249,887,Yemen,56,Maize (corn),2009,1499.6,A,56087,A,37402,A
7,24,Angola,56,Maize (corn),2009,661.4,A,970231,A,1466891,A
12,44,Bahamas,56,Maize (corn),2009,6000,E,600,E,100,E
20,72,Botswana,56,Maize (corn),2009,242.9,A,20093,A,82710,A
27,100,Bulgaria,56,Maize (corn),2009,4707.1,A,1290833,A,274229,A
54,208,Denmark,56,Maize (corn),2009,,,,M,,M
59,818,Egypt,56,Maize (corn),2009,7818.4,A,7686091,A,983081,A
93,332,Haiti,56,Maize (corn),2009,801.3,E,303700,X,379000,E
95,340,Honduras,56,Maize (corn),2009,1750.3,A,587235,A,335514,A
129,450,Madagascar,56,Maize (corn),2009,1622.5,A,425204,A,262069,A
130,454,Malawi,56,Maize (corn),2009,2226.5,A,3582502,A,1608996,A
177,630,Puerto Rico,56,Maize (corn),2009,2566.3,E,221.56,I,86,I
179,634,Qatar,56,Maize (corn),2009,19285.7,E,1350,E,70,A
220,780,Trinidad and Tobago,56,Maize (corn),2009,,,,A,,A
231,840,United States of America,56,Maize (corn),2009,10318.1,A,331921050,A,32168810,A
80,70,Bosnia and Herzegovina,56,Maize (corn),2009,5103.2,A,962921,A,188688,A
238,231,Ethiopia,56,Maize (corn),2009,1984.9,E,4796706.24,E,2416619,E
81,288,Ghana,56,Maize (corn),2009,1696.9,A,1619590,A,954430,A
126,440,Lithuania,56,Maize (corn),2009,4327.3,A,23800,A,5500,A
132,462,Maldives,56,Maize (corn),2009,4081.3,E,94,E,23,I
194,682,Saudi Arabia,56,Maize (corn),2009,5474.2,A,161479,A,29498,A
38,144,Sri Lanka,56,Maize (corn),2009,2551.5,A,129770,A,50860,A
212,760,Syrian Arab Republic,56,Maize (corn),2009,4379.1,A,183255,A,41848,A
208,762,Tajikistan,56,Maize (corn),2009,9889.3,A,142515,A,14411,A
68,250,France,56,Maize (corn),2009,8893.4,A,15513841.1,A,1744416,A
89,320,Guatemala,56,Maize (corn),2009,1979.8,A,1625811.13,A,821203,A
120,418,Lao People's Democratic Republic,56,Maize (corn),2009,5464.3,A,1134386,A,207600,A
158,562,Niger,56,Maize (corn),2009,901.4,A,1389,A,1541,A
184,646,Rwanda,56,Maize (corn),2009,1950.3,A,286946,A,147129,A
237,704,Viet Nam,56,Maize (corn),2009,4013.7,A,4371700,A,1089200,A
11,40,Austria,56,Maize (corn),2009,10829.3,A,2168837.51,A,200276,A
19,68,Bolivia (Plurinational State of),56,Maize (corn),2009,2818.5,A,1174447,A,416685,A
167,203,Czechia,56,Maize (corn),2009,8450.6,A,889574,A,105268,A
116,408,Democratic People's Republic of Korea,56,Maize (corn),2009,3389.7,A,1705000,A,503000,A
58,218,Ecuador,56,Maize (corn),2009,2200.3,A,811386,A,368769,A
145,583,Micronesia (Federated States of),56,Maize (corn),2009,1320.8,E,66.97,I,51,I
198,705,Slovenia,56,Maize (corn),2009,7837.1,A,302600,A,38611,A
234,858,Uruguay,56,Maize (corn),2009,3083.4,A,269800,A,87500,A
35,132,Cabo Verde,56,Maize (corn),2009,230.8,A,7383,A,31983,A
37,140,Central African Republic,56,Maize (corn),2009,850,A,151168,A,177845,A
90,324,Guinea,56,Maize (corn),2009,1631.8,A,565667,A,346652,A
97,348,Hungary,56,Maize (corn),2009,6394.5,A,7528380,A,1177321,A
147,516,Namibia,56,Maize (corn),2009,2113,A,57320,A,27127,A
156,554,New Zealand,56,Maize (corn),2009,11032.7,A,237844,A,21558,A
146,498,Republic of Moldova,56,Maize (corn),2009,2889.7,A,1141078,A,394872,A
72,262,Djibouti,56,Maize (corn),2009,1816.7,E,13.12,I,7,I
169,600,Paraguay,56,Maize (corn),2009,2400,A,1857840,A,774100,A
14,52,Barbados,56,Maize (corn),2009,2827.1,E,262.66,I,93,I
106,380,Italy,56,Maize (corn),2009,8604.8,A,7877700,A,915500,A
118,414,Kuwait,56,Maize (corn),2009,19955.7,A,11261,A,564,A
131,458,Malaysia,56,Maize (corn),2009,,,,M,,M
7,24,Angola,56,Maize (corn),2010,720,A,1072737,A,1489815,A
11,40,Austria,56,Maize (corn),2010,9724.7,A,1955989.29,A,201137,A
14,52,Barbados,56,Maize (corn),2010,2884.2,E,259.58,I,90,E
23,84,Belize,56,Maize (corn),2010,2926.4,A,58049,A,19836,A
46,178,Congo,56,Maize (corn),2010,817.4,E,10500,A,12845,I
49,192,Cuba,56,Maize (corn),2010,1438.2,A,324463,A,225608,A
57,112,Belarus,56,Maize (corn),2010,4930.6,A,550586,A,111668,A
58,218,Ecuador,56,Maize (corn),2010,2234.8,A,984096,A,440346,A
68,250,France,56,Maize (corn),2010,8829.9,A,13975284.8,A,1582727,A
72,262,Djibouti,56,Maize (corn),2010,1848.3,E,14.06,I,8,I
95,340,Honduras,56,Maize (corn),2010,1650.4,A,548223,A,332167,A
100,356,India,56,Maize (corn),2010,2483.8,A,21063550.6,A,8480267,A
110,392,Japan,56,Maize (corn),2010,2565.9,E,166.46,I,65,I
115,116,Cambodia,56,Maize (corn),2010,3613.4,A,773269,A,214000,A
126,440,Lithuania,56,Maize (corn),2010,6690.1,A,47500,A,7100,A
131,458,Malaysia,56,Maize (corn),2010,,,,M,,M
144,508,Mozambique,56,Maize (corn),2010,1202.4,A,2089890,A,1738042,A
153,540,New Caledonia,56,Maize (corn),2010,3923.5,E,3335,A,850,E
154,807,North Macedonia,56,Maize (corn),2010,4477.8,A,132006,A,29480,A
178,232,Eritrea,56,Maize (corn),2010,900,X,18000,X,20000,X
193,678,Sao Tome and Principe,56,Maize (corn),2010,1615.2,E,1561.17,I,967,I
197,694,Sierra Leone,56,Maize (corn),2010,1450,A,51388,A,35440,A
213,795,Turkmenistan,56,Maize (corn),2010,1700,A,5610,A,3300,A
215,834,United Republic of Tanzania,56,Maize (corn),2010,1551.5,A,4733070,A,3050710,A
217,768,Togo,56,Maize (corn),2010,1193.7,A,638129,A,534572,A
225,784,United Arab Emirates,56,Maize (corn),2010,18558.2,A,5226,A,282,A
235,860,Uzbekistan,56,Maize (corn),2010,8183.7,A,231600,A,28300,A
236,862,Venezuela (Bolivarian Republic of),56,Maize (corn),2010,3745.5,A,2372452,A,633407,A
238,231,Ethiopia,56,Maize (corn),2010,2192.6,A,5481405.9,A,2499980,A
255,56,Belgium,56,Maize (corn),2010,11928.3,A,745891,A,62531,A
272,688,Serbia,56,Maize (corn),2010,5890.3,A,7207191,A,1223579,A
52,31,Azerbaijan,56,Maize (corn),2010,4555.1,A,136061,A,29870,A
18,64,Bhutan,56,Maize (corn),2010,2317.7,A,57663,A,24879,A
19,68,Bolivia (Plurinational State of),56,Maize (corn),2010,2789,A,1018988,A,365354,A
45,174,Comoros,56,Maize (corn),2010,1955.7,E,11723.8,I,5995,I
48,188,Costa Rica,56,Maize (corn),2010,1955.1,A,18765,A,9598,A
250,180,Democratic Republic of the Congo,56,Maize (corn),2010,799.6,E,1782273,A,2229000,I
55,212,Dominica,56,Maize (corn),2010,1416.7,E,170,E,120,E
59,818,Egypt,56,Maize (corn),2010,7270,A,7041099,A,968519,A
209,748,Eswatini,56,Maize (corn),2010,1204,X,84685,X,70334,X
86,308,Grenada,56,Maize (corn),2010,1008.4,E,342.5,I,340,I
109,388,Jamaica,56,Maize (corn),2010,1171,A,2362,A,2017,A
108,398,Kazakhstan,56,Maize (corn),2010,4833.1,A,462040,A,95600,A
114,404,Kenya,56,Maize (corn),2010,1725.1,A,3464541,A,2008346,A
138,484,Mexico,56,Maize (corn),2010,3259.9,A,23301879,A,7148045,A
28,104,Myanmar,56,Maize (corn),2010,3482.6,A,1354400,A,388903,A
149,524,Nepal,56,Maize (corn),2010,2118.6,A,1855184,A,875660,A
156,554,New Zealand,56,Maize (corn),2010,10759.7,A,188812,A,17548,A
211,756,Switzerland,56,Maize (corn),2010,8492.2,A,143502,A,16898,A
216,764,Thailand,56,Maize (corn),2010,4179.9,A,4860746,A,1162898,A
223,792,Türkiye,56,Maize (corn),2010,7261.4,A,4310000,A,593552,A
249,887,Yemen,56,Maize (corn),2010,1681.4,A,89454,A,53202,A
181,716,Zimbabwe,56,Maize (corn),2010,875.1,A,1192399,A,1362563,A
10,36,Australia,56,Maize (corn),2010,5559.3,A,328000,A,59000,A
16,50,Bangladesh,56,Maize (corn),2010,5837.8,A,887391,A,152009,A
29,108,Burundi,56,Maize (corn),2010,1059.5,E,126412,A,119309,I
37,140,Central African Republic,56,Maize (corn),2010,826.7,A,83308,A,100776,A
39,148,Chad,56,Maize (corn),2010,817.4,A,215797,A,263996,A
107,384,Côte d'Ivoire,56,Maize (corn),2010,1980,A,641610,A,324045,A
89,320,Guatemala,56,Maize (corn),2010,1994.4,A,1638248.63,A,821412,A
90,324,Guinea,56,Maize (corn),2010,1631.3,A,584141,A,358092,A
101,360,Indonesia,56,Maize (corn),2010,4435.9,A,18327636,A,4131676,A
106,380,Italy,56,Maize (corn),2010,9167.2,A,8495940,A,926776,A
122,426,Lesotho,56,Maize (corn),2010,907.1,A,128213,A,141340,A
130,454,Malawi,56,Maize (corn),2010,2015.8,A,3419409,A,1696270,A
136,478,Mauritania,56,Maize (corn),2010,859.2,A,19910,A,23174,A
143,504,Morocco,56,Maize (corn),2010,1213.2,A,279150,A,230100,A
157,558,Nicaragua,56,Maize (corn),2010,1339.3,A,456974.09,A,341194,A
166,591,Panama,56,Maize (corn),2010,1400.2,A,66721,A,47652,A
117,410,Republic of Korea,56,Maize (corn),2010,4787.4,A,74339,A,15528,A
185,643,Russian Federation,56,Maize (corn),2010,3008.6,A,3084351,A,1025181,A
194,682,Saudi Arabia,56,Maize (corn),2010,5309.6,A,79384,A,14951,A
199,703,Slovakia,56,Maize (corn),2010,5530.6,A,921313,A,166585,A
203,724,Spain,56,Maize (corn),2010,10555.3,A,3324821,A,314990,A
1,51,Armenia,56,Maize (corn),2010,4672.4,A,12751,A,2729,A
20,72,Botswana,56,Maize (corn),2010,161.7,A,10572,A,65388,A
27,100,Bulgaria,56,Maize (corn),2010,6251.2,A,2047414,A,327525,A
35,132,Cabo Verde,56,Maize (corn),2010,220,A,7047,A,32028,A
40,152,Chile,56,Maize (corn),2010,11080.8,A,1357920.9,A,122547,A
60,222,El Salvador,56,Maize (corn),2010,3025.3,A,768113,A,253894,A
73,268,Georgia,56,Maize (corn),2010,1413.8,A,141100,A,99800,A
79,276,Germany,56,Maize (corn),2010,9026.1,A,4211501,A,466591,A
81,288,Ghana,56,Maize (corn),2010,1887.4,A,1871695,A,991669,A
120,418,Lao People's Democratic Republic,56,Maize (corn),2010,4798.6,A,1020875,A,212745,A
129,450,Madagascar,56,Maize (corn),2010,1557.7,A,411914,A,264429,A
137,480,Mauritius,56,Maize (corn),2010,6833.3,A,328,A,48,A
150,528,Netherlands (Kingdom of the),56,Maize (corn),2010,11767.3,A,196903,A,16733,A
155,548,Vanuatu,56,Maize (corn),2010,563.6,E,822.91,I,1460,I
167,203,Czechia,56,Maize (corn),2010,6706.2,A,692589,A,103276,A
169,600,Paraguay,56,Maize (corn),2010,3915.2,A,3108821,A,794034,A
173,616,Poland,56,Maize (corn),2010,5982.4,A,1994391,A,333375,A
195,686,Senegal,56,Maize (corn),2010,1538.4,A,186511.03,A,121235,A
202,710,South Africa,56,Maize (corn),2010,4673.6,A,12815000,A,2742000,A
214,158,"China, Taiwan Province of",56,Maize (corn),2010,6480.2,A,115788,A,17868,A
230,804,Ukraine,56,Maize (corn),2010,4514.7,A,11953000,A,2647600,A
237,704,Viet Nam,56,Maize (corn),2010,4089.9,A,4606800,A,1126391,A
256,442,Luxembourg,56,Maize (corn),2010,8309.3,A,3116,A,375,A
2,4,Afghanistan,56,Maize (corn),2010,1644.8,A,301000,A,183000,A
8,28,Antigua and Barbuda,56,Maize (corn),2010,1585.9,E,63.44,I,40,E
56,214,Dominican Republic,56,Maize (corn),2010,1681.8,A,35078.02,A,20858,A
98,191,Croatia,56,Maize (corn),2010,6967.8,A,2067815,A,296768,A
105,376,Israel,56,Maize (corn),2010,29235.5,A,86537,A,2960,A
112,400,Jordan,56,Maize (corn),2010,,,,E,,E
132,462,Maldives,56,Maize (corn),2010,4547,E,107.47,I,24,I
133,466,Mali,56,Maize (corn),2010,2688.6,A,1356043,A,504362,A
174,620,Portugal,56,Maize (corn),2010,6929.5,A,626222,A,90371,A
206,736,Sudan (former),56,Maize (corn),2010,1322.8,A,35000,A,26460,A
221,512,Oman,56,Maize (corn),2010,8422.8,A,10360,A,1230,A
233,854,Burkina Faso,56,Maize (corn),2010,1434.2,A,1133452,A,790321,A
3,8,Albania,56,Maize (corn),2010,6679,A,362000,A,54200,A
9,32,Argentina,56,Maize (corn),2010,7804,A,22663095,A,2904035,A
12,44,Bahamas,56,Maize (corn),2010,7533.3,A,678,A,90,A
41,156,"China, mainland",56,Maize (corn),2010,5459.2,A,177425000,A,32500120,A
66,242,Fiji,56,Maize (corn),2010,2043.3,E,923,A,452,I
84,300,Greece,56,Maize (corn),2010,10381.8,A,2138486.02,A,205984,A
93,332,Haiti,56,Maize (corn),2010,803.5,E,340000,X,423169,I
97,348,Hungary,56,Maize (corn),2010,6474.5,A,6984872,A,1078825,A
159,566,Nigeria,56,Maize (corn),2010,1850.2,A,7676850,A,4149310,A
170,604,Peru,56,Maize (corn),2010,3099.9,A,1541195,A,497176,A
201,706,Somalia,56,Maize (corn),2010,1509.8,X,132627,X,87843,X
212,760,Syrian Arab Republic,56,Maize (corn),2010,3510.2,A,133100,A,37918,A
231,840,United States of America,56,Maize (corn),2010,9575.7,A,315617920,A,32960380,A
4,12,Algeria,56,Maize (corn),2010,2582.7,A,359,A,139,A
44,170,Colombia,56,Maize (corn),2010,2722.7,A,1421868,A,522237,A
75,270,Gambia,56,Maize (corn),2010,1250,A,66000,A,52800,A
179,634,Qatar,56,Maize (corn),2010,20755.6,A,1868,A,90,A
189,662,Saint Lucia,56,Maize (corn),2010,,,,M,,M
198,705,Slovenia,56,Maize (corn),2010,8539.4,A,311117,A,36433,A
208,762,Tajikistan,56,Maize (corn),2010,12052.1,A,151061,A,12534,A
234,858,Uruguay,56,Maize (corn),2010,5511.5,A,529100,A,96000,A
251,894,Zambia,56,Maize (corn),2010,2587.1,A,2795483,A,1080556,A
80,70,Bosnia and Herzegovina,56,Maize (corn),2010,4521.1,A,853376,A,188752,A
21,76,Brazil,56,Maize (corn),2010,4366.7,A,55364271,A,12678875,A
33,124,Canada,56,Maize (corn),2010,9750.9,A,12043300,A,1235100,A
116,408,Democratic People's Republic of Korea,56,Maize (corn),2010,3345.9,A,1683000,A,503000,A
74,266,Gabon,56,Maize (corn),2010,1573.3,E,39333.08,I,25000,E
175,624,Guinea-Bissau,56,Maize (corn),2010,1047,E,12312,X,11760,I
91,328,Guyana,56,Maize (corn),2010,1368.7,E,4338.98,I,3170,I
102,364,Iran (Islamic Republic of),56,Maize (corn),2010,6898.1,A,1656995.9,A,240209,A
103,368,Iraq,56,Maize (corn),2010,2358.6,A,266699,A,113075,A
113,417,Kyrgyzstan,56,Maize (corn),2010,6063.2,A,440878,A,72714,A
121,422,Lebanon,56,Maize (corn),2010,3661.4,E,6023.08,I,1645,A
124,434,Libya,56,Maize (corn),2010,1933.3,X,2900,X,1500,X
273,499,Montenegro,56,Maize (corn),2010,3795,A,1685,A,444,A
147,516,Namibia,56,Maize (corn),2010,1979.2,E,53070.76,I,26814,I
191,670,Saint Vincent and the Grenadines,56,Maize (corn),2010,18774.2,A,582,A,31,A
176,626,Timor-Leste,56,Maize (corn),2010,2119.3,A,148890.78,A,70255,A
226,800,Uganda,56,Maize (corn),2010,2299.9,A,2373501,A,1032000,A
32,120,Cameroon,56,Maize (corn),2010,1974.1,A,1670321,A,846130,A
158,562,Niger,56,Maize (corn),2010,786.9,A,9756,A,12398,A
165,586,Pakistan,56,Maize (corn),2010,3805.2,A,3706910,A,974180,A
168,598,Papua New Guinea,56,Maize (corn),2010,5000,E,11000,E,2200,E
171,608,Philippines,56,Maize (corn),2010,2551.7,A,6376796,A,2499040,A
184,646,Rwanda,56,Maize (corn),2010,2341.6,A,432404,A,184658,A
146,498,Republic of Moldova,56,Maize (corn),2010,3454,A,1419851,A,411077,A
118,414,Kuwait,56,Maize (corn),2010,19734.9,A,18310,A,928,A
38,144,Sri Lanka,56,Maize (corn),2010,2806.1,A,161690,A,57620,A
53,204,Benin,56,Maize (corn),2010,1102.8,A,1012630,A,918237,A
54,208,Denmark,56,Maize (corn),2010,4810.5,A,45700,A,9500,A
145,583,Micronesia (Federated States of),56,Maize (corn),2010,1343.6,E,70.74,I,53,I
183,642,Romania,56,Maize (corn),2010,4317.6,A,9042032,A,2094249,A
207,740,Suriname,56,Maize (corn),2010,2333.3,A,35,A,15,A
220,780,Trinidad and Tobago,56,Maize (corn),2010,,,,A,,A
177,630,Puerto Rico,56,Maize (corn),2010,2628.1,E,188.19,I,72,I
4,12,Algeria,56,Maize (corn),2011,2337.4,A,575,A,246,A
9,32,Argentina,56,Maize (corn),2011,6350.3,A,23799830,A,3747838,A
21,76,Brazil,56,Maize (corn),2011,4210.7,A,55660235,A,13218892,A
35,132,Cabo Verde,56,Maize (corn),2011,177.8,A,5569,A,31318,A
46,178,Congo,56,Maize (corn),2011,828.5,E,10713.86,I,12932,I
52,31,Azerbaijan,56,Maize (corn),2011,4546,A,152306,A,33503,A
74,266,Gabon,56,Maize (corn),2011,1573.6,E,40913.5,I,26000,E
93,332,Haiti,56,Maize (corn),2011,809.3,E,360000,X,444809,I
95,340,Honduras,56,Maize (corn),2011,1659.3,A,544965,A,328424,A
97,348,Hungary,56,Maize (corn),2011,6497.6,A,7992000,A,1230000,A
102,364,Iran (Islamic Republic of),56,Maize (corn),2011,7195.9,A,1907007,A,265012,A
103,368,Iraq,56,Maize (corn),2011,2607.7,A,335710,A,128736,A
120,418,Lao People's Democratic Republic,56,Maize (corn),2011,5168.4,A,1096235,A,212105,A
137,480,Mauritius,56,Maize (corn),2011,7441.9,A,320,A,43,A
149,524,Nepal,56,Maize (corn),2011,2281.4,A,2067522,A,906253,A
169,600,Paraguay,56,Maize (corn),2011,3919.8,A,3345877,A,853592,A
177,630,Puerto Rico,56,Maize (corn),2011,2690.2,E,158.78,I,59,I
178,232,Eritrea,56,Maize (corn),2011,952.4,X,20000,X,21000,X
191,670,Saint Vincent and the Grenadines,56,Maize (corn),2011,27640,A,691,A,25,A
197,694,Sierra Leone,56,Maize (corn),2011,1520,A,52416,A,34484,A
209,748,Eswatini,56,Maize (corn),2011,1345.2,X,75418,X,56064,X
213,795,Turkmenistan,56,Maize (corn),2011,1620.6,A,5510,A,3400,A
249,887,Yemen,56,Maize (corn),2011,1514.2,A,67367,A,44491,A
16,50,Bangladesh,56,Maize (corn),2011,6151.2,A,1018287,A,165542,A
40,152,Chile,56,Maize (corn),2011,11997.8,A,1437561,A,119819,A
48,188,Costa Rica,56,Maize (corn),2011,2254,A,18501,A,8208,A
54,208,Denmark,56,Maize (corn),2011,5217,A,55300,A,10600,A
72,262,Djibouti,56,Maize (corn),2011,1879.3,E,14.97,I,8,I
84,300,Greece,56,Maize (corn),2011,10706.9,A,2291805.67,A,214049,A
108,398,Kazakhstan,56,Maize (corn),2011,4986.4,A,481960,A,96654,A
118,414,Kuwait,56,Maize (corn),2011,19723.2,A,31498,A,1597,A
144,508,Mozambique,56,Maize (corn),2011,1202,A,2178842,A,1812717,A
28,104,Myanmar,56,Maize (corn),2011,3551.1,A,1461500,A,411566,A
147,516,Namibia,56,Maize (corn),2011,1918.8,E,53800,X,28038,I
156,554,New Zealand,56,Maize (corn),2011,11384.2,A,210175,A,18462,A
157,558,Nicaragua,56,Maize (corn),2011,1410.1,A,504079.14,A,357488,A
154,807,North Macedonia,56,Maize (corn),2011,4270.4,A,129322,A,30283,A
168,598,Papua New Guinea,56,Maize (corn),2011,5777.8,E,13000,E,2250,E
185,643,Russian Federation,56,Maize (corn),2011,4344.4,A,6962438,A,1602609,A
201,706,Somalia,56,Maize (corn),2011,1790.1,X,65126,X,36382,X
206,736,Sudan (former),56,Maize (corn),2011,1351.4,A,42000,A,31080,A
176,626,Timor-Leste,56,Maize (corn),2011,2294.3,A,49783,A,21699,A
155,548,Vanuatu,56,Maize (corn),2011,570.8,E,830.58,I,1455,I
236,862,Venezuela (Bolivarian Republic of),56,Maize (corn),2011,3488.1,A,2033934,A,583100,A
10,36,Australia,56,Maize (corn),2011,5739,A,356943,A,62196,A
18,64,Bhutan,56,Maize (corn),2011,2805.4,A,79826,A,28455,A
20,72,Botswana,56,Maize (corn),2011,347.3,A,35222,A,101425,A
214,158,"China, Taiwan Province of",56,Maize (corn),2011,6773.2,A,123232,A,18194,A
49,192,Cuba,56,Maize (corn),2011,2470,A,354000,A,143318,A
167,203,Czechia,56,Maize (corn),2011,8790.8,A,1063736,A,121006,A
89,320,Guatemala,56,Maize (corn),2011,1997.6,A,1675235,A,838605,A
110,392,Japan,56,Maize (corn),2011,2581.7,E,167.81,I,65,I
121,422,Lebanon,56,Maize (corn),2011,3543.8,E,3000,X,847,I
122,426,Lesotho,56,Maize (corn),2011,634.4,A,73390,A,115688,A
124,434,Libya,56,Maize (corn),2011,2164.3,E,2860,X,1321,I
256,442,Luxembourg,56,Maize (corn),2011,7780,A,2334,A,300,A
138,484,Mexico,56,Maize (corn),2011,2905.8,A,17635417,A,6069092,A
158,562,Niger,56,Maize (corn),2011,840.5,A,6983,A,8308,A
159,566,Nigeria,56,Maize (corn),2011,1627.1,A,8878456,A,5456540,A
166,591,Panama,56,Maize (corn),2011,1864,A,105426,A,56560,A
170,604,Peru,56,Maize (corn),2011,3186.6,A,1515774,A,475671,A
184,646,Rwanda,56,Maize (corn),2011,2352.9,A,525679,A,223414,A
230,804,Ukraine,56,Maize (corn),2011,6444.6,A,22837900,A,3543700,A
225,784,United Arab Emirates,56,Maize (corn),2011,24064.3,E,4590.17,I,191,I
234,858,Uruguay,56,Maize (corn),2011,3537.7,A,286200,A,80900,A
181,716,Zimbabwe,56,Maize (corn),2011,656.8,A,1010473,A,1538577,A
12,44,Bahamas,56,Maize (corn),2011,7308.5,A,687,A,94,A
23,84,Belize,56,Maize (corn),2011,3223.6,A,62706,A,19452,A
32,120,Cameroon,56,Maize (corn),2011,2024,A,1572067,A,776694,A
39,148,Chad,56,Maize (corn),2011,1227.1,A,299472,A,244046,A
44,170,Colombia,56,Maize (corn),2011,2859.1,A,1719794.71,A,601517,A
73,268,Georgia,56,Maize (corn),2011,2286.7,A,269600,A,117900,A
75,270,Gambia,56,Maize (corn),2011,934.9,A,23613,A,25256,A
101,360,Indonesia,56,Maize (corn),2011,4565.2,A,17643250,A,3864692,A
105,376,Israel,56,Maize (corn),2011,33815.8,A,96375,A,2850,A
133,466,Mali,56,Maize (corn),2011,1403.7,A,1298234,A,924850,A
143,504,Morocco,56,Maize (corn),2011,1153.3,A,221298,A,191880,A
189,662,Saint Lucia,56,Maize (corn),2011,,,,M,,M
199,703,Slovakia,56,Maize (corn),2011,7148.9,A,1444358,A,202038,A
208,762,Tajikistan,56,Maize (corn),2011,12122.8,A,154881,A,12776,A
211,756,Switzerland,56,Maize (corn),2011,11444.7,A,178000,A,15553,A
217,768,Togo,56,Maize (corn),2011,1245.3,A,650831,A,522630,A
226,800,Uganda,56,Maize (corn),2011,2399.9,A,2551000,A,1062960,A
251,894,Zambia,56,Maize (corn),2011,2741.4,A,3020380,A,1101785,A
29,108,Burundi,56,Maize (corn),2011,1108.7,E,128483,A,115882,I
45,174,Comoros,56,Maize (corn),2011,1937.8,E,12592.15,I,6498,I
57,112,Belarus,56,Maize (corn),2011,6595,A,1213124,A,183947,A
80,70,Bosnia and Herzegovina,56,Maize (corn),2011,3899.2,A,764119,A,195970,A
81,288,Ghana,56,Maize (corn),2011,1645.8,A,1683984,A,1023177,A
91,328,Guyana,56,Maize (corn),2011,1376.9,E,4319.71,I,3137,I
106,380,Italy,56,Maize (corn),2011,9803.3,A,9752592,A,994831,A
107,384,Côte d'Ivoire,56,Maize (corn),2011,1896.9,A,621790,A,327800,A
113,417,Kyrgyzstan,56,Maize (corn),2011,6014.3,A,446411,A,74225,A
115,116,Cambodia,56,Maize (corn),2011,4114.6,A,717000,A,174257,A
116,408,Democratic People's Republic of Korea,56,Maize (corn),2011,3691.8,A,1857000,A,503000,A
126,440,Lithuania,56,Maize (corn),2011,7489.6,A,71900,A,9600,A
132,462,Maldives,56,Maize (corn),2011,4894,E,116.32,I,24,I
136,478,Mauritania,56,Maize (corn),2011,661.1,A,11609,A,17559,A
150,528,Netherlands (Kingdom of the),56,Maize (corn),2011,12335.5,A,204400,A,16570,A
173,616,Poland,56,Maize (corn),2011,7177,A,2392100,A,333300,A
179,634,Qatar,56,Maize (corn),2011,12555.6,A,1130,A,90,A
183,642,Romania,56,Maize (corn),2011,4529.2,A,11717591,A,2587102,A
193,678,Sao Tome and Principe,56,Maize (corn),2011,2099.5,E,1084.5,A,517,I
194,682,Saudi Arabia,56,Maize (corn),2011,5995.8,A,91747,A,15302,A
202,710,South Africa,56,Maize (corn),2011,4367.1,A,10360000,A,2372300,A
215,834,United Republic of Tanzania,56,Maize (corn),2011,1320.3,A,4340823,A,3287850,A
233,854,Burkina Faso,56,Maize (corn),2011,1535.6,A,1076753,A,701196,A
237,704,Viet Nam,56,Maize (corn),2011,4312.8,A,4835716.86,A,1121255,A
250,180,Democratic Republic of the Congo,56,Maize (corn),2011,778,E,1892657,A,2432720,I
255,56,Belgium,56,Maize (corn),2011,11936,A,859692,A,72025,A
238,231,Ethiopia,56,Maize (corn),2011,2221.3,E,5747070,E,2587240,E
86,308,Grenada,56,Maize (corn),2011,1009,E,350.51,I,347,I
100,356,India,56,Maize (corn),2011,2493.5,A,21574657.4,A,8652320,A
114,404,Kenya,56,Maize (corn),2011,1584,A,3376862,A,2131887,A
273,499,Montenegro,56,Maize (corn),2011,4200.7,A,2554,A,608,A
165,586,Pakistan,56,Maize (corn),2011,3989.7,A,4338380,A,1087400,A
171,608,Philippines,56,Maize (corn),2011,2739.6,A,6971221,A,2544612,A
216,764,Thailand,56,Maize (corn),2011,4329.7,A,4972952,A,1148576,A
220,780,Trinidad and Tobago,56,Maize (corn),2011,,,,A,,A
14,52,Barbados,56,Maize (corn),2011,2987.6,E,268.89,I,90,E
37,140,Central African Republic,56,Maize (corn),2011,827.5,A,84373,A,101957,A
38,144,Sri Lanka,56,Maize (corn),2011,2726.2,A,137797,A,50545,A
58,218,Ecuador,56,Maize (corn),2011,1667.2,A,963262,A,577784,A
59,818,Egypt,56,Maize (corn),2011,7740.9,A,6876473,A,888329,A
79,276,Germany,56,Maize (corn),2011,10624.3,A,5183600,A,487900,A
146,498,Republic of Moldova,56,Maize (corn),2011,3254.8,A,1468263,A,451109,A
153,540,New Caledonia,56,Maize (corn),2011,3462.7,E,2597,A,750,E
195,686,Senegal,56,Maize (corn),2011,1133.1,A,124092,A,109517,A
11,40,Austria,56,Maize (corn),2011,11299.6,A,2453133,A,217100,A
33,124,Canada,56,Maize (corn),2011,8931.2,A,11358700,A,1271800,A
55,212,Dominica,56,Maize (corn),2011,1400,E,140,E,100,E
66,242,Fiji,56,Maize (corn),2011,1957.2,A,200,A,102,A
68,250,France,56,Maize (corn),2011,9966.8,A,15914121.2,A,1596711,A
175,624,Guinea-Bissau,56,Maize (corn),2011,1050.9,E,8000,X,7613,I
109,388,Jamaica,56,Maize (corn),2011,1274.7,A,2733,A,2144,A
145,583,Micronesia (Federated States of),56,Maize (corn),2011,1368,E,74.7,I,55,I
117,410,Republic of Korea,56,Maize (corn),2011,4652.2,A,73612,A,15823,A
203,724,Spain,56,Maize (corn),2011,11373.8,A,4199927,A,369264,A
207,740,Suriname,56,Maize (corn),2011,2285.7,A,32,A,14,A
231,840,United States of America,56,Maize (corn),2011,9214.6,A,312788890,A,33944990,A
235,860,Uzbekistan,56,Maize (corn),2011,9681.9,A,256289,A,26471,A
2,4,Afghanistan,56,Maize (corn),2011,1640,A,300120,A,183000,A
7,24,Angola,56,Maize (corn),2011,737.6,A,1262222,A,1711142,A
1,51,Armenia,56,Maize (corn),2011,5425.7,A,19120,A,3524,A
19,68,Bolivia (Plurinational State of),56,Maize (corn),2011,2476.6,A,918091.18,A,370710,A
198,705,Slovenia,56,Maize (corn),2011,8685.6,A,349030,A,40185,A
41,156,"China, mainland",56,Maize (corn),2011,5747.5,A,192781000,A,33541670,A
56,214,Dominican Republic,56,Maize (corn),2011,1622.9,A,35431,A,21832,A
60,222,El Salvador,56,Maize (corn),2011,2818.1,A,756352,A,268392,A
90,324,Guinea,56,Maize (corn),2011,1658.4,A,611294,A,368607,A
112,400,Jordan,56,Maize (corn),2011,,,,E,,E
174,620,Portugal,56,Maize (corn),2011,8104,A,810267,A,99983,A
272,688,Serbia,56,Maize (corn),2011,5148.9,A,6479564,A,1258437,A
223,792,Türkiye,56,Maize (corn),2011,7170.7,A,4200000,A,585713,A
53,204,Benin,56,Maize (corn),2011,1421.6,A,1165957,A,820161,A
27,100,Bulgaria,56,Maize (corn),2011,5531,A,2209204,A,399421,A
98,191,Croatia,56,Maize (corn),2011,5681.7,A,1733664,A,305130,A
130,454,Malawi,56,Maize (corn),2011,2207.9,A,3699147,A,1675377,A
221,512,Oman,56,Maize (corn),2011,7835.8,E,15445.07,I,1971,I
8,28,Antigua and Barbuda,56,Maize (corn),2011,1597.4,E,71.88,I,45,E
131,458,Malaysia,56,Maize (corn),2011,,,,M,,M
3,8,Albania,56,Maize (corn),2011,5986.9,A,366400,A,61200,A
212,760,Syrian Arab Republic,56,Maize (corn),2011,5047.8,A,298368,A,59109,A
129,450,Madagascar,56,Maize (corn),2011,1545.5,E,428390,A,277182,I
2,4,Afghanistan,56,Maize (corn),2012,2198.6,A,310000,A,141000,A
14,52,Barbados,56,Maize (corn),2012,3200,E,320,E,100,E
19,68,Bolivia (Plurinational State of),56,Maize (corn),2012,2851.7,A,1043058.53,A,365773,A
35,132,Cabo Verde,56,Maize (corn),2012,196.2,A,6001,A,30582,A
48,188,Costa Rica,56,Maize (corn),2012,2320.6,A,17323,A,7465,A
49,192,Cuba,56,Maize (corn),2012,2347.1,A,360400,A,153553,A
53,204,Benin,56,Maize (corn),2012,1262.2,A,1185019.9,A,938846,A
59,818,Egypt,56,Maize (corn),2012,7772.3,A,8093646,A,1041345,A
81,288,Ghana,56,Maize (corn),2012,1871.2,A,1949897,A,1042083,A
107,384,Côte d'Ivoire,56,Maize (corn),2012,2120,A,654738,A,308839,A
114,404,Kenya,56,Maize (corn),2012,1736.6,A,3749880,A,2159322,A
115,116,Cambodia,56,Maize (corn),2012,4413.8,A,950909,A,215442,A
126,440,Lithuania,56,Maize (corn),2012,6108.5,A,78800,A,12900,A
130,454,Malawi,56,Maize (corn),2012,2193.2,A,3618699,A,1650000,A
136,478,Mauritania,56,Maize (corn),2012,690.4,A,22841,A,33086,A
144,508,Mozambique,56,Maize (corn),2012,1498,A,2354778,A,1572000,A
149,524,Nepal,56,Maize (corn),2012,2501.1,A,2179414,A,871387,A
150,528,Netherlands (Kingdom of the),56,Maize (corn),2012,12342,A,191363,A,15505,A
155,548,Vanuatu,56,Maize (corn),2012,571.4,E,800,E,1400,E
167,203,Czechia,56,Maize (corn),2012,7777.8,A,928147,A,119333,A
171,608,Philippines,56,Maize (corn),2012,2855.5,A,7407068.35,A,2593924,A
203,724,Spain,56,Maize (corn),2012,10916.4,A,4262116,A,390433,A
207,740,Suriname,56,Maize (corn),2012,2636.4,A,29,A,11,A
209,748,Eswatini,56,Maize (corn),2012,1337.5,X,81934,X,61260,X
212,760,Syrian Arab Republic,56,Maize (corn),2012,4278,A,257684,A,60234,A
217,768,Togo,56,Maize (corn),2012,1191.4,A,825710,A,693035,A
221,512,Oman,56,Maize (corn),2012,7893.2,E,14106.96,I,1787,I
223,792,Türkiye,56,Maize (corn),2012,7392.6,A,4600000,A,622243,A
236,862,Venezuela (Bolivarian Republic of),56,Maize (corn),2012,3516.1,A,2107861,A,599496,A
251,894,Zambia,56,Maize (corn),2012,2654.5,A,2852687,A,1074658,A
273,499,Montenegro,56,Maize (corn),2012,3200.7,A,1882,A,588,A
7,24,Angola,56,Maize (corn),2012,777,A,454343,A,584732,A
1,51,Armenia,56,Maize (corn),2012,6221.5,A,19131,A,3075,A
11,40,Austria,56,Maize (corn),2012,10702.5,A,2351370,A,219702,A
20,72,Botswana,56,Maize (corn),2012,137,A,7677,A,56051,A
44,170,Colombia,56,Maize (corn),2012,2905.2,A,1872855.14,A,644651,A
60,222,El Salvador,56,Maize (corn),2012,3258,A,925839,A,284176,A
238,231,Ethiopia,56,Maize (corn),2012,2593.3,A,6700800.7,A,2583900,A
74,266,Gabon,56,Maize (corn),2012,1573.9,E,41707.52,I,26500,E
84,300,Greece,56,Maize (corn),2012,10455.9,A,2226175.66,A,212912,A
175,624,Guinea-Bissau,56,Maize (corn),2012,1046.6,E,7195,A,6874,I
102,364,Iran (Islamic Republic of),56,Maize (corn),2012,6185.6,A,1798000,A,290676,A
109,388,Jamaica,56,Maize (corn),2012,1189.1,A,2820,A,2372,A
122,426,Lesotho,56,Maize (corn),2012,695.2,E,88186.69,I,126854,I
133,466,Mali,56,Maize (corn),2012,2442.7,A,1418907,A,580881,A
137,480,Mauritius,56,Maize (corn),2012,7120.7,A,413,A,58,A
145,583,Micronesia (Federated States of),56,Maize (corn),2012,1428.6,E,80,E,56,E
156,554,New Zealand,56,Maize (corn),2012,10864.7,A,211231,A,19442,A
157,558,Nicaragua,56,Maize (corn),2012,1349.3,A,465293,A,344850,A
154,807,North Macedonia,56,Maize (corn),2012,3955.4,A,118821,A,30040,A
170,604,Peru,56,Maize (corn),2012,3308.4,A,1673873.64,A,505944,A
173,616,Poland,56,Maize (corn),2012,7348.1,A,3995900,A,543800,A
117,410,Republic of Korea,56,Maize (corn),2012,4894.4,A,83210,A,17001,A
194,682,Saudi Arabia,56,Maize (corn),2012,6013.5,A,93377,A,15528,A
201,706,Somalia,56,Maize (corn),2012,1766.2,X,145128,X,82169,X
276,729,Sudan,56,Maize (corn),2012,1663.4,A,51000,A,30660,A
216,764,Thailand,56,Maize (corn),2012,4322.5,A,4947530,A,1144606,A
213,795,Turkmenistan,56,Maize (corn),2012,1884.3,E,48000,X,25473,I
4,12,Algeria,56,Maize (corn),2012,2558.3,A,1755,A,686,A
10,36,Australia,56,Maize (corn),2012,6465.4,A,450535,A,69684,A
12,44,Bahamas,56,Maize (corn),2012,7340.4,A,690,A,94,A
16,50,Bangladesh,56,Maize (corn),2012,6583.8,A,1297717,A,197108,A
23,84,Belize,56,Maize (corn),2012,3661.3,A,63472,A,17336,A
33,124,Canada,56,Maize (corn),2012,9157.9,A,13060100,A,1426100,A
40,152,Chile,56,Maize (corn),2012,10722.4,A,1493292,A,139268,A
41,156,"China, mainland",56,Maize (corn),2012,5869.7,A,205614100,A,35029820,A
54,208,Denmark,56,Maize (corn),2012,5821.7,A,75100,A,12900,A
55,212,Dominica,56,Maize (corn),2012,1666.7,E,200,E,120,E
79,276,Germany,56,Maize (corn),2012,10480.2,A,5514700,A,526200,A
90,324,Guinea,56,Maize (corn),2012,1220,A,641045,A,525447,A
93,332,Haiti,56,Maize (corn),2012,816,E,201791.61,A,247307,I
101,360,Indonesia,56,Maize (corn),2012,4898.7,A,19387022,A,3957595,A
103,368,Iraq,56,Maize (corn),2012,3344.4,A,503389,A,150516,A
106,380,Italy,56,Maize (corn),2012,8032.5,A,7860123.3,A,978543,A
108,398,Kazakhstan,56,Maize (corn),2012,5187.7,A,520430,A,100320,A
132,462,Maldives,56,Maize (corn),2012,5200,E,130,E,25,E
28,104,Myanmar,56,Maize (corn),2012,3585.1,A,1501600,A,418850,A
158,562,Niger,56,Maize (corn),2012,1043.7,A,15844,A,15180,A
159,566,Nigeria,56,Maize (corn),2012,1511.8,A,8694900,A,5751300,A
179,634,Qatar,56,Maize (corn),2012,12489.4,A,1174,A,94,A
183,642,Romania,56,Maize (corn),2012,2187,A,5953352,A,2722180,A
185,643,Russian Federation,56,Maize (corn),2012,4238.8,A,8212924,A,1937542,A
184,646,Rwanda,56,Maize (corn),2012,2258.7,A,573038,A,253698,A
189,662,Saint Lucia,56,Maize (corn),2012,,,,M,,M
191,670,Saint Vincent and the Grenadines,56,Maize (corn),2012,25878.8,A,854,A,33,A
198,705,Slovenia,56,Maize (corn),2012,7081.6,A,277358,A,39166,A
215,834,United Republic of Tanzania,56,Maize (corn),2012,1239.5,A,5104248,A,4118117,A
235,860,Uzbekistan,56,Maize (corn),2012,8035.7,A,328090,A,40829,A
9,32,Argentina,56,Maize (corn),2012,5734.6,A,21196637,A,3696300,A
18,64,Bhutan,56,Maize (corn),2012,2842.2,A,73024,A,25693,A
27,100,Bulgaria,56,Maize (corn),2012,3680,A,1717785,A,466789,A
58,218,Ecuador,56,Maize (corn),2012,2732.4,A,1329532,A,486580,A
91,328,Guyana,56,Maize (corn),2012,1375.6,E,4000,X,2908,I
97,348,Hungary,56,Maize (corn),2012,3997.9,A,4762710,A,1191290,A
98,191,Croatia,56,Maize (corn),2012,4337.4,A,1297590,A,299161,A
116,408,Democratic People's Republic of Korea,56,Maize (corn),2012,3841.8,A,2040000,A,531000,A
124,434,Libya,56,Maize (corn),2012,2185.1,E,3220.16,I,1474,I
138,484,Mexico,56,Maize (corn),2012,3187.4,A,22069254,A,6923900,A
165,586,Pakistan,56,Maize (corn),2012,3983,A,4220100,A,1059540,A
166,591,Panama,56,Maize (corn),2012,2017.3,A,117591,A,58290,A
177,630,Puerto Rico,56,Maize (corn),2012,2750,A,11,A,4,A
181,716,Zimbabwe,56,Maize (corn),2012,791.2,A,1095953.67,A,1385161,A
225,784,United Arab Emirates,56,Maize (corn),2012,12112.2,A,3779,A,312,A
29,108,Burundi,56,Maize (corn),2012,1176.3,A,140536,A,119478,A
46,178,Congo,56,Maize (corn),2012,821.9,E,10944.63,I,13316,I
52,31,Azerbaijan,56,Maize (corn),2012,5102.9,A,181930,A,35652,A
56,214,Dominican Republic,56,Maize (corn),2012,1567.5,A,41591.22,A,26534,A
75,270,Gambia,56,Maize (corn),2012,1064.3,A,30106,A,28288,A
86,308,Grenada,56,Maize (corn),2012,1028.6,E,360,E,350,E
105,376,Israel,56,Maize (corn),2012,25556.3,A,85358,A,3340,A
174,620,Portugal,56,Maize (corn),2012,8304.2,A,848666,A,102197,A
178,232,Eritrea,56,Maize (corn),2012,1047.6,X,22000,X,21000,X
193,678,Sao Tome and Principe,56,Maize (corn),2012,2099,E,917.4,A,437,I
197,694,Sierra Leone,56,Maize (corn),2012,2200,A,39237,A,17835,A
231,840,United States of America,56,Maize (corn),2012,7727,A,273192400,A,35355740,A
233,854,Burkina Faso,56,Maize (corn),2012,1838.6,A,1556316,A,846488,A
249,887,Yemen,56,Maize (corn),2012,1579.9,A,78534,A,49707,A
272,688,Serbia,56,Maize (corn),2012,3619.4,A,3532602,A,976020,A
32,120,Cameroon,56,Maize (corn),2012,1715.2,A,1749976,A,1020303,A
39,148,Chad,56,Maize (corn),2012,1367.9,A,455965,A,333325,A
214,158,"China, Taiwan Province of",56,Maize (corn),2012,6319.3,A,105184,A,16645,A
73,268,Georgia,56,Maize (corn),2012,2447.3,A,267000,A,109100,A
95,340,Honduras,56,Maize (corn),2012,1579.5,A,524463,A,332041,A
100,356,India,56,Maize (corn),2012,2493,A,21477569,A,8615188,A
118,414,Kuwait,56,Maize (corn),2012,19730.6,A,21605,A,1095,A
120,418,Lao People's Democratic Republic,56,Maize (corn),2012,5718.5,A,1125485,A,196815,A
143,504,Morocco,56,Maize (corn),2012,764.8,A,90221,A,117960,A
147,516,Namibia,56,Maize (corn),2012,1885,E,87600,X,46471,I
195,686,Senegal,56,Maize (corn),2012,1546.5,A,228422.65,A,147699,A
208,762,Tajikistan,56,Maize (corn),2012,12567,A,174857,A,13914,A
230,804,Ukraine,56,Maize (corn),2012,4794.6,A,20961300,A,4371900,A
21,76,Brazil,56,Maize (corn),2012,5005.7,A,71072810,A,14198496,A
68,250,France,56,Maize (corn),2012,9002.4,A,15393496.8,A,1709936,A
113,417,Kyrgyzstan,56,Maize (corn),2012,6096.5,A,578294,A,94856,A
153,540,New Caledonia,56,Maize (corn),2012,4642.2,E,4178,A,900,E
168,598,Papua New Guinea,56,Maize (corn),2012,4761.9,E,10000,X,2100,E
169,600,Paraguay,56,Maize (corn),2012,3095,A,3079525,A,995000,A
220,780,Trinidad and Tobago,56,Maize (corn),2012,,,,A,,A
234,858,Uruguay,56,Maize (corn),2012,4261.5,A,528000,A,123900,A
250,180,Democratic Republic of the Congo,56,Maize (corn),2012,778.2,E,1938044,A,2490470,I
256,442,Luxembourg,56,Maize (corn),2012,8090,A,1618,A,200,A
80,70,Bosnia and Herzegovina,56,Maize (corn),2012,2745.1,A,539432,A,196504,A
37,140,Central African Republic,56,Maize (corn),2012,804.1,A,84365,A,104917,A
45,174,Comoros,56,Maize (corn),2012,1920,E,13412.4,I,6986,I
121,422,Lebanon,56,Maize (corn),2012,3468.1,E,3000,X,865,I
3,8,Albania,56,Maize (corn),2012,6729,A,360000,A,53500,A
72,262,Djibouti,56,Maize (corn),2012,2000,E,16,E,8,E
89,320,Guatemala,56,Maize (corn),2012,2034.8,A,1723465,A,846992,A
129,450,Madagascar,56,Maize (corn),2012,1659.1,E,447948,A,269997,I
131,458,Malaysia,56,Maize (corn),2012,,,,M,,M
199,703,Slovakia,56,Maize (corn),2012,5511.8,A,1170354,A,212336,A
237,704,Viet Nam,56,Maize (corn),2012,4301.9,A,4973482,A,1156102,A
226,800,Uganda,56,Maize (corn),2012,2499.6,A,2734000,A,1093786,A
146,498,Republic of Moldova,56,Maize (corn),2012,1226.5,A,572397,A,466703,A
202,710,South Africa,56,Maize (corn),2012,4490.5,A,12120656,A,2699200,A
38,144,Sri Lanka,56,Maize (corn),2012,3418.7,A,202150,A,59130,A
211,756,Switzerland,56,Maize (corn),2012,10827.9,A,175000,A,16162,A
176,626,Timor-Leste,56,Maize (corn),2012,1390.2,A,62839,A,45202,A
57,112,Belarus,56,Maize (corn),2012,5040.7,A,954483,A,189354,A
110,392,Japan,56,Maize (corn),2012,2615.4,E,170,E,65,E
255,56,Belgium,56,Maize (corn),2012,10243.8,A,701700,A,68500,A
8,28,Antigua and Barbuda,56,Maize (corn),2012,1595.3,E,70.12,I,44,I
112,400,Jordan,56,Maize (corn),2012,,,,E,,E
66,242,Fiji,56,Maize (corn),2012,1968.2,A,177,A,90,A
277,728,South Sudan,56,Maize (corn),2012,461.5,X,132000,X,286000,X
1,51,Armenia,56,Maize (corn),2013,6711.4,A,20906,A,3115,A
8,28,Antigua and Barbuda,56,Maize (corn),2013,1593.1,E,71.77,I,45,I
35,132,Cabo Verde,56,Maize (corn),2013,182.3,A,5785,A,31727,A
37,140,Central African Republic,56,Maize (corn),2013,792.6,A,67514,A,85180,A
41,156,"China, mainland",56,Maize (corn),2013,6015.9,A,218489000,A,36318400,A
57,112,Belarus,56,Maize (corn),2013,5565.6,A,1119785,A,201199,A
72,262,Djibouti,56,Maize (corn),2013,2000,E,16,E,8,E
74,266,Gabon,56,Maize (corn),2013,1574.1,E,42501.82,I,27000,E
79,276,Germany,56,Maize (corn),2013,8827.6,A,4387300,A,497000,A
93,332,Haiti,56,Maize (corn),2013,854.5,A,335885.4,A,393095,A
100,356,India,56,Maize (corn),2013,2645.9,A,23198940.44,A,8767898,A
102,364,Iran (Islamic Republic of),56,Maize (corn),2013,6385.9,A,1851999,A,290015,A
103,368,Iraq,56,Maize (corn),2013,4221.4,A,831345,A,196938,A
105,376,Israel,56,Maize (corn),2013,22555.9,A,110073,A,4880,A
120,418,Lao People's Democratic Republic,56,Maize (corn),2013,5726,A,1214085,A,212030,A
121,422,Lebanon,56,Maize (corn),2013,3396.4,E,3000,X,883,I
129,450,Madagascar,56,Maize (corn),2013,1658.1,E,380848,A,229684,I
133,466,Mali,56,Maize (corn),2013,2592.7,A,1635564,A,630832,A
147,516,Namibia,56,Maize (corn),2013,1849.1,E,40000,X,21632,I
156,554,New Zealand,56,Maize (corn),2013,10820.9,A,201659,A,18636,A
169,600,Paraguay,56,Maize (corn),2013,4000,A,4120000,A,1030003,A
177,630,Puerto Rico,56,Maize (corn),2013,2886.9,E,119.99,I,42,I
193,678,Sao Tome and Principe,56,Maize (corn),2013,2096,E,776.1,A,370,I
195,686,Senegal,56,Maize (corn),2013,1442.8,A,225902,A,156576,A
203,724,Spain,56,Maize (corn),2013,11044.5,A,4885000,A,442300,A
208,762,Tajikistan,56,Maize (corn),2013,12482.7,A,175357,A,14048,A
225,784,United Arab Emirates,56,Maize (corn),2013,36761.9,A,772,A,21,A
230,804,Ukraine,56,Maize (corn),2013,6411.9,A,30949550,A,4826900,A
231,840,United States of America,56,Maize (corn),2013,9925.6,A,351271870,A,35390550,A
249,887,Yemen,56,Maize (corn),2013,1513.5,A,75177,A,49672,A
272,688,Serbia,56,Maize (corn),2013,5982.1,A,5864419,A,980334,A
9,32,Argentina,56,Maize (corn),2013,6603.7,A,32119211,A,4863801,A
52,31,Azerbaijan,56,Maize (corn),2013,5390.3,A,208178,A,38621,A
16,50,Bangladesh,56,Maize (corn),2013,6595.3,A,1548000,A,234714,A
255,56,Belgium,56,Maize (corn),2013,11150,A,826984,A,74169,A
27,100,Bulgaria,56,Maize (corn),2013,6394.3,A,2738671,A,428300,A
33,124,Canada,56,Maize (corn),2013,9545.1,A,14190700,A,1486700,A
58,218,Ecuador,56,Maize (corn),2013,2370.2,A,1177182,A,496652,A
178,232,Eritrea,56,Maize (corn),2013,1000,X,20000,X,20000,X
90,324,Guinea,56,Maize (corn),2013,1250,A,672244,A,537795,A
118,414,Kuwait,56,Maize (corn),2013,31147.8,A,27192,A,873,A
113,417,Kyrgyzstan,56,Maize (corn),2013,6182.5,A,568186,A,91902,A
256,442,Luxembourg,56,Maize (corn),2013,10800,A,2160,A,200,A
28,104,Myanmar,56,Maize (corn),2013,3638.6,A,1600600,A,439894,A
149,524,Nepal,56,Maize (corn),2013,2352.8,A,1999010,A,849635,A
153,540,New Caledonia,56,Maize (corn),2013,4188,E,4188,A,1000,E
168,598,Papua New Guinea,56,Maize (corn),2013,5454.5,E,12000,E,2200,E
184,646,Rwanda,56,Maize (corn),2013,2284.5,A,667833,A,292326,A
191,670,Saint Vincent and the Grenadines,56,Maize (corn),2013,23958.3,A,575,A,24,A
194,682,Saudi Arabia,56,Maize (corn),2013,6102.4,A,95356,A,15626,A
207,740,Suriname,56,Maize (corn),2013,2473.7,A,47,A,19,A
251,894,Zambia,56,Maize (corn),2013,2538.2,A,2532800,A,997880,A
181,716,Zimbabwe,56,Maize (corn),2013,744.9,A,939282.26,A,1260893,A
2,4,Afghanistan,56,Maize (corn),2013,2197.2,A,312000,A,142000,A
21,76,Brazil,56,Maize (corn),2013,5253.6,A,80273172,A,15279652,A
115,116,Cambodia,56,Maize (corn),2013,3906.1,A,848400,A,217200,A
32,120,Cameroon,56,Maize (corn),2013,1978.7,A,1647036,A,832400,A
45,174,Comoros,56,Maize (corn),2013,1902.1,E,14159.39,I,7444,I
46,178,Congo,56,Maize (corn),2013,823.9,E,10973.41,I,13319,I
48,188,Costa Rica,56,Maize (corn),2013,2233.3,A,13969,A,6255,A
98,191,Croatia,56,Maize (corn),2013,6500,A,1874372,A,288365,A
81,288,Ghana,56,Maize (corn),2013,1724,A,1764477,A,1023459,A
86,308,Grenada,56,Maize (corn),2013,1000,E,400,E,400,E
89,320,Guatemala,56,Maize (corn),2013,2082.7,A,1795160,A,861948,A
91,328,Guyana,56,Maize (corn),2013,1374.3,E,4000,X,2911,I
101,360,Indonesia,56,Maize (corn),2013,4844.1,A,18511853,A,3821504,A
122,426,Lesotho,56,Maize (corn),2013,822.7,A,86325,A,104926,A
126,440,Lithuania,56,Maize (corn),2013,7395.3,A,127200,A,17200,A
131,458,Malaysia,56,Maize (corn),2013,,,,M,,M
154,807,North Macedonia,56,Maize (corn),2013,4226.9,A,135269,A,32002,A
165,586,Pakistan,56,Maize (corn),2013,4231.3,A,4944210,A,1168480,A
202,710,South Africa,56,Maize (corn),2013,4246.6,A,11810600,A,2781200,A
38,144,Sri Lanka,56,Maize (corn),2013,3086.8,A,209042,A,67722,A
212,760,Syrian Arab Republic,56,Maize (corn),2013,3647,A,109145,A,29927,A
213,795,Turkmenistan,56,Maize (corn),2013,2421.9,E,52000,X,21471,I
223,792,Türkiye,56,Maize (corn),2013,8949.9,A,5900000,A,659222,A
155,548,Vanuatu,56,Maize (corn),2013,633.3,E,950,E,1500,E
10,36,Australia,56,Maize (corn),2013,6444.1,A,506725,A,78634,A
11,40,Austria,56,Maize (corn),2013,8117.3,A,1639018.91,A,201917,A
14,52,Barbados,56,Maize (corn),2013,2833.3,E,340,E,120,E
20,72,Botswana,56,Maize (corn),2013,84.9,A,3844,A,45267,A
29,108,Burundi,56,Maize (corn),2013,1321.8,A,162417,A,122871,A
56,214,Dominican Republic,56,Maize (corn),2013,1576.4,A,45415.68,A,28810,A
84,300,Greece,56,Maize (corn),2013,10668.9,A,2275238.85,A,213259,A
95,340,Honduras,56,Maize (corn),2013,1618.3,E,599382,A,370382,I
114,404,Kenya,56,Maize (corn),2013,1692.2,A,3592688,A,2123138,A
116,408,Democratic People's Republic of Korea,56,Maize (corn),2013,3798.9,A,2002000,A,527000,A
130,454,Malawi,56,Maize (corn),2013,2170.8,A,3639866,A,1676758,A
138,484,Mexico,56,Maize (corn),2013,3194.1,A,22663953,A,7095630,A
144,508,Mozambique,56,Maize (corn),2013,681.4,A,1173709,A,1722500,A
145,583,Micronesia (Federated States of),56,Maize (corn),2013,1500,E,90,E,60,E
167,203,Czechia,56,Maize (corn),2013,6969.7,A,675380,A,96902,A
170,604,Peru,56,Maize (corn),2013,3268.6,A,1670470,A,511062,A
175,624,Guinea-Bissau,56,Maize (corn),2013,1046.6,E,7321,A,6995,I
179,634,Qatar,56,Maize (corn),2013,12484.5,A,1211,A,97,A
198,705,Slovenia,56,Maize (corn),2013,5414.5,A,226634,A,41857,A
209,748,Eswatini,56,Maize (corn),2013,1370.2,X,118871,X,86754,X
234,858,Uruguay,56,Maize (corn),2013,5630.9,A,692600,A,123000,A
235,860,Uzbekistan,56,Maize (corn),2013,10619,A,360112,A,33912,A
236,862,Venezuela (Bolivarian Republic of),56,Maize (corn),2013,3832.7,A,2457263,A,641125,A
273,499,Montenegro,56,Maize (corn),2013,5177.5,A,2946,A,569,A
4,12,Algeria,56,Maize (corn),2013,3364.9,A,1245,A,370,A
19,68,Bolivia (Plurinational State of),56,Maize (corn),2013,2144.2,A,915149.82,A,426810,A
23,84,Belize,56,Maize (corn),2013,3440.6,A,71926,A,20905,A
55,212,Dominica,56,Maize (corn),2013,1666.7,E,200,E,120,E
106,380,Italy,56,Maize (corn),2013,8698.9,A,7899616.5,A,908114,A
110,392,Japan,56,Maize (corn),2013,2727.3,E,180,E,66,E
132,462,Maldives,56,Maize (corn),2013,5000,E,140,E,28,E
136,478,Mauritania,56,Maize (corn),2013,473.1,A,6226,A,13159,A
137,480,Mauritius,56,Maize (corn),2013,6795.7,A,632,A,93,A
158,562,Niger,56,Maize (corn),2013,1232.6,A,17813,A,14452,A
237,704,Viet Nam,56,Maize (corn),2013,4435.4,A,5190895.27,A,1170322,A
40,152,Chile,56,Maize (corn),2013,10632.1,A,1518545,A,142826,A
238,231,Ethiopia,56,Maize (corn),2013,2740.3,A,7105706.19,A,2593066,A
107,384,Côte d'Ivoire,56,Maize (corn),2013,2147.9,E,661285,A,307869,I
109,388,Jamaica,56,Maize (corn),2013,1188.3,A,2954,A,2486,A
108,398,Kazakhstan,56,Maize (corn),2013,5277.9,A,569262.2,A,107857,A
221,512,Oman,56,Maize (corn),2013,7190.3,A,13604,A,1892,A
157,558,Nicaragua,56,Maize (corn),2013,1180.9,A,493449.36,A,417868,A
185,643,Russian Federation,56,Maize (corn),2013,5011,A,11634943,A,2321860,A
276,729,Sudan,56,Maize (corn),2013,1599.7,A,43000,A,26880,A
216,764,Thailand,56,Maize (corn),2013,4224.2,A,4876180,A,1154344,A
53,204,Benin,56,Maize (corn),2013,1308.4,A,1316597.69,A,1006289,A
60,222,El Salvador,56,Maize (corn),2013,2946.1,A,866701,A,294189,A
68,250,France,56,Maize (corn),2013,8159.2,A,15041226,A,1843477,A
75,270,Gambia,56,Maize (corn),2013,996.7,A,33060,A,33170,A
174,620,Portugal,56,Maize (corn),2013,8314.9,A,929538,A,111792,A
189,662,Saint Lucia,56,Maize (corn),2013,,,,M,,M
201,706,Somalia,56,Maize (corn),2013,1210,X,149497,X,123556,X
215,834,United Republic of Tanzania,56,Maize (corn),2013,1300,A,5356350,A,4120269,A
250,180,Democratic Republic of the Congo,56,Maize (corn),2013,779.3,E,1986099,A,2548431,I
277,728,South Sudan,56,Maize (corn),2013,531.1,X,171000,X,322000,X
80,70,Bosnia and Herzegovina,56,Maize (corn),2013,4212.5,A,798500,A,189554,A
49,192,Cuba,56,Maize (corn),2013,2392.1,A,426200,A,178172,A
143,504,Morocco,56,Maize (corn),2013,663.2,A,118135.85,A,178126,A
159,566,Nigeria,56,Maize (corn),2013,1461.6,A,8422670,A,5762700,A
166,591,Panama,56,Maize (corn),2013,2362.4,A,131657,A,55730,A
211,756,Switzerland,56,Maize (corn),2013,10083.7,A,153000,A,15173,A
226,800,Uganda,56,Maize (corn),2013,2494.9,A,2748000,A,1101453,A
54,208,Denmark,56,Maize (corn),2013,5914.1,A,75700,A,12800,A
73,268,Georgia,56,Maize (corn),2013,2480.6,A,363900,A,146700,A
97,348,Hungary,56,Maize (corn),2013,5437.3,A,6756430,A,1242600,A
150,528,Netherlands (Kingdom of the),56,Maize (corn),2013,11944.6,A,185284,A,15512,A
176,626,Timor-Leste,56,Maize (corn),2013,2353.8,A,100789,A,42820,A
59,818,Egypt,56,Maize (corn),2013,7722.3,A,7956593,A,1030339,A
233,854,Burkina Faso,56,Maize (corn),2013,1735.3,A,1585418,A,913630,A
171,608,Philippines,56,Maize (corn),2013,2877.6,A,7377293.3,A,2563718,A
197,694,Sierra Leone,56,Maize (corn),2013,2099.9,A,40022,A,19059,A
12,44,Bahamas,56,Maize (corn),2013,7413.2,E,690.83,I,93,I
214,158,"China, Taiwan Province of",56,Maize (corn),2013,6325.5,A,132905,A,21011,A
44,170,Colombia,56,Maize (corn),2013,2824.6,A,1779068.54,A,629857,A
66,242,Fiji,56,Maize (corn),2013,1966.3,A,813,A,413,A
117,410,Republic of Korea,56,Maize (corn),2013,5059.1,A,80465,A,15905,A
3,8,Albania,56,Maize (corn),2013,6953.3,A,372000,A,53500,A
18,64,Bhutan,56,Maize (corn),2013,3207.1,A,75716.72,A,23609,A
39,148,Chad,56,Maize (corn),2013,1227.3,A,417986,A,340565,A
146,498,Republic of Moldova,56,Maize (corn),2013,3104.2,A,1419193,A,457184,A
183,642,Romania,56,Maize (corn),2013,4494.1,A,11305095,A,2515541,A
7,24,Angola,56,Maize (corn),2013,946.7,A,1548750,A,1635980,A
112,400,Jordan,56,Maize (corn),2013,,,,E,,E
124,434,Libya,56,Maize (corn),2013,2000,A,2900,A,1450,A
199,703,Slovakia,56,Maize (corn),2013,5070.4,A,1123313,A,221543,A
173,616,Poland,56,Maize (corn),2013,6576.1,A,4039700,A,614300,A
217,768,Togo,56,Maize (corn),2013,924.4,A,692610,A,749288,A
220,780,Trinidad and Tobago,56,Maize (corn),2013,,,,A,,A
3,8,Albania,56,Maize (corn),2014,6909.1,A,380000,A,55000,A
12,44,Bahamas,56,Maize (corn),2014,7516.2,E,687.62,I,91,I
18,64,Bhutan,56,Maize (corn),2014,3238.4,A,77243,A,23852,A
19,68,Bolivia (Plurinational State of),56,Maize (corn),2014,2171.9,A,1006622,A,463479,A
21,76,Brazil,56,Maize (corn),2014,5176.1,A,79881614,A,15432909,A
28,104,Myanmar,56,Maize (corn),2014,3696.5,A,1693400,A,458105,A
66,242,Fiji,56,Maize (corn),2014,1964.3,A,975.58,A,497,A
79,276,Germany,56,Maize (corn),2014,10683.8,A,5142100,A,481300,A
80,70,Bosnia and Herzegovina,56,Maize (corn),2014,4704.3,A,799487,A,169948,A
108,398,Kazakhstan,56,Maize (corn),2014,5282,A,663994,A,125710,A
113,417,Kyrgyzstan,56,Maize (corn),2014,6046.2,A,556142,A,91982,A
120,418,Lao People's Democratic Republic,56,Maize (corn),2014,5803.3,A,1412440,A,243385,A
122,426,Lesotho,56,Maize (corn),2014,678.6,A,90072,A,132727,A
131,458,Malaysia,56,Maize (corn),2014,,,,M,,M
137,480,Mauritius,56,Maize (corn),2014,9058,A,625,A,69,A
143,504,Morocco,56,Maize (corn),2014,708.5,A,97378.9,A,137447,A
150,528,Netherlands (Kingdom of the),56,Maize (corn),2014,13741.9,A,173066,A,12594,A
154,807,North Macedonia,56,Maize (corn),2014,4489.8,A,140221,A,31231,A
178,232,Eritrea,56,Maize (corn),2014,947.4,X,18000,X,19000,X
211,756,Switzerland,56,Maize (corn),2014,10755.4,A,169000,A,15713,A
231,840,United States of America,56,Maize (corn),2014,10732.6,A,361091140,A,33644310,A
233,854,Burkina Faso,56,Maize (corn),2014,1910.9,A,1433085,A,749935,A
251,894,Zambia,56,Maize (corn),2014,2780.2,A,3350671,A,1205202,A
272,688,Serbia,56,Maize (corn),2014,7516.6,A,7951582.94,A,1057877,A
4,12,Algeria,56,Maize (corn),2014,2616.5,A,2572,A,983,A
23,84,Belize,56,Maize (corn),2014,3654.7,A,69169,A,18926,A
115,116,Cambodia,56,Maize (corn),2014,3485.3,A,474000,A,136000,A
214,158,"China, Taiwan Province of",56,Maize (corn),2014,6139.6,A,165800,A,27005,A
49,192,Cuba,56,Maize (corn),2014,2305.8,A,428695,A,185922,A
238,231,Ethiopia,56,Maize (corn),2014,2950.2,A,7729849.74,A,2620090,A
68,250,France,56,Maize (corn),2014,10050.5,A,18343320,A,1825121,A
95,340,Honduras,56,Maize (corn),2014,1857.1,A,565500,A,304500,A
105,376,Israel,56,Maize (corn),2014,34097.7,A,163601,A,4798,A
109,388,Jamaica,56,Maize (corn),2014,1131.8,A,2490,A,2200,A
124,434,Libya,56,Maize (corn),2014,2098.3,E,3363.03,I,1603,I
256,442,Luxembourg,56,Maize (corn),2014,7742.5,A,1672,A,216,A
169,600,Paraguay,56,Maize (corn),2014,4000,A,3200000,A,800000,A
170,604,Peru,56,Maize (corn),2014,3160.1,A,1529636,A,484047,A
146,498,Republic of Moldova,56,Maize (corn),2014,3348.5,A,1556230,A,464749,A
183,642,Romania,56,Maize (corn),2014,4787,A,11988553,A,2504419,A
198,705,Slovenia,56,Maize (corn),2014,9146.2,A,350583,A,38331,A
202,710,South Africa,56,Maize (corn),2014,5300.9,A,14250000,A,2688200,A
234,858,Uruguay,56,Maize (corn),2014,4305.9,A,564500,A,131100,A
14,52,Barbados,56,Maize (corn),2014,2700,E,81,A,30,E
32,120,Cameroon,56,Maize (corn),2014,1764.5,A,1959262,A,1110400,A
40,152,Chile,56,Maize (corn),2014,10101.7,A,1186127,A,117418,A
98,191,Croatia,56,Maize (corn),2014,8104.6,A,2046966,A,252567,A
55,212,Dominica,56,Maize (corn),2014,1623.5,E,193.88,I,119,I
58,218,Ecuador,56,Maize (corn),2014,3433.6,A,1667703.92,A,485696,A
59,818,Egypt,56,Maize (corn),2014,7755.6,A,8059906,A,1039241,A
90,324,Guinea,56,Maize (corn),2014,1232.3,A,698462,A,566780,A
175,624,Guinea-Bissau,56,Maize (corn),2014,1000,X,7000,X,7000,X
93,332,Haiti,56,Maize (corn),2014,730.9,A,320747,A,438833,A
114,404,Kenya,56,Maize (corn),2014,1660.2,A,3513171,A,2116141,A
130,454,Malawi,56,Maize (corn),2014,2333.9,A,3978123,A,1704528,A
132,462,Maldives,56,Maize (corn),2014,4000,E,140,E,35,E
133,466,Mali,56,Maize (corn),2014,2171.5,A,1744026,A,803136,A
145,583,Micronesia (Federated States of),56,Maize (corn),2014,1488.3,E,97.83,I,66,I
147,516,Namibia,56,Maize (corn),2014,1600,A,55985,A,34991,A
159,566,Nigeria,56,Maize (corn),2014,1700.2,A,10790600,A,6346551,A
166,591,Panama,56,Maize (corn),2014,2559.6,A,140571,A,54920,A
171,608,Philippines,56,Maize (corn),2014,2975.6,A,7770602.74,A,2611432,A
177,630,Puerto Rico,56,Maize (corn),2014,3191.1,A,10.02,A,3,A
193,678,Sao Tome and Principe,56,Maize (corn),2014,2065,E,829.6,I,402,I
201,706,Somalia,56,Maize (corn),2014,655.7,X,107000,X,163180,X
203,724,Spain,56,Maize (corn),2014,11411.4,A,4776190,A,418545,A
276,729,Sudan,56,Maize (corn),2014,1061.9,A,48000,A,45200,A
212,760,Syrian Arab Republic,56,Maize (corn),2014,2724.6,A,67079.8,A,24620,A
230,804,Ukraine,56,Maize (corn),2014,6158.9,A,28496810,A,4626900,A
155,548,Vanuatu,56,Maize (corn),2014,615.8,E,890.19,I,1446,I
2,4,Afghanistan,56,Maize (corn),2014,2488.2,A,316000,A,127000,A
29,108,Burundi,56,Maize (corn),2014,1314.5,A,127829,A,97242,A
37,140,Central African Republic,56,Maize (corn),2014,800,A,79595,A,99494,A
44,170,Colombia,56,Maize (corn),2014,3565.1,A,1803039.07,A,505751,A
45,174,Comoros,56,Maize (corn),2014,1884.2,E,14808,A,7859,I
48,188,Costa Rica,56,Maize (corn),2014,1675.8,A,10430,A,6224,A
54,208,Denmark,56,Maize (corn),2014,7217.8,A,72900,A,10100,A
74,266,Gabon,56,Maize (corn),2014,1566.7,E,43117.41,I,27521,I
84,300,Greece,56,Maize (corn),2014,11103.4,A,1864065.3,A,167883,A
107,384,Côte d'Ivoire,56,Maize (corn),2014,2149.1,E,680000,X,316407,I
116,408,Democratic People's Republic of Korea,56,Maize (corn),2014,4417.3,A,2349100,A,531800,A
165,586,Pakistan,56,Maize (corn),2014,4321.1,A,4936747,A,1142462,A
176,626,Timor-Leste,56,Maize (corn),2014,2772.5,A,102473,A,36961,A
179,634,Qatar,56,Maize (corn),2014,12529,A,1729,A,138,A
184,646,Rwanda,56,Maize (corn),2014,1531.6,A,357083,A,233150,A
185,643,Russian Federation,56,Maize (corn),2014,4359.3,A,11332137.9,A,2599531,A
194,682,Saudi Arabia,56,Maize (corn),2014,6413.2,E,80000,X,12474,I
195,686,Senegal,56,Maize (corn),2014,1221.2,A,178732,A,146361,A
235,860,Uzbekistan,56,Maize (corn),2014,11562.6,A,411630,A,35600,A
236,862,Venezuela (Bolivarian Republic of),56,Maize (corn),2014,3832.3,A,2306741,A,601920,A
273,499,Montenegro,56,Maize (corn),2014,5084.6,A,3305,A,650,A
9,32,Argentina,56,Maize (corn),2014,6840.9,A,33087165,A,4836655,A
11,40,Austria,56,Maize (corn),2014,10791.5,A,2334384.81,A,216316,A
33,124,Canada,56,Maize (corn),2014,9294,A,11606400,A,1248800,A
41,156,"China, mainland",56,Maize (corn),2014,5808.9,A,215646300,A,37123390,A
101,360,Indonesia,56,Maize (corn),2014,4954,A,19008426,A,3837019,A
110,392,Japan,56,Maize (corn),2014,2697.1,E,185.95,I,69,I
126,440,Lithuania,56,Maize (corn),2014,6052.6,A,115000,A,19000,A
144,508,Mozambique,56,Maize (corn),2014,796.7,A,1357220,A,1703500,A
153,540,New Caledonia,56,Maize (corn),2014,5654.3,E,4540,A,803,I
156,554,New Zealand,56,Maize (corn),2014,10989,A,237165,A,21582,A
157,558,Nicaragua,56,Maize (corn),2014,1152.2,A,360503.36,A,312891,A
158,562,Niger,56,Maize (corn),2014,1760.2,A,56596.83,A,32154,A
191,670,Saint Vincent and the Grenadines,56,Maize (corn),2014,24485.7,A,857,A,35,A
199,703,Slovakia,56,Maize (corn),2014,8391.4,A,1814113.1,A,216186,A
215,834,United Republic of Tanzania,56,Maize (corn),2014,1625,A,6737197,A,4146000,A
226,800,Uganda,56,Maize (corn),2014,2599.7,A,2868000,A,1103185,A
249,887,Yemen,56,Maize (corn),2014,1403.3,A,65331,A,46555,A
7,24,Angola,56,Maize (corn),2014,1038.6,A,1686869,A,1624186,A
35,132,Cabo Verde,56,Maize (corn),2014,34.3,A,1065,A,31036,A
167,203,Czechia,56,Maize (corn),2014,8427.8,A,832235,A,98749,A
73,268,Georgia,56,Maize (corn),2014,2330.9,A,291600,A,125100,A
136,478,Mauritania,56,Maize (corn),2014,681.8,A,12565,A,18428,A
138,484,Mexico,56,Maize (corn),2014,3296.4,A,23273256.54,A,7060275,A
221,512,Oman,56,Maize (corn),2014,6777.2,A,9793,A,1445,A
173,616,Poland,56,Maize (corn),2014,6588.1,A,4468403,A,678250,A
181,716,Zimbabwe,56,Maize (corn),2014,930.1,A,974955.97,A,1048268,A
207,740,Suriname,56,Maize (corn),2014,2416.7,A,87,A,36,A
209,748,Eswatini,56,Maize (corn),2014,1365.2,X,119000,X,87164,X
217,768,Togo,56,Maize (corn),2014,1195.9,A,833044,A,696588,A
223,792,Türkiye,56,Maize (corn),2014,9074.8,A,5950000,A,655663,A
10,36,Australia,56,Maize (corn),2014,7455.4,A,390364,A,52360,A
20,72,Botswana,56,Maize (corn),2014,274,A,28550,A,104197,A
52,31,Azerbaijan,56,Maize (corn),2014,5418,A,203596,A,37578,A
53,204,Benin,56,Maize (corn),2014,1399.1,A,1354344.16,A,968030,A
56,214,Dominican Republic,56,Maize (corn),2014,1485.5,A,35973.65,A,24216,A
97,348,Hungary,56,Maize (corn),2014,7818.5,A,9315100,A,1191420,A
106,380,Italy,56,Maize (corn),2014,10620.8,A,9239544.9,A,869947,A
168,598,Papua New Guinea,56,Maize (corn),2014,5545.7,E,12330.43,I,2223,I
197,694,Sierra Leone,56,Maize (corn),2014,603.4,A,20812,A,34492,A
255,56,Belgium,56,Maize (corn),2014,10502.4,A,662700,A,63100,A
277,728,South Sudan,56,Maize (corn),2014,964,X,268000,X,278000,X
1,51,Armenia,56,Maize (corn),2014,7082.9,A,20158,A,2846,A
57,112,Belarus,56,Maize (corn),2014,5355.5,A,599455,A,111932,A
39,148,Chad,56,Maize (corn),2014,1164,A,332889,A,285993,A
72,262,Djibouti,56,Maize (corn),2014,1986.4,E,16.46,I,8,I
75,270,Gambia,56,Maize (corn),2014,825.2,A,30289,A,36703,A
89,320,Guatemala,56,Maize (corn),2014,2089.8,A,1815281.2,A,868658,A
103,368,Iraq,56,Maize (corn),2014,3420.5,A,289288,A,84574,A
174,620,Portugal,56,Maize (corn),2014,8333.1,A,896995,A,107642,A
38,144,Sri Lanka,56,Maize (corn),2014,3590.6,A,241144,A,67159,A
208,762,Tajikistan,56,Maize (corn),2014,13280.9,A,194193.5,A,14622,A
46,178,Congo,56,Maize (corn),2014,854,E,8315,A,9737,I
81,288,Ghana,56,Maize (corn),2014,1729.1,A,1762000,A,1019000,A
102,364,Iran (Islamic Republic of),56,Maize (corn),2014,7100.7,A,1658874.6,A,233621,A
118,414,Kuwait,56,Maize (corn),2014,30753.2,A,48098,A,1564,A
129,450,Madagascar,56,Maize (corn),2014,1683.2,E,366172,A,217542,I
149,524,Nepal,56,Maize (corn),2014,2458.4,A,2283222,A,928761,A
216,764,Thailand,56,Maize (corn),2014,4245.4,A,4804670,A,1131728,A
220,780,Trinidad and Tobago,56,Maize (corn),2014,,,,A,,A
16,50,Bangladesh,56,Maize (corn),2014,6915.1,A,2124000,A,307152,A
250,180,Democratic Republic of the Congo,56,Maize (corn),2014,775.7,E,2015345,A,2598038,I
86,308,Grenada,56,Maize (corn),2014,993.3,E,410.56,I,413,I
237,704,Viet Nam,56,Maize (corn),2014,4414,A,5202511,A,1178648,A
27,100,Bulgaria,56,Maize (corn),2014,7682.3,A,3137478,A,408404,A
121,422,Lebanon,56,Maize (corn),2014,3000,X,3000,X,1000,X
60,222,El Salvador,56,Maize (corn),2014,2606.4,A,819311,A,314343,A
100,356,India,56,Maize (corn),2014,2588.8,A,24127852.08,A,9319980,A
189,662,Saint Lucia,56,Maize (corn),2014,,,,M,,M
213,795,Turkmenistan,56,Maize (corn),2014,2798.8,E,50000,X,17865,I
8,28,Antigua and Barbuda,56,Maize (corn),2014,1583,E,72.08,I,46,I
91,328,Guyana,56,Maize (corn),2014,1368.7,E,4000,X,2922,I
225,784,United Arab Emirates,56,Maize (corn),2014,14238.4,A,2580,A,181,A
112,400,Jordan,56,Maize (corn),2014,,,,E,,E
117,410,Republic of Korea,56,Maize (corn),2014,5177.6,A,82008,A,15839,A
8,28,Antigua and Barbuda,56,Maize (corn),2015,1579.6,E,74.57,I,47,I
33,124,Canada,56,Maize (corn),2015,10205.5,A,13679500,A,1340400,A
41,156,"China, mainland",56,Maize (corn),2015,5892.9,A,264992000,A,44968000,A
74,266,Gabon,56,Maize (corn),2015,1565.3,E,43730.71,I,27937,I
86,308,Grenada,56,Maize (corn),2015,1002.1,E,354.12,I,353,I
95,340,Honduras,56,Maize (corn),2015,1782.3,E,633390,A,355378,I
102,364,Iran (Islamic Republic of),56,Maize (corn),2015,7033,A,1168629,A,166163,A
106,380,Italy,56,Maize (corn),2015,9725.4,A,7073896,A,727366,A
109,388,Jamaica,56,Maize (corn),2015,1136.6,A,2347,A,2065,A
121,422,Lebanon,56,Maize (corn),2015,3568.8,E,3403.95,I,954,I
132,462,Maldives,56,Maize (corn),2015,3871.3,E,141.58,I,37,I
138,484,Mexico,56,Maize (corn),2015,3478.2,A,24694046.25,A,7099724,A
146,498,Republic of Moldova,56,Maize (corn),2015,2204.7,A,1076778,A,488407,A
147,516,Namibia,56,Maize (corn),2015,1851,E,55870.88,I,30184,I
153,540,New Caledonia,56,Maize (corn),2015,7974,A,6738,A,845,A
155,548,Vanuatu,56,Maize (corn),2015,600.8,E,873.51,I,1454,I
168,598,Papua New Guinea,56,Maize (corn),2015,5523.7,E,12666.11,I,2293,I
170,604,Peru,56,Maize (corn),2015,3398.8,A,1746428,A,513834,A
189,662,Saint Lucia,56,Maize (corn),2015,,,,M,,M
195,686,Senegal,56,Maize (corn),2015,1525.3,A,304296,A,199502,A
214,158,"China, Taiwan Province of",56,Maize (corn),2015,5957.4,A,165307,A,27748,A
215,834,United Republic of Tanzania,56,Maize (corn),2015,1558.4,A,5902776,A,3787751,A
238,231,Ethiopia,56,Maize (corn),2015,2776.5,A,8211424.38,A,2957510,A
250,180,Democratic Republic of the Congo,56,Maize (corn),2015,775.5,E,2039009,A,2629332,I
251,894,Zambia,56,Maize (corn),2015,3031,A,2618221,A,863818,A
277,728,South Sudan,56,Maize (corn),2015,907.3,A,183589,A,202344,A
2,4,Afghanistan,56,Maize (corn),2015,2145.7,A,316000,A,147273,A
3,8,Albania,56,Maize (corn),2015,6959.7,A,380000,A,54600,A
7,24,Angola,56,Maize (corn),2015,1123.4,A,1878305,A,1671922,A
9,32,Argentina,56,Maize (corn),2015,7309,A,33817744,A,4626880,A
57,112,Belarus,56,Maize (corn),2015,4364.9,A,222991,A,51087,A
45,174,Comoros,56,Maize (corn),2015,1866.3,E,15363,A,8232,I
54,208,Denmark,56,Maize (corn),2015,6200,A,52700,A,8500,A
59,818,Egypt,56,Maize (corn),2015,7354.6,A,7803183,A,1060996,A
178,232,Eritrea,56,Maize (corn),2015,1000,X,20000,X,20000,X
68,250,France,56,Maize (corn),2015,8378.4,A,13716048.4,A,1637081,A
73,268,Georgia,56,Maize (corn),2015,1710.8,A,184600,A,107900,A
79,276,Germany,56,Maize (corn),2015,8722.3,A,3973000,A,455500,A
101,360,Indonesia,56,Maize (corn),2015,5178.4,A,19612435,A,3787367,A
108,398,Kazakhstan,56,Maize (corn),2015,5329.7,A,734092.63,A,137737,A
114,404,Kenya,56,Maize (corn),2015,1823,A,3825000,A,2098240,A
122,426,Lesotho,56,Maize (corn),2015,657.1,A,65636,A,99884,A
136,478,Mauritania,56,Maize (corn),2015,455.1,X,6976,X,15327,X
149,524,Nepal,56,Maize (corn),2015,2431.2,A,2145291,A,882395,A
157,558,Nicaragua,56,Maize (corn),2015,1079.9,A,291382.6,A,269819,A
169,600,Paraguay,56,Maize (corn),2015,5248.3,A,4985881,A,950000,A
177,630,Puerto Rico,56,Maize (corn),2015,3253.1,A,13.24,A,4,A
183,642,Romania,56,Maize (corn),2015,3471.6,A,9021403,A,2598633,A
193,678,Sao Tome and Principe,56,Maize (corn),2015,2033.2,E,823.25,I,405,I
272,688,Serbia,56,Maize (corn),2015,5399.6,A,5454841,A,1010227,A
276,729,Sudan,56,Maize (corn),2015,1242.2,A,48000,A,38640,A
208,762,Tajikistan,56,Maize (corn),2015,10581.5,A,200519,A,18950,A
176,626,Timor-Leste,56,Maize (corn),2015,2397,E,142361,A,59390,I
223,792,Türkiye,56,Maize (corn),2015,9327.1,A,6400000,A,686169,A
16,50,Bangladesh,56,Maize (corn),2015,6984.1,A,2271998,A,325308,A
80,70,Bosnia and Herzegovina,56,Maize (corn),2015,4078.2,A,785701,A,192659,A
115,116,Cambodia,56,Maize (corn),2015,3199.8,A,333100,A,104100,A
32,120,Cameroon,56,Maize (corn),2015,1740.6,A,2070572,A,1189547,A
37,140,Central African Republic,56,Maize (corn),2015,800,A,80455,A,100568,A
39,148,Chad,56,Maize (corn),2015,1146.1,A,349500,A,304942,A
72,262,Djibouti,56,Maize (corn),2015,2007.6,E,17.92,I,9,I
209,748,Eswatini,56,Maize (corn),2015,1260.8,E,82000,X,65040,I
81,288,Ghana,56,Maize (corn),2015,1921.8,A,1691643.9,A,880250,A
175,624,Guinea-Bissau,56,Maize (corn),2015,857.1,X,6000,X,7000,X
100,356,India,56,Maize (corn),2015,2637.2,A,23212166.9,A,8801813,A
105,376,Israel,56,Maize (corn),2015,20695.3,A,88990,A,4300,A
112,400,Jordan,56,Maize (corn),2015,,,,E,,E
113,417,Kyrgyzstan,56,Maize (corn),2015,6272.2,A,641944,A,102348,A
126,440,Lithuania,56,Maize (corn),2015,4820.5,A,56400,A,11700,A
143,504,Morocco,56,Maize (corn),2015,754.4,A,95031.65,A,125967,A
144,508,Mozambique,56,Maize (corn),2015,803.6,A,1262038,A,1570526,A
179,634,Qatar,56,Maize (corn),2015,12496.4,A,876,A,70,A
184,646,Rwanda,56,Maize (corn),2015,1531.3,A,370140,A,241713,A
198,705,Slovenia,56,Maize (corn),2015,8974.2,A,338712,A,37743,A
203,724,Spain,56,Maize (corn),2015,11461,A,4564416,A,398257,A
207,740,Suriname,56,Maize (corn),2015,2342.9,A,82,A,35,A
217,768,Togo,56,Maize (corn),2015,1389.5,A,794661,A,571886,A
213,795,Turkmenistan,56,Maize (corn),2015,3433.9,E,51000,X,14852,I
237,704,Viet Nam,56,Maize (corn),2015,4539.4,A,5287261.1,A,1164747,A
249,887,Yemen,56,Maize (corn),2015,1140.2,A,42465,A,37244,A
14,52,Barbados,56,Maize (corn),2015,2695.6,E,122,A,45,I
21,76,Brazil,56,Maize (corn),2015,5535.3,A,85283074,A,15407143,A
28,104,Myanmar,56,Maize (corn),2015,3721.5,A,1748500,A,469840,A
35,132,Cabo Verde,56,Maize (corn),2015,276.5,A,8677,A,31386,A
38,144,Sri Lanka,56,Maize (corn),2015,3554.7,E,226983.55,I,63855,I
40,152,Chile,56,Maize (corn),2015,12290.4,A,1538755.2,A,125200,A
44,170,Colombia,56,Maize (corn),2015,3671.4,A,1471026.34,A,400673,A
52,31,Azerbaijan,56,Maize (corn),2015,5970,A,214090,A,35861,A
53,204,Benin,56,Maize (corn),2015,1281.3,A,1286059.66,A,1003715,A
66,242,Fiji,56,Maize (corn),2015,3000,A,1073,A,358,A
137,480,Mauritius,56,Maize (corn),2015,6352.1,A,451,A,71,A
171,608,Philippines,56,Maize (corn),2015,2934.8,A,7518755.72,A,2561934,A
173,616,Poland,56,Maize (corn),2015,4708.7,A,3156212,A,670295,A
234,858,Uruguay,56,Maize (corn),2015,5771.1,A,479000,A,83000,A
273,499,Montenegro,56,Maize (corn),2015,4292.5,A,2700,A,629,A
55,212,Dominica,56,Maize (corn),2015,1604,E,188.94,I,118,I
97,348,Hungary,56,Maize (corn),2015,5787.1,A,6632783,A,1146127,A
130,454,Malawi,56,Maize (corn),2015,1656.3,A,2776277,A,1676213,A
174,620,Portugal,56,Maize (corn),2015,8452,A,827544,A,97911,A
181,716,Zimbabwe,56,Maize (corn),2015,580.3,A,642792.81,A,1107688,A
199,703,Slovakia,56,Maize (corn),2015,4854,A,929233,A,191438,A
211,756,Switzerland,56,Maize (corn),2015,8994,A,113000,A,12564,A
212,760,Syrian Arab Republic,56,Maize (corn),2015,2653.9,A,89128,A,33584,A
236,862,Venezuela (Bolivarian Republic of),56,Maize (corn),2015,3125.6,A,1439875,A,460671,A
255,56,Belgium,56,Maize (corn),2015,10228.3,A,597169,A,58384,A
20,72,Botswana,56,Maize (corn),2015,255.2,A,3792,A,14857,A
56,214,Dominican Republic,56,Maize (corn),2015,1450.3,A,34056.02,A,23481,A
84,300,Greece,56,Maize (corn),2015,11670.2,A,1716520.31,A,147086,A
118,414,Kuwait,56,Maize (corn),2015,8467.6,A,6675,A,788,A
124,434,Libya,56,Maize (corn),2015,2288.7,E,3599.99,I,1573,I
131,458,Malaysia,56,Maize (corn),2015,,,,M,,M
133,466,Mali,56,Maize (corn),2015,2529.9,A,2276036,A,899640,A
221,512,Oman,56,Maize (corn),2015,11959,A,15762,A,1318,A
226,800,Uganda,56,Maize (corn),2015,2500,A,2812919,A,1125168,A
230,804,Ukraine,56,Maize (corn),2015,5712.6,A,23327570,A,4083500,A
233,854,Burkina Faso,56,Maize (corn),2015,1792,A,1469612,A,820117,A
11,40,Austria,56,Maize (corn),2015,8678.7,A,1637905.36,A,188728,A
23,84,Belize,56,Maize (corn),2015,2863.2,A,57702,A,20153,A
110,392,Japan,56,Maize (corn),2015,2624.9,E,144.48,I,55,I
116,408,Democratic People's Republic of Korea,56,Maize (corn),2015,4086.8,X,2287800,X,559800,X
120,418,Lao People's Democratic Republic,56,Maize (corn),2015,5968.9,A,1516250,A,254025,A
129,450,Madagascar,56,Maize (corn),2015,1714.2,E,329367,A,192137,I
158,562,Niger,56,Maize (corn),2015,1222.9,A,35387,A,28936,A
166,591,Panama,56,Maize (corn),2015,1556.4,A,102582,A,65910,A
167,203,Czechia,56,Maize (corn),2015,5535.8,A,442709,A,79972,A
185,643,Russian Federation,56,Maize (corn),2015,4933.7,A,13173295.8,A,2670059,A
191,670,Saint Vincent and the Grenadines,56,Maize (corn),2015,24218.8,A,775,A,32,A
197,694,Sierra Leone,56,Maize (corn),2015,614.1,A,22619,A,36835,A
10,36,Australia,56,Maize (corn),2015,8300.1,A,494589,A,59588,A
12,44,Bahamas,56,Maize (corn),2015,8342.3,E,597.18,I,72,I
18,64,Bhutan,56,Maize (corn),2015,3640.1,A,83714,A,22998,A
27,100,Bulgaria,56,Maize (corn),2015,5408.5,A,2696923,A,498644,A
29,108,Burundi,56,Maize (corn),2015,1326.2,A,160713,A,121179,A
48,188,Costa Rica,56,Maize (corn),2015,1879.4,A,8072,A,4295,A
98,191,Croatia,56,Maize (corn),2015,6474.8,A,1709152,A,263970,A
107,384,Côte d'Ivoire,56,Maize (corn),2015,2060.8,E,1026000,A,497864,I
75,270,Gambia,56,Maize (corn),2015,939.5,E,38520,A,41000,X
103,368,Iraq,56,Maize (corn),2015,3184.4,A,182340,A,57260,A
256,442,Luxembourg,56,Maize (corn),2015,6581.6,A,928,A,141,A
145,583,Micronesia (Federated States of),56,Maize (corn),2015,1437.1,E,85.71,I,60,I
156,554,New Zealand,56,Maize (corn),2015,11440.9,A,226278,A,19778,A
194,682,Saudi Arabia,56,Maize (corn),2015,6400,E,80000,X,12500,E
201,706,Somalia,56,Maize (corn),2015,611.1,X,116000,X,189825,X
220,780,Trinidad and Tobago,56,Maize (corn),2015,,,,A,,A
1,51,Armenia,56,Maize (corn),2015,6882.1,A,21720,A,3156,A
46,178,Congo,56,Maize (corn),2015,869.1,E,10768,I,12390,I
60,222,El Salvador,56,Maize (corn),2015,2511,A,710444,A,282937,A
90,324,Guinea,56,Maize (corn),2015,1250.3,A,727488,A,581847,A
93,332,Haiti,56,Maize (corn),2015,797.5,E,264590.12,I,331754,I
117,410,Republic of Korea,56,Maize (corn),2015,5095.3,A,78243,A,15356,A
231,840,United States of America,56,Maize (corn),2015,10572.3,A,345486340,A,32678310,A
91,328,Guyana,56,Maize (corn),2015,1368.9,E,4000,X,2922,I
154,807,North Macedonia,56,Maize (corn),2015,4214.3,A,136991,A,32506,A
165,586,Pakistan,56,Maize (corn),2015,4424.8,A,5270914,A,1191211,A
4,12,Algeria,56,Maize (corn),2015,3924.2,A,2794,A,712,A
19,68,Bolivia (Plurinational State of),56,Maize (corn),2015,2392.9,A,1056557,A,441545,A
89,320,Guatemala,56,Maize (corn),2015,2114.8,A,1853900.06,A,876625,A
159,566,Nigeria,56,Maize (corn),2015,1718.8,A,9540190,A,5550360,A
216,764,Thailand,56,Maize (corn),2015,4178.9,A,4729527,A,1131757,A
235,860,Uzbekistan,56,Maize (corn),2015,11784.2,A,439551,A,37300,A
49,192,Cuba,56,Maize (corn),2015,2428.1,A,363021,A,149511,A
225,784,United Arab Emirates,56,Maize (corn),2015,35291.3,A,3695,A,105,A
150,528,Netherlands (Kingdom of the),56,Maize (corn),2015,10825.3,A,121114,A,11188,A
202,710,South Africa,56,Maize (corn),2015,3487.1,A,10628800,A,3048050,A
58,218,Ecuador,56,Maize (corn),2015,4466.9,A,1873524.66,A,419427,A
4,12,Algeria,56,Maize (corn),2016,4512.2,A,3686.5,A,817,A
10,36,Australia,56,Maize (corn),2016,7508,A,400032,A,53281,A
14,52,Barbados,56,Maize (corn),2016,2755.8,E,95.57,A,35,I
23,84,Belize,56,Maize (corn),2016,2976.8,A,65761.59,A,22092,A
45,174,Comoros,56,Maize (corn),2016,1848.4,E,15918,A,8612,I
46,178,Congo,56,Maize (corn),2016,896.9,E,11888.62,I,13255,I
52,31,Azerbaijan,56,Maize (corn),2016,6248.5,A,223991,A,35847,A
93,332,Haiti,56,Maize (corn),2016,791.7,A,251928,A,318210,A
100,356,India,56,Maize (corn),2016,2686.3,A,25433487.4,A,9467938,A
101,360,Indonesia,56,Maize (corn),2016,5305.2,A,23578413,A,4444369,A
109,388,Jamaica,56,Maize (corn),2016,1085.3,A,2340,A,2156,A
110,392,Japan,56,Maize (corn),2016,2686.7,E,170.14,E,63,E
117,410,Republic of Korea,56,Maize (corn),2016,4852.9,A,73681,A,15183,A
126,440,Lithuania,56,Maize (corn),2016,6939.7,A,86233,A,12426,A
133,466,Mali,56,Maize (corn),2016,2725.5,A,2811385,A,1031522,A
144,508,Mozambique,56,Maize (corn),2016,732.3,A,1217000,A,1662000,A
153,540,New Caledonia,56,Maize (corn),2016,8408.5,A,8543,A,1016,A
170,604,Peru,56,Maize (corn),2016,3484.4,A,1575955.17,A,452291,A
174,620,Portugal,56,Maize (corn),2016,8019.4,A,710634,A,88614,A
175,624,Guinea-Bissau,56,Maize (corn),2016,857.1,X,6000,X,7000,X
179,634,Qatar,56,Maize (corn),2016,12501.1,A,573.8,A,46,A
209,748,Eswatini,56,Maize (corn),2016,1224.8,E,33000,X,26942,I
212,760,Syrian Arab Republic,56,Maize (corn),2016,4490.5,A,79348,A,17670,A
255,56,Belgium,56,Maize (corn),2016,9226.8,A,480496,A,52076,A
276,729,Sudan,56,Maize (corn),2016,1384.3,A,50000,A,36120,A
9,32,Argentina,56,Maize (corn),2016,7442.7,A,39792854,A,5346593,A
1,51,Armenia,56,Maize (corn),2016,6390.9,A,21026,A,3290,A
57,112,Belarus,56,Maize (corn),2016,5961.9,A,740511,A,124208,A
20,72,Botswana,56,Maize (corn),2016,250.3,E,15095.45,I,60320,I
39,148,Chad,56,Maize (corn),2016,1272.6,A,443779,A,348716,A
41,156,"China, mainland",56,Maize (corn),2016,5967.1,A,263613000,A,44178000,A
48,188,Costa Rica,56,Maize (corn),2016,1943.4,A,9542,A,4910,A
167,203,Czechia,56,Maize (corn),2016,9788.2,A,845765,A,86407,A
59,818,Egypt,56,Maize (corn),2016,7607.1,A,7817640,A,1027682,A
79,276,Germany,56,Maize (corn),2016,9651.2,A,4017800,A,416300,A
81,288,Ghana,56,Maize (corn),2016,1950,A,1721910.12,A,883031,A
95,340,Honduras,56,Maize (corn),2016,1857.1,A,613333.5,A,330257,A
103,368,Iraq,56,Maize (corn),2016,3889,A,259546,A,66738,A
113,417,Kyrgyzstan,56,Maize (corn),2016,6377.9,A,648744.1,A,101717,A
124,434,Libya,56,Maize (corn),2016,2132.2,E,3287.67,E,1542,E
130,454,Malawi,56,Maize (corn),2016,1415.4,A,2369493,A,1674076,A
131,458,Malaysia,56,Maize (corn),2016,,,,M,,M
273,499,Montenegro,56,Maize (corn),2016,4218.9,A,2649.9,A,628,A
143,504,Morocco,56,Maize (corn),2016,927.5,A,128762.7,A,138825,A
28,104,Myanmar,56,Maize (corn),2016,3750.5,A,1830631,A,488098,A
147,516,Namibia,56,Maize (corn),2016,1951.3,A,43611,A,22350,A
159,566,Nigeria,56,Maize (corn),2016,1783.7,A,10532340,A,5904906,A
221,512,Oman,56,Maize (corn),2016,6808.3,A,6856,A,1007,A
168,598,Papua New Guinea,56,Maize (corn),2016,5301,E,12332.18,E,2326,I
146,498,Republic of Moldova,56,Maize (corn),2016,2988.1,A,1392443,A,466001,A
189,662,Saint Lucia,56,Maize (corn),2016,,,,M,,M
272,688,Serbia,56,Maize (corn),2016,7303,A,7376738,A,1010097,A
197,694,Sierra Leone,56,Maize (corn),2016,333.2,A,12554,A,37680,A
207,740,Suriname,56,Maize (corn),2016,2472.2,A,89,A,36,A
155,548,Vanuatu,56,Maize (corn),2016,601.8,E,887.17,I,1474,I
237,704,Viet Nam,56,Maize (corn),2016,4552.9,A,5244140.3,A,1151830,A
7,24,Angola,56,Maize (corn),2016,978.5,A,2238456,A,2287574,A
19,68,Bolivia (Plurinational State of),56,Maize (corn),2016,2497.1,A,984628,A,394314,A
21,76,Brazil,56,Maize (corn),2016,4287.7,A,64188314,A,14970502,A
32,120,Cameroon,56,Maize (corn),2016,1980,A,2195941,A,1109061,A
37,140,Central African Republic,56,Maize (corn),2016,800,A,96239,A,120299,A
40,152,Chile,56,Maize (corn),2016,11544,A,1174487,A,101740,A
98,191,Croatia,56,Maize (corn),2016,8547,A,2154470,A,252072,A
107,384,Côte d'Ivoire,56,Maize (corn),2016,2048.6,E,967000,A,472032,I
55,212,Dominica,56,Maize (corn),2016,1597.7,E,188.27,I,118,I
58,218,Ecuador,56,Maize (corn),2016,3564.6,A,1091108.07,A,306095,A
60,222,El Salvador,56,Maize (corn),2016,3042.5,A,923472,A,303522,A
178,232,Eritrea,56,Maize (corn),2016,1000,X,20000,X,20000,X
238,231,Ethiopia,56,Maize (corn),2016,2946.8,A,8846787.38,A,3002159,A
75,270,Gambia,56,Maize (corn),2016,721,E,31005,A,43000,X
118,414,Kuwait,56,Maize (corn),2016,6553.3,A,2949,A,450,A
171,608,Philippines,56,Maize (corn),2016,2905.6,A,7218817,A,2484465,A
185,643,Russian Federation,56,Maize (corn),2016,5502.9,A,15281594,A,2777019,A
191,670,Saint Vincent and the Grenadines,56,Maize (corn),2016,24742.9,A,866,A,35,A
193,678,Sao Tome and Principe,56,Maize (corn),2016,2012.5,E,768,A,382,I
277,728,South Sudan,56,Maize (corn),2016,879.1,A,164613,A,187248,A
38,144,Sri Lanka,56,Maize (corn),2016,3607.3,A,243960,A,67630,A
211,756,Switzerland,56,Maize (corn),2016,10193.8,A,144406,A,14166,A
208,762,Tajikistan,56,Maize (corn),2016,12363.4,A,208112.5,A,16833,A
223,792,Türkiye,56,Maize (corn),2016,9418.2,A,6400000,A,679537,A
230,804,Ukraine,56,Maize (corn),2016,6602.4,A,28074610,A,4252200,A
235,860,Uzbekistan,56,Maize (corn),2016,12360.7,A,491919,A,39797,A
249,887,Yemen,56,Maize (corn),2016,1096.1,A,36892,A,33658,A
251,894,Zambia,56,Maize (corn),2016,2481.6,A,2873052,A,1157754,A
16,50,Bangladesh,56,Maize (corn),2016,7300.8,A,2445576,A,334974,A
49,192,Cuba,56,Maize (corn),2016,2373.4,A,404467,A,170418,A
56,214,Dominican Republic,56,Maize (corn),2016,1646.9,A,41665.65,A,25299,A
68,250,France,56,Maize (corn),2016,8206,A,11839729,A,1442805,A
106,380,Italy,56,Maize (corn),2016,10351.5,A,6839499.2,A,660727,A
137,480,Mauritius,56,Maize (corn),2016,6803.3,A,415,A,61,A
138,484,Mexico,56,Maize (corn),2016,3718,A,28250160,A,7598185,A
154,807,North Macedonia,56,Maize (corn),2016,4626.6,A,147029,A,31779,A
173,616,Poland,56,Maize (corn),2016,7317.3,A,4342910,A,593514,A
177,630,Puerto Rico,56,Maize (corn),2016,3744.2,E,16.57,I,4,I
194,682,Saudi Arabia,56,Maize (corn),2016,6400,E,80000,X,12500,E
203,724,Spain,56,Maize (corn),2016,11327,A,4069508,A,359275,A
214,158,"China, Taiwan Province of",56,Maize (corn),2016,5429.9,A,164750,A,30341,A
217,768,Togo,56,Maize (corn),2016,1223.5,A,826896,A,675831,A
33,124,Canada,56,Maize (corn),2016,9826,A,13889000,A,1413500,A
35,132,Cabo Verde,56,Maize (corn),2016,178,A,5642,A,31698,A
53,204,Benin,56,Maize (corn),2016,1376.2,A,1376682.55,A,1000361,A
66,242,Fiji,56,Maize (corn),2016,3000,A,867,A,289,A
72,262,Djibouti,56,Maize (corn),2016,1998.2,E,16.79,E,8,E
89,320,Guatemala,56,Maize (corn),2016,2152.2,A,1899318.26,A,882496,A
116,408,Democratic People's Republic of Korea,56,Maize (corn),2016,4031.9,A,2195243.8,A,544472,A
136,478,Mauritania,56,Maize (corn),2016,455.2,X,9600,X,21090,X
149,524,Nepal,56,Maize (corn),2016,2502.9,A,2231517,A,891583,A
150,528,Netherlands (Kingdom of the),56,Maize (corn),2016,10047.6,A,84641,A,8424,A
157,558,Nicaragua,56,Maize (corn),2016,1166.5,A,410622.42,A,352005,A
158,562,Niger,56,Maize (corn),2016,1217.7,A,38022.36,A,31224,A
220,780,Trinidad and Tobago,56,Maize (corn),2016,,,,A,,A
250,180,Democratic Republic of the Congo,56,Maize (corn),2016,772.7,E,2100806.44,I,2718815,I
2,4,Afghanistan,56,Maize (corn),2016,2051.7,A,311646,A,151900,A
11,40,Austria,56,Maize (corn),2016,11162.9,A,2179587.01,A,195252,A
18,64,Bhutan,56,Maize (corn),2016,3579.4,A,82035,A,22919,A
91,328,Guyana,56,Maize (corn),2016,1365.8,E,4000,X,2929,I
102,364,Iran (Islamic Republic of),56,Maize (corn),2016,7383.8,A,1170587,A,158534,A
129,450,Madagascar,56,Maize (corn),2016,1730.9,E,316331,A,182758,I
145,583,Micronesia (Federated States of),56,Maize (corn),2016,1441.3,E,87.89,I,61,I
165,586,Pakistan,56,Maize (corn),2016,4549.1,A,6134274,A,1348452,A
184,646,Rwanda,56,Maize (corn),2016,1574.8,A,374266.77,A,237658,A
202,710,South Africa,56,Maize (corn),2016,3712,A,8214240,A,2212880,A
234,858,Uruguay,56,Maize (corn),2016,5867.5,A,487000,A,83000,A
27,100,Bulgaria,56,Maize (corn),2016,5470.3,A,2226094,A,406942,A
29,108,Burundi,56,Maize (corn),2016,1483.5,A,243740,A,164306,A
84,300,Greece,56,Maize (corn),2016,11333.7,A,1505461.39,A,132830,A
86,308,Grenada,56,Maize (corn),2016,998.3,E,388.23,E,389,E
90,324,Guinea,56,Maize (corn),2016,1226.5,A,748639,A,610389,A
108,398,Kazakhstan,56,Maize (corn),2016,5642.3,A,762360,A,135116,A
120,418,Lao People's Democratic Republic,56,Maize (corn),2016,5995.8,A,1552360,A,258910,A
132,462,Maldives,56,Maize (corn),2016,4411.6,E,146.42,I,33,E
198,705,Slovenia,56,Maize (corn),2016,9514.4,A,346211,A,36388,A
215,834,United Republic of Tanzania,56,Maize (corn),2016,1585.6,E,6149000,A,3878099,I
225,784,United Arab Emirates,56,Maize (corn),2016,33396.5,A,5988,A,179,A
231,840,United States of America,56,Maize (corn),2016,11743.3,A,412262180,A,35106050,A
233,854,Burkina Faso,56,Maize (corn),2016,1757.7,A,1602525,A,911728,A
44,170,Colombia,56,Maize (corn),2016,3073.7,A,1295088.58,A,421346,A
54,208,Denmark,56,Maize (corn),2016,7684.2,A,43800,A,5700,A
74,266,Gabon,56,Maize (corn),2016,1562.9,E,44272.11,I,28327,I
97,348,Hungary,56,Maize (corn),2016,8630.1,A,8729915,A,1011563,A
112,400,Jordan,56,Maize (corn),2016,,,,E,,E
114,404,Kenya,56,Maize (corn),2016,1428.4,A,3339000,A,2337586,A
216,764,Thailand,56,Maize (corn),2016,4379,E,4390185,A,1002545,I
226,800,Uganda,56,Maize (corn),2016,2147.7,E,2482795,A,1156035,I
3,8,Albania,56,Maize (corn),2016,6487.7,A,379714,A,58528,A
256,442,Luxembourg,56,Maize (corn),2016,6697,A,840,A,125,A
166,591,Panama,56,Maize (corn),2016,2167.9,A,127799,A,58950,A
183,642,Romania,56,Maize (corn),2016,4167.7,A,10746387,A,2578523,A
195,686,Senegal,56,Maize (corn),2016,1824.8,A,400462,A,219453,A
199,703,Slovakia,56,Maize (corn),2016,9253.7,A,1710178,A,184811,A
105,376,Israel,56,Maize (corn),2016,22998.3,A,80264,A,3490,A
156,554,New Zealand,56,Maize (corn),2016,11689.3,A,210325,A,17993,A
201,706,Somalia,56,Maize (corn),2016,555.1,X,60000,X,108082,X
213,795,Turkmenistan,56,Maize (corn),2016,3724.8,A,10292.1,A,2763,A
115,116,Cambodia,56,Maize (corn),2016,4811.9,A,542300,A,112700,A
169,600,Paraguay,56,Maize (corn),2016,5367,A,5152320,A,960000,A
176,626,Timor-Leste,56,Maize (corn),2016,2314.6,E,96565.16,I,41719,I
8,28,Antigua and Barbuda,56,Maize (corn),2016,1843.2,E,64.71,I,35,I
12,44,Bahamas,56,Maize (corn),2016,7709.5,E,658.54,E,85,E
73,268,Georgia,56,Maize (corn),2016,2620.4,A,243700,A,93000,A
122,426,Lesotho,56,Maize (corn),2016,468,A,19181,A,40981,A
181,716,Zimbabwe,56,Maize (corn),2016,440.5,A,511816,A,1161997,A
121,422,Lebanon,56,Maize (corn),2016,4072.7,A,2745,A,674,A
80,70,Bosnia and Herzegovina,56,Maize (corn),2016,6146.6,A,1178423,A,191719,A
236,862,Venezuela (Bolivarian Republic of),56,Maize (corn),2016,3372.4,A,1543365.03,A,457639,A
2,4,Afghanistan,56,Maize (corn),2017,1295.7,A,173912,A,134225,A
18,64,Bhutan,56,Maize (corn),2017,3517.6,A,94052,A,26738,A
29,108,Burundi,56,Maize (corn),2017,1297.7,A,228355,A,175965,A
37,140,Central African Republic,56,Maize (corn),2017,800,A,95720,A,119650,A
40,152,Chile,56,Maize (corn),2017,11224.4,A,1062588.7,A,94668,A
60,222,El Salvador,56,Maize (corn),2017,3186.7,A,904203.59,A,283739,A
100,356,India,56,Maize (corn),2017,2937.5,A,27099085.11,A,9225196,A
101,360,Indonesia,56,Maize (corn),2017,5297.7,E,25164000,A,4750000,E
103,368,Iraq,56,Maize (corn),2017,3562.5,A,185291,A,52012,A
115,116,Cambodia,56,Maize (corn),2017,5427.5,A,1231500,A,226900,A
124,434,Libya,56,Maize (corn),2017,2180.9,E,3512.43,I,1611,I
129,450,Madagascar,56,Maize (corn),2017,1740.6,E,281487,A,161716,I
130,454,Malawi,56,Maize (corn),2017,2007.8,A,3464139,A,1725367,A
143,504,Morocco,56,Maize (corn),2017,936.2,A,122398.73,A,130742,A
156,554,New Zealand,56,Maize (corn),2017,10057,A,175586.4,A,17459,A
213,795,Turkmenistan,56,Maize (corn),2017,3570.1,A,11166.15,A,3128,A
223,792,Türkiye,56,Maize (corn),2017,9251.6,A,5900000,A,637726,A
231,840,United States of America,56,Maize (corn),2017,11083.7,A,371096030,A,33481220,A
236,862,Venezuela (Bolivarian Republic of),56,Maize (corn),2017,3099.8,A,1282179,A,413628,A
237,704,Viet Nam,56,Maize (corn),2017,4648.3,A,5109765.58,A,1099274,A
255,56,Belgium,56,Maize (corn),2017,12420.6,A,608671,A,49005,A
272,688,Serbia,56,Maize (corn),2017,4009.1,A,4018370,A,1002319,A
4,12,Algeria,56,Maize (corn),2017,1300.7,A,2634,A,2025,A
9,32,Argentina,56,Maize (corn),2017,7575.9,A,49475895,A,6530673,A
23,84,Belize,56,Maize (corn),2017,4558.6,A,89536,A,19641,A
45,174,Comoros,56,Maize (corn),2017,1830.6,E,16473,A,8999,I
116,408,Democratic People's Republic of Korea,56,Maize (corn),2017,4311.4,A,2199755,A,510223,A
54,208,Denmark,56,Maize (corn),2017,7627.5,A,38900,A,5100,A
178,232,Eritrea,56,Maize (corn),2017,1000,X,20000,X,20000,X
238,231,Ethiopia,56,Maize (corn),2017,3311.9,A,10488192.84,A,3166792,A
75,270,Gambia,56,Maize (corn),2017,612.6,E,21441,A,35000,X
89,320,Guatemala,56,Maize (corn),2017,2154,E,1951551,A,906000,E
91,328,Guyana,56,Maize (corn),2017,1364.7,E,4000,X,2931,I
97,348,Hungary,56,Maize (corn),2017,6815.4,A,6739186,A,988823,A
105,376,Israel,56,Maize (corn),2017,25759.7,A,87583,A,3400,A
120,418,Lao People's Democratic Republic,56,Maize (corn),2017,5755.7,A,1192525,A,207190,A
131,458,Malaysia,56,Maize (corn),2017,,,,M,,M
136,478,Mauritania,56,Maize (corn),2017,1000,X,14000,X,14000,X
158,562,Niger,56,Maize (corn),2017,1425.7,A,38344.55,A,26895,A
166,591,Panama,56,Maize (corn),2017,2182.1,A,116151,A,53230,A
184,646,Rwanda,56,Maize (corn),2017,1379.3,A,410280.02,A,297447,A
191,670,Saint Vincent and the Grenadines,56,Maize (corn),2017,28225,A,1129,A,40,A
194,682,Saudi Arabia,56,Maize (corn),2017,6400,E,80000,X,12500,E
202,710,South Africa,56,Maize (corn),2017,5859.6,A,17551000,A,2995250,A
211,756,Switzerland,56,Maize (corn),2017,10693.4,A,162454,A,15192,A
217,768,Togo,56,Maize (corn),2017,1230.8,A,854689,A,694422,A
230,804,Ukraine,56,Maize (corn),2017,5505.6,A,24668750,A,4480700,A
225,784,United Arab Emirates,56,Maize (corn),2017,30801.8,A,17143,A,557,A
235,860,Uzbekistan,56,Maize (corn),2017,10407.8,A,389427,A,37417,A
8,28,Antigua and Barbuda,56,Maize (corn),2017,2030.7,E,51.47,I,25,I
53,204,Benin,56,Maize (corn),2017,1321.5,A,1454284.09,A,1100513,A
21,76,Brazil,56,Maize (corn),2017,5618.3,A,97910658,A,17427206,A
35,132,Cabo Verde,56,Maize (corn),2017,0.1,A,4,A,31699,A
41,156,"China, mainland",56,Maize (corn),2017,6110.3,A,259071000,A,42399000,A
44,170,Colombia,56,Maize (corn),2017,3500.5,A,1329856,A,379907,A
49,192,Cuba,56,Maize (corn),2017,2369.1,A,373870,A,157813,A
58,218,Ecuador,56,Maize (corn),2017,4002.3,A,1436105.75,A,358822,A
66,242,Fiji,56,Maize (corn),2017,3000,A,960.6,A,320,A
175,624,Guinea-Bissau,56,Maize (corn),2017,1000,X,7000,X,7000,X
256,442,Luxembourg,56,Maize (corn),2017,8597.2,A,695,A,81,A
133,466,Mali,56,Maize (corn),2017,2918.2,A,3598205,A,1233008,A
144,508,Mozambique,56,Maize (corn),2017,740,A,1224000,A,1654000,A
149,524,Nepal,56,Maize (corn),2017,2554.9,A,2300121,A,900288,A
153,540,New Caledonia,56,Maize (corn),2017,9009.8,A,9415.2,A,1045,A
169,600,Paraguay,56,Maize (corn),2017,5485,A,5155900,A,940000,A
174,620,Portugal,56,Maize (corn),2017,8612.1,A,745123,A,86520,A
179,634,Qatar,56,Maize (corn),2017,12647.1,A,645,A,51,A
146,498,Republic of Moldova,56,Maize (corn),2017,3696,A,1772525,A,479581,A
189,662,Saint Lucia,56,Maize (corn),2017,,,,M,,M
195,686,Senegal,56,Maize (corn),2017,1771.4,A,410364,A,231659,A
212,760,Syrian Arab Republic,56,Maize (corn),2017,3364.1,A,91853,A,27304,A
249,887,Yemen,56,Maize (corn),2017,1110.3,A,36887,A,33223,A
251,894,Zambia,56,Maize (corn),2017,2515.1,A,3606549,A,1433944,A
33,124,Canada,56,Maize (corn),2017,10023.8,A,14095500,A,1406200,A
52,31,Azerbaijan,56,Maize (corn),2017,6607.7,A,235668.8,A,35666,A
55,212,Dominica,56,Maize (corn),2017,1601.7,E,189.57,I,118,I
56,214,Dominican Republic,56,Maize (corn),2017,1711.5,A,44007,A,25712,A
84,300,Greece,56,Maize (corn),2017,11598.5,A,1461730,A,126027,A
86,308,Grenada,56,Maize (corn),2017,997.2,E,385.82,I,387,I
93,332,Haiti,56,Maize (corn),2017,785.8,E,225000,X,286319,I
98,191,Croatia,56,Maize (corn),2017,6311.3,A,1559638,A,247119,A
102,364,Iran (Islamic Republic of),56,Maize (corn),2017,6692.4,A,693510,A,103627,A
117,410,Republic of Korea,56,Maize (corn),2017,4815.4,A,72587,A,15074,A
121,422,Lebanon,56,Maize (corn),2017,4512.1,A,4864,A,1078,A
168,598,Papua New Guinea,56,Maize (corn),2017,5621.8,E,12823,I,2281,E
176,626,Timor-Leste,56,Maize (corn),2017,2169.3,E,75000,X,34574,I
177,630,Puerto Rico,56,Maize (corn),2017,4032.4,E,18.33,I,5,I
197,694,Sierra Leone,56,Maize (corn),2017,2133,A,22418,A,10510,A
207,740,Suriname,56,Maize (corn),2017,2388.9,A,86,A,36,A
221,512,Oman,56,Maize (corn),2017,6929.5,A,7075,A,1021,A
250,180,Democratic Republic of the Congo,56,Maize (corn),2017,771.9,E,2186318,A,2832465,I
12,44,Bahamas,56,Maize (corn),2017,7820.7,E,647.78,E,83,E
27,100,Bulgaria,56,Maize (corn),2017,6436.2,A,2562569,A,398152,A
80,70,Bosnia and Herzegovina,56,Maize (corn),2017,3652.7,A,709584.2,A,194266,A
107,384,Côte d'Ivoire,56,Maize (corn),2017,2076.3,E,1025000,A,493661,I
110,392,Japan,56,Maize (corn),2017,2692.7,E,173.26,I,64,I
122,426,Lesotho,56,Maize (corn),2017,1040.9,A,172666,A,165882,A
150,528,Netherlands (Kingdom of the),56,Maize (corn),2017,13459.9,A,116711,A,8671,A
154,807,North Macedonia,56,Maize (corn),2017,3843.7,A,123014,A,32004,A
170,604,Peru,56,Maize (corn),2017,3412.6,A,1523469,A,446426,A
183,642,Romania,56,Maize (corn),2017,5961,A,14326097,A,2403298,A
201,706,Somalia,56,Maize (corn),2017,770,X,77000,X,100000,X
208,762,Tajikistan,56,Maize (corn),2017,13077.6,A,218448,A,16704,A
273,499,Montenegro,56,Maize (corn),2017,4220.1,A,2707.6,A,642,A
14,52,Barbados,56,Maize (corn),2017,2815.6,E,73.86,A,26,I
32,120,Cameroon,56,Maize (corn),2017,1840,A,2169226.1,A,1178927,A
39,148,Chad,56,Maize (corn),2017,1181.4,A,396506,A,335637,A
46,178,Congo,56,Maize (corn),2017,930.7,E,12322.43,I,13240,I
48,188,Costa Rica,56,Maize (corn),2017,1513.9,A,6720,A,4439,A
73,268,Georgia,56,Maize (corn),2017,1813,A,142500,A,78600,A
113,417,Kyrgyzstan,56,Maize (corn),2017,6445.2,A,653351.3,A,101370,A
155,548,Vanuatu,56,Maize (corn),2017,606.8,E,904.19,I,1490,I
165,586,Pakistan,56,Maize (corn),2017,4718.2,A,5901630,A,1250827,A
173,616,Poland,56,Maize (corn),2017,7154.5,A,4021592,A,562105,A
199,703,Slovakia,56,Maize (corn),2017,5676.9,A,1066188,A,187812,A
181,716,Zimbabwe,56,Maize (corn),2017,1393.3,A,1532572,A,1099945,A
226,800,Uganda,56,Maize (corn),2017,1820.9,E,2814490,A,1545635,I
233,854,Burkina Faso,56,Maize (corn),2017,1603.4,A,1533431,A,956386,A
7,24,Angola,56,Maize (corn),2017,893.5,A,2380522,A,2664361,A
10,36,Australia,56,Maize (corn),2017,6436.3,A,436193.85,A,67771,A
20,72,Botswana,56,Maize (corn),2017,240.3,A,12265,A,51030,A
28,104,Myanmar,56,Maize (corn),2017,3813.8,A,1909294.67,A,500630,A
38,144,Sri Lanka,56,Maize (corn),2017,3725.3,A,195744,A,52544,A
57,112,Belarus,56,Maize (corn),2017,5324.4,A,694238,A,130387,A
72,262,Djibouti,56,Maize (corn),2017,1998.7,E,16.75,I,8,I
106,380,Italy,56,Maize (corn),2017,9366.7,A,6048499,A,645742,A
108,398,Kazakhstan,56,Maize (corn),2017,5741.2,A,784695,A,136677,A
138,484,Mexico,56,Maize (corn),2017,3788.8,A,27763203.33,A,7327679,A
145,583,Micronesia (Federated States of),56,Maize (corn),2017,1455.9,E,88.4,I,61,I
159,566,Nigeria,56,Maize (corn),2017,1664.1,A,10632299,A,6389296,A
220,780,Trinidad and Tobago,56,Maize (corn),2017,,,,A,,A
11,40,Austria,56,Maize (corn),2017,9910.4,A,2075983,A,209476,A
126,440,Lithuania,56,Maize (corn),2017,5738.1,A,56974,A,9929,A
193,678,Sao Tome and Principe,56,Maize (corn),2017,2002.3,E,576,A,288,I
277,728,South Sudan,56,Maize (corn),2017,885.2,A,152314,A,172068,A
203,724,Spain,56,Maize (corn),2017,11316.9,A,3775645,A,333628,A
276,729,Sudan,56,Maize (corn),2017,1333.9,E,17000,A,12745,I
16,50,Bangladesh,56,Maize (corn),2017,7759.8,A,3025392,A,389878,A
95,340,Honduras,56,Maize (corn),2017,1832.3,E,683734,A,373161,I
109,388,Jamaica,56,Maize (corn),2017,1162.5,A,2539,A,2184,A
137,480,Mauritius,56,Maize (corn),2017,7491.5,A,442,A,59,A
147,516,Namibia,56,Maize (corn),2017,2354.2,A,71037,A,30174,A
209,748,Eswatini,56,Maize (corn),2017,1238.7,E,84000,X,67815,I
19,68,Bolivia (Plurinational State of),56,Maize (corn),2017,2247.3,A,954908.9,A,424907,A
68,250,France,56,Maize (corn),2017,10123.9,A,14534897,A,1435699,A
74,266,Gabon,56,Maize (corn),2017,1562.2,E,44733.65,I,28634,I
79,276,Germany,56,Maize (corn),2017,10526.9,A,4547600,A,432000,A
157,558,Nicaragua,56,Maize (corn),2017,1279.5,A,408414.86,A,319200,A
171,608,Philippines,56,Maize (corn),2017,3100.7,A,7914908.49,A,2552592,A
198,705,Slovenia,56,Maize (corn),2017,7108.3,A,272177,A,38290,A
216,764,Thailand,56,Maize (corn),2017,4598.1,A,4820962,A,1048464,A
3,8,Albania,56,Maize (corn),2017,6563.2,A,381059,A,58060,A
1,51,Armenia,56,Maize (corn),2017,4900.2,A,10413,A,2125,A
214,158,"China, Taiwan Province of",56,Maize (corn),2017,6099.8,A,185299,A,30378,A
167,203,Czechia,56,Maize (corn),2017,6838.9,A,588105.44,A,85995,A
90,324,Guinea,56,Maize (corn),2017,1350,A,817286,A,605397,A
118,414,Kuwait,56,Maize (corn),2017,7214.3,A,3838,A,532,A
185,643,Russian Federation,56,Maize (corn),2017,4887.5,A,13208095,A,2702425,A
59,818,Egypt,56,Maize (corn),2017,7789.5,A,8542635,A,1096680,A
112,400,Jordan,56,Maize (corn),2017,,,,E,,E
114,404,Kenya,56,Maize (corn),2017,1527.2,A,3186000,A,2086178,A
132,462,Maldives,56,Maize (corn),2017,4085.5,E,142.67,E,35,E
215,834,United Republic of Tanzania,56,Maize (corn),2017,1749.9,A,6680758,A,3817879,A
234,858,Uruguay,56,Maize (corn),2017,7136.4,A,471000,A,66000,A
81,288,Ghana,56,Maize (corn),2017,2011.2,E,2011179.42,A,1000000,X
3,8,Albania,56,Maize (corn),2018,7227.3,A,391104,A,54115,A
14,52,Barbados,56,Maize (corn),2018,2835.6,E,109.3,A,39,I
21,76,Brazil,56,Maize (corn),2018,5107.6,A,82366531,A,16126368,A
27,100,Bulgaria,56,Maize (corn),2018,7922.5,A,3522500,A,444620,A
37,140,Central African Republic,56,Maize (corn),2018,800,A,99549,A,124436,A
40,152,Chile,56,Maize (corn),2018,12470.6,A,1110607.7,A,89058,A
53,204,Benin,56,Maize (corn),2018,1304,A,1509758.35,A,1157805,A
58,218,Ecuador,56,Maize (corn),2018,3624.5,A,1324147,A,365334,A
75,270,Gambia,56,Maize (corn),2018,516.3,E,18069.63,A,35000,X
86,308,Grenada,56,Maize (corn),2018,996.5,E,385.87,I,387,I
97,348,Hungary,56,Maize (corn),2018,8445,A,7930560,A,939080,A
105,376,Israel,56,Maize (corn),2018,22637.2,A,74929,A,3310,A
114,404,Kenya,56,Maize (corn),2018,1765.6,A,4013777.44,A,2273283,A
118,414,Kuwait,56,Maize (corn),2018,17597.2,A,8869,A,504,A
157,558,Nicaragua,56,Maize (corn),2018,1391,A,395223,A,284124,A
159,566,Nigeria,56,Maize (corn),2018,1671.6,A,10934149,A,6541183,A
173,616,Poland,56,Maize (corn),2018,5875.6,A,3792140,A,645410,A
174,620,Portugal,56,Maize (corn),2018,8563.6,A,713860,A,83360,A
178,232,Eritrea,56,Maize (corn),2018,1000,X,20000,X,20000,X
181,716,Zimbabwe,56,Maize (corn),2018,1350.6,A,1560100,A,1155075,A
183,642,Romania,56,Maize (corn),2018,7636.8,A,18663940,A,2443950,A
184,646,Rwanda,56,Maize (corn),2018,1431.5,A,424203.68,A,296330,A
199,703,Slovakia,56,Maize (corn),2018,8368.5,A,1498210,A,179030,A
210,752,Sweden,56,Maize (corn),2018,4144.1,A,4600,A,1110,A
215,834,United Republic of Tanzania,56,Maize (corn),2018,1768.9,A,6273151,A,3546448,A
272,688,Serbia,56,Maize (corn),2018,7723.6,A,6964770,A,901753,A
2,4,Afghanistan,56,Maize (corn),2018,1472.7,A,106670,A,72433,A
7,24,Angola,56,Maize (corn),2018,1047.7,A,2765316,A,2639535,A
32,120,Cameroon,56,Maize (corn),2018,1845.6,A,2398636.7,A,1299661,A
41,156,"China, mainland",56,Maize (corn),2018,6104.3,A,257173900,A,42130050,A
54,208,Denmark,56,Maize (corn),2018,5631.7,A,35480,A,6300,A
66,242,Fiji,56,Maize (corn),2018,3005,A,1208,A,402,A
74,266,Gabon,56,Maize (corn),2018,1560.6,E,45421.29,I,29105,I
104,372,Ireland,56,Maize (corn),2018,,,,A,,A
113,417,Kyrgyzstan,56,Maize (corn),2018,6594.9,A,692877,A,105063,A
120,418,Lao People's Democratic Republic,56,Maize (corn),2018,5927.3,A,981680,A,165620,A
138,484,Mexico,56,Maize (corn),2018,3814.6,A,27169400,A,7122562,A
203,724,Spain,56,Maize (corn),2018,11919.6,A,3842520,A,322370,A
223,792,Türkiye,56,Maize (corn),2018,9635.8,A,5700000,A,591544,A
155,548,Vanuatu,56,Maize (corn),2018,613.1,E,916.67,I,1495,I
9,32,Argentina,56,Maize (corn),2018,6088.3,A,43462323,A,7138620,A
23,84,Belize,56,Maize (corn),2018,4206.3,A,77766,A,18488,A
29,108,Burundi,56,Maize (corn),2018,1528.9,A,290498,A,190003,A
33,124,Canada,56,Maize (corn),2018,9704.9,A,13884800,A,1430700,A
45,174,Comoros,56,Maize (corn),2018,1804,E,17028,A,9439,I
167,203,Czechia,56,Maize (corn),2018,5976.2,A,489150,A,81850,A
81,288,Ghana,56,Maize (corn),2018,2258.9,A,2306383.95,A,1021000,A
93,332,Haiti,56,Maize (corn),2018,578.7,A,234033,A,404424,A
112,400,Jordan,56,Maize (corn),2018,,,,E,,E
121,422,Lebanon,56,Maize (corn),2018,3000,X,3000,X,1000,X
122,426,Lesotho,56,Maize (corn),2018,868.4,A,109912,A,126564,A
256,442,Luxembourg,56,Maize (corn),2018,5111.1,A,460,A,90,A
129,450,Madagascar,56,Maize (corn),2018,1751.6,E,215000,A,122742,I
137,480,Mauritius,56,Maize (corn),2018,6046.9,A,387,A,64,A
143,504,Morocco,56,Maize (corn),2018,799,A,118392,A,148178,A
28,104,Myanmar,56,Maize (corn),2018,3821.3,A,1984136.46,A,519227,A
168,598,Papua New Guinea,56,Maize (corn),2018,5494.9,E,12607.09,E,2294,I
171,608,Philippines,56,Maize (corn),2018,3094.6,A,7771918.63,A,2511436,A
117,410,Republic of Korea,56,Maize (corn),2018,5042.1,A,78012,A,15472,A
191,670,Saint Vincent and the Grenadines,56,Maize (corn),2018,27837.8,A,1030,A,37,A
194,682,Saudi Arabia,56,Maize (corn),2018,6229.9,A,15394,A,2471,A
195,686,Senegal,56,Maize (corn),2018,1935.8,A,485672.51,A,250891,A
201,706,Somalia,56,Maize (corn),2018,1096.8,X,102000,X,93000,X
276,729,Sudan,56,Maize (corn),2018,1500.3,A,46000,A,30660,A
231,840,United States of America,56,Maize (corn),2018,11074.6,A,364262150,A,32891580,A
235,860,Uzbekistan,56,Maize (corn),2018,10377.6,A,413165,A,39813,A
236,862,Venezuela (Bolivarian Republic of),56,Maize (corn),2018,2888.3,A,1091345,A,377855,A
8,28,Antigua and Barbuda,56,Maize (corn),2018,2233.9,E,36.94,I,17,I
44,170,Colombia,56,Maize (corn),2018,3498.9,A,1378367.83,A,393949,A
49,192,Cuba,56,Maize (corn),2018,2390.5,A,345909.18,A,144704,A
56,214,Dominican Republic,56,Maize (corn),2018,1708.4,A,44680.62,A,26154,A
59,818,Egypt,56,Maize (corn),2018,7516.2,A,5111236,A,680025,A
103,368,Iraq,56,Maize (corn),2018,4500,X,225000,X,50000,X
110,392,Japan,56,Maize (corn),2018,2670.2,E,162.63,E,61,E
115,116,Cambodia,56,Maize (corn),2018,5915,A,1231500,A,208200,A
136,478,Mauritania,56,Maize (corn),2018,705.9,X,12000,X,17000,X
147,516,Namibia,56,Maize (corn),2018,2353.9,A,59253,A,25172,A
150,528,Netherlands (Kingdom of the),56,Maize (corn),2018,6488.4,A,89280,A,13760,A
154,807,North Macedonia,56,Maize (corn),2018,5145.6,A,190722,A,37065,A
166,591,Panama,56,Maize (corn),2018,2384.3,A,128540,A,53910,A
170,604,Peru,56,Maize (corn),2018,3436.3,A,1576752,A,458851,A
176,626,Timor-Leste,56,Maize (corn),2018,2144.5,E,86213.78,I,40202,I
189,662,Saint Lucia,56,Maize (corn),2018,,,,M,,M
211,756,Switzerland,56,Maize (corn),2018,9776.2,A,134853,A,13794,A
212,760,Syrian Arab Republic,56,Maize (corn),2018,3733.3,A,101349,A,27147,A
213,795,Turkmenistan,56,Maize (corn),2018,3153.4,A,9774.7,A,3100,A
226,800,Uganda,56,Maize (corn),2018,1388.1,A,3442430,A,2480000,A
234,858,Uruguay,56,Maize (corn),2018,4339.9,A,309000,A,71200,A
277,728,South Sudan,56,Maize (corn),2018,850,A,149611,A,176014,A
10,36,Australia,56,Maize (corn),2018,7336.5,A,387240,A,52783,A
18,64,Bhutan,56,Maize (corn),2018,3523.6,A,55259.01,A,15682,A
20,72,Botswana,56,Maize (corn),2018,321.5,A,24633.18,A,76608,A
48,188,Costa Rica,56,Maize (corn),2018,2181.9,A,18062.6,A,8278,A
73,268,Georgia,56,Maize (corn),2018,2719.9,A,194200,A,71400,A
79,276,Germany,56,Maize (corn),2018,8139,A,3344300,A,410900,A
80,70,Bosnia and Herzegovina,56,Maize (corn),2018,6640,A,1272339,A,191617,A
84,300,Greece,56,Maize (corn),2018,10630.1,A,1205980,A,113450,A
98,191,Croatia,56,Maize (corn),2018,9123.8,A,2147280,A,235350,A
102,364,Iran (Islamic Republic of),56,Maize (corn),2018,6692.4,A,608898.37,A,90984,A
108,398,Kazakhstan,56,Maize (corn),2018,5744.9,A,862094,A,150062,A
119,428,Latvia,56,Maize (corn),2018,,,,A,,A
144,508,Mozambique,56,Maize (corn),2018,871.9,A,1406794,A,1613535,A
149,524,Nepal,56,Maize (corn),2018,2721.6,A,2596844,A,954158,A
165,586,Pakistan,56,Maize (corn),2018,4968.5,A,6826379,A,1373922,A
185,643,Russian Federation,56,Maize (corn),2018,4806.7,A,11419020,A,2375641,A
208,762,Tajikistan,56,Maize (corn),2018,14886.8,A,237355.2,A,15944,A
220,780,Trinidad and Tobago,56,Maize (corn),2018,,,,A,,A
237,704,Viet Nam,56,Maize (corn),2018,4720.2,A,4874054.16,A,1032598,A
250,180,Democratic Republic of the Congo,56,Maize (corn),2018,770.2,E,2186055,A,2838359,I
12,44,Bahamas,56,Maize (corn),2018,7862.8,E,626.45,I,80,I
60,222,El Salvador,56,Maize (corn),2018,2531.2,A,685509.27,A,270823,A
238,231,Ethiopia,56,Maize (corn),2018,3336.8,A,10864092,A,3255852,A
68,250,France,56,Maize (corn),2018,8820.6,A,12580430,A,1426260,A
90,324,Guinea,56,Maize (corn),2018,1338.6,A,818544,A,611474,A
100,356,India,56,Maize (corn),2018,3023.4,A,28048097.7,A,9276951,A
109,388,Jamaica,56,Maize (corn),2018,1148.5,A,2177.09,A,1896,A
116,408,Democratic People's Republic of Korea,56,Maize (corn),2018,3690.3,A,1876153.4,A,508396,A
124,434,Libya,56,Maize (corn),2018,2275.6,A,3550,A,1560,A
126,440,Lithuania,56,Maize (corn),2018,6541.4,A,87590,A,13390,A
153,540,New Caledonia,56,Maize (corn),2018,9183.5,E,10184,A,1109,I
156,554,New Zealand,56,Maize (corn),2018,11067.9,A,191993.37,A,17347,A
158,562,Niger,56,Maize (corn),2018,1463.2,A,29535.77,A,20185,A
175,624,Guinea-Bissau,56,Maize (corn),2018,1000,X,7000,X,7000,X
177,630,Puerto Rico,56,Maize (corn),2018,5000,A,20,A,4,A
198,705,Slovenia,56,Maize (corn),2018,9452.3,A,350490,A,37080,A
251,894,Zambia,56,Maize (corn),2018,2205.2,A,2394906.98,A,1086006,A
11,40,Austria,56,Maize (corn),2018,10149.3,A,2130340,A,209900,A
19,68,Bolivia (Plurinational State of),56,Maize (corn),2018,2728.2,A,1260925.78,A,462187,A
55,212,Dominica,56,Maize (corn),2018,1609,E,190.47,I,118,I
72,262,Djibouti,56,Maize (corn),2018,1998.2,E,16.73,I,8,I
101,360,Indonesia,56,Maize (corn),2018,5307,E,18840000,A,3550000,E
193,678,Sao Tome and Principe,56,Maize (corn),2018,2002.4,E,941,A,470,I
197,694,Sierra Leone,56,Maize (corn),2018,2143.8,A,22981,A,10720,A
214,158,"China, Taiwan Province of",56,Maize (corn),2018,6037.6,A,174759,A,28945,A
217,768,Togo,56,Maize (corn),2018,1239.6,A,886630,A,715275,A
233,854,Burkina Faso,56,Maize (corn),2018,1668.1,A,1700127.04,A,1019181,A
1,51,Armenia,56,Maize (corn),2018,5506.1,A,7615,A,1383,A
255,56,Belgium,56,Maize (corn),2018,6974.4,A,376550,A,53990,A
35,132,Cabo Verde,56,Maize (corn),2018,22.7,A,719.4,A,31698,A
39,148,Chad,56,Maize (corn),2018,1280.9,A,437898.34,A,341872,A
63,233,Estonia,56,Maize (corn),2018,,,,A,,A
89,320,Guatemala,56,Maize (corn),2018,2154.1,E,1977433,A,918000,E
202,710,South Africa,56,Maize (corn),2018,4975.5,A,13103975,A,2633685,A
207,740,Suriname,56,Maize (corn),2018,2500,A,85,A,34,A
4,12,Algeria,56,Maize (corn),2018,4441.6,A,5512,A,1241,A
106,380,Italy,56,Maize (corn),2018,10485.5,A,6199150,A,591210,A
131,458,Malaysia,56,Maize (corn),2018,,,,M,,M
146,498,Republic of Moldova,56,Maize (corn),2018,4239.8,A,2073775,A,489125,A
273,499,Montenegro,56,Maize (corn),2018,4250.5,A,2743.3,A,645,A
209,748,Eswatini,56,Maize (corn),2018,1268.9,E,113000,X,89051,I
230,804,Ukraine,56,Maize (corn),2018,7843.9,A,35801050,A,4564200,A
249,887,Yemen,56,Maize (corn),2018,1112.2,A,36438,A,32762,A
130,454,Malawi,56,Maize (corn),2018,1600.8,A,2697959,A,1685347,A
133,466,Mali,56,Maize (corn),2018,2880.2,A,3624949.97,A,1258559,A
221,512,Oman,56,Maize (corn),2018,8603.3,A,8827,A,1026,A
179,634,Qatar,56,Maize (corn),2018,12523.5,A,1866,A,149,A
225,784,United Arab Emirates,56,Maize (corn),2018,20853.3,A,8169.54,A,392,A
52,31,Azerbaijan,56,Maize (corn),2018,7817.7,A,247938.7,A,31715,A
16,50,Bangladesh,56,Maize (corn),2018,8210.4,A,3288102,A,400478,A
46,178,Congo,56,Maize (corn),2018,962,E,12807.06,I,13312,I
107,384,Côte d'Ivoire,56,Maize (corn),2018,2094.7,E,1054960,A,503630,I
132,462,Maldives,56,Maize (corn),2018,4229,E,150.55,I,36,I
134,470,Malta,56,Maize (corn),2018,,,,A,,A
145,583,Micronesia (Federated States of),56,Maize (corn),2018,1465.9,E,89.92,I,61,I
38,144,Sri Lanka,56,Maize (corn),2018,3809,A,270041,A,70895,A
169,600,Paraguay,56,Maize (corn),2018,4995,A,5344650,A,1070000,A
216,764,Thailand,56,Maize (corn),2018,4595.2,A,5069143,A,1103147,A
57,112,Belarus,56,Maize (corn),2018,6519.1,A,1137845,A,174541,A
91,328,Guyana,56,Maize (corn),2018,1360.9,E,4000,X,2939,I
95,340,Honduras,56,Maize (corn),2018,1815.4,E,705309.43,A,388524,I
3,8,Albania,56,Maize (corn),2019,7052.9,A,388951,A,55148,A
4,12,Algeria,56,Maize (corn),2019,4153.9,A,6368,A,1533,A
10,36,Australia,56,Maize (corn),2019,5550.7,A,327206.16,A,58949,A
18,64,Bhutan,56,Maize (corn),2019,3066.7,A,46235.35,A,15076,A
20,72,Botswana,56,Maize (corn),2019,202.9,A,7277.64,A,35862,A
41,156,"China, mainland",56,Maize (corn),2019,6317.3,A,260778900,A,41280000,A
66,242,Fiji,56,Maize (corn),2019,2997.9,A,1400,A,467,A
75,270,Gambia,56,Maize (corn),2019,459.7,E,16088.1,A,35000,X
81,288,Ghana,56,Maize (corn),2019,2531.3,A,2911000,A,1150000,A
98,191,Croatia,56,Maize (corn),2019,8981.7,A,2298320,A,255890,A
108,398,Kazakhstan,56,Maize (corn),2019,5733.2,A,895978.15,A,156280,A
113,417,Kyrgyzstan,56,Maize (corn),2019,6699.6,A,711786.4,A,106243,A
118,414,Kuwait,56,Maize (corn),2019,20766.5,A,25792,A,1242,A
129,450,Madagascar,56,Maize (corn),2019,1736.3,A,219220,A,126258,A
144,508,Mozambique,56,Maize (corn),2019,883.1,A,1451686,A,1643827,A
154,807,North Macedonia,56,Maize (corn),2019,4270.2,A,148058,A,34672,A
157,558,Nicaragua,56,Maize (corn),2019,1317.9,A,400146,A,303622,A
170,604,Peru,56,Maize (corn),2019,3484.4,A,1575955,A,452291,A
179,634,Qatar,56,Maize (corn),2019,12505.1,A,619,A,50,A
183,642,Romania,56,Maize (corn),2019,6499.9,A,17432220,A,2681930,A
194,682,Saudi Arabia,56,Maize (corn),2019,5851.2,A,47635,A,8141,A
209,748,Eswatini,56,Maize (corn),2019,1276.4,E,95000,X,74430,I
210,752,Sweden,56,Maize (corn),2019,6975.3,A,11300,A,1620,A
225,784,United Arab Emirates,56,Maize (corn),2019,23842.3,A,26072.05,A,1094,A
234,858,Uruguay,56,Maize (corn),2019,7626.2,A,816000,A,107000,A
237,704,Viet Nam,56,Maize (corn),2019,4803.4,A,4732148.6,A,985162,A
255,56,Belgium,56,Maize (corn),2019,8824.4,A,429220,A,48640,A
276,729,Sudan,56,Maize (corn),2019,1026.3,A,25000,A,24360,A
11,40,Austria,56,Maize (corn),2019,10416.8,A,2298880,A,220690,A
23,84,Belize,56,Maize (corn),2019,2753.9,A,58049,A,21079,A
53,204,Benin,56,Maize (corn),2019,1075.2,A,1580750,A,1470250,A
35,132,Cabo Verde,56,Maize (corn),2019,23.2,A,640,A,27581,A
37,140,Central African Republic,56,Maize (corn),2019,800,A,103531,A,129413,A
250,180,Democratic Republic of the Congo,56,Maize (corn),2019,770.1,E,2138962,A,2777665,I
55,212,Dominica,56,Maize (corn),2019,1622,E,191.38,I,118,I
68,250,France,56,Maize (corn),2019,8528.7,A,12845020,A,1506100,A
101,360,Indonesia,56,Maize (corn),2019,6143.9,E,19650000,A,3198303,I
106,380,Italy,56,Maize (corn),2019,9985.9,A,6279120,A,628800,A
109,388,Jamaica,56,Maize (corn),2019,1125.8,A,2058,A,1828,A
138,484,Mexico,56,Maize (corn),2019,4069.7,A,27228242.42,A,6690449,A
221,512,Oman,56,Maize (corn),2019,8598,A,8916,A,1037,A
174,620,Portugal,56,Maize (corn),2019,9804.3,A,755130,A,77020,A
117,410,Republic of Korea,56,Maize (corn),2019,5143.9,A,76336,A,14840,A
207,740,Suriname,56,Maize (corn),2019,2629.6,A,142,A,54,A
21,76,Brazil,56,Maize (corn),2019,5773.4,A,101126409,A,17515920,A
39,148,Chad,56,Maize (corn),2019,1262.5,A,414606,A,328410,A
107,384,Côte d'Ivoire,56,Maize (corn),2019,2026.5,E,1102433,A,544000,X
56,214,Dominican Republic,56,Maize (corn),2019,1703,A,49840.33,A,29267,A
59,818,Egypt,56,Maize (corn),2019,4951.3,A,7593140,A,1533571,A
60,222,El Salvador,56,Maize (corn),2019,2971.5,A,785991,A,264510,A
238,231,Ethiopia,56,Maize (corn),2019,3655.2,E,11555370,E,3161370,E
95,340,Honduras,56,Maize (corn),2019,1823.9,E,589020.43,A,322939,I
124,434,Libya,56,Maize (corn),2019,2284.8,A,3610,A,1580,A
132,462,Maldives,56,Maize (corn),2019,4239.1,E,146.55,E,35,E
143,504,Morocco,56,Maize (corn),2019,639.7,A,40490.8,A,63292,A
147,516,Namibia,56,Maize (corn),2019,2162.4,E,45000,A,20811,I
150,528,Netherlands (Kingdom of the),56,Maize (corn),2019,7801.2,A,148300,A,19010,A
191,670,Saint Vincent and the Grenadines,56,Maize (corn),2019,28125,A,900,A,32,A
193,678,Sao Tome and Principe,56,Maize (corn),2019,2005.7,E,761.67,E,380,E
203,724,Spain,56,Maize (corn),2019,11726.8,A,4184460,A,356830,A
212,760,Syrian Arab Republic,56,Maize (corn),2019,3829,A,215309,A,56231,A
226,800,Uganda,56,Maize (corn),2019,1462.6,A,2760000,A,1887000,A
236,862,Venezuela (Bolivarian Republic of),56,Maize (corn),2019,3002.6,A,1023089,A,340731,A
2,4,Afghanistan,56,Maize (corn),2019,1945.7,A,184671,A,94910,A
14,52,Barbados,56,Maize (corn),2019,2839.1,E,42,A,15,I
32,120,Cameroon,56,Maize (corn),2019,1905.5,A,2217214.9,A,1163612,A
38,144,Sri Lanka,56,Maize (corn),2019,3871.5,A,245647,A,63449,A
40,152,Chile,56,Maize (corn),2019,12100,A,973177.6,A,80428,A
79,276,Germany,56,Maize (corn),2019,8809.6,A,3664800,A,416000,A
90,324,Guinea,56,Maize (corn),2019,1450,A,773452,A,533415,A
100,356,India,56,Maize (corn),2019,2998.1,A,27730830.78,A,9249478,A
110,392,Japan,56,Maize (corn),2019,2683.4,E,168.68,E,63,E
130,454,Malawi,56,Maize (corn),2019,1957.8,A,3391924,A,1732516,A
149,524,Nepal,56,Maize (corn),2019,2819.9,A,2653243,A,940886,A
156,554,New Zealand,56,Maize (corn),2019,11733.8,A,195955,A,16700,A
177,630,Puerto Rico,56,Maize (corn),2019,4103.4,E,72.81,I,18,I
185,643,Russian Federation,56,Maize (corn),2019,5698.7,A,14282352,A,2506247,A
251,894,Zambia,56,Maize (corn),2019,2381.4,A,2004389.36,A,841693,A
273,499,Montenegro,56,Maize (corn),2019,4339.6,A,2773,A,639,A
7,24,Angola,56,Maize (corn),2019,1066.6,A,2818684,A,2642691,A
19,68,Bolivia (Plurinational State of),56,Maize (corn),2019,2109.7,A,987503,A,468080,A
28,104,Myanmar,56,Maize (corn),2019,3850.5,A,1985765,A,515714,A
48,188,Costa Rica,56,Maize (corn),2019,1836.3,A,13305.7,A,7246,A
49,192,Cuba,56,Maize (corn),2019,2393.5,A,307000,A,128265,A
73,268,Georgia,56,Maize (corn),2019,2837,A,207100,A,73000,A
97,348,Hungary,56,Maize (corn),2019,8008.7,A,8229690,A,1027590,A
103,368,Iraq,56,Maize (corn),2019,4702.7,A,473064,A,100594,A
114,404,Kenya,56,Maize (corn),2019,1560,A,3582000,A,2296174,A
120,418,Lao People's Democratic Republic,56,Maize (corn),2019,5230.2,A,793625,A,151740,A
121,422,Lebanon,56,Maize (corn),2019,3000,X,3000,X,1000,X
126,440,Lithuania,56,Maize (corn),2019,7671.9,A,97970,A,12770,A
136,478,Mauritania,56,Maize (corn),2019,749.2,E,17232,A,23000,X
169,600,Paraguay,56,Maize (corn),2019,5140,A,5576900,A,1085005,A
208,762,Tajikistan,56,Maize (corn),2019,13733.8,A,232898.5,A,16958,A
216,764,Thailand,56,Maize (corn),2019,4345.8,A,4535058,A,1043539,A
249,887,Yemen,56,Maize (corn),2019,1320.2,A,48290,A,36578,A
9,32,Argentina,56,Maize (corn),2019,7861.5,A,56860704,A,7232761,A
16,50,Bangladesh,56,Maize (corn),2019,8019.2,A,3569321,A,445099,A
27,100,Bulgaria,56,Maize (corn),2019,7237.9,A,4059790,A,560910,A
167,203,Czechia,56,Maize (corn),2019,8288.9,A,620260,A,74830,A
178,232,Eritrea,56,Maize (corn),2019,1000,X,20000,X,20000,X
72,262,Djibouti,56,Maize (corn),2019,2002.6,E,16.77,I,8,I
112,400,Jordan,56,Maize (corn),2019,,,,E,,E
122,426,Lesotho,56,Maize (corn),2019,768.8,A,24621,A,32026,A
131,458,Malaysia,56,Maize (corn),2019,,,,M,,M
133,466,Mali,56,Maize (corn),2019,2664.9,A,3816536,A,1432151,A
166,591,Panama,56,Maize (corn),2019,2315,A,123065,A,53160,A
197,694,Sierra Leone,56,Maize (corn),2019,3299.1,A,38685,A,11726,A
29,108,Burundi,56,Maize (corn),2019,1000.2,A,270813,A,270755,A
52,31,Azerbaijan,56,Maize (corn),2019,8656,A,283569.6,A,32760,A
54,208,Denmark,56,Maize (corn),2019,7559.3,A,40820,A,5400,A
115,116,Cambodia,56,Maize (corn),2019,4824.8,E,895000,X,185500,A
146,498,Republic of Moldova,56,Maize (corn),2019,4325.5,A,2129889,A,492405,A
158,562,Niger,56,Maize (corn),2019,1559.9,A,37900.27,A,24297,A
165,586,Pakistan,56,Maize (corn),2019,5614,A,7883003,A,1404158,A
175,624,Guinea-Bissau,56,Maize (corn),2019,778,A,9678,A,12440,A
176,626,Timor-Leste,56,Maize (corn),2019,2511.6,A,75690,A,30136,A
211,756,Switzerland,56,Maize (corn),2019,10904,A,174627,A,16015,A
217,768,Togo,56,Maize (corn),2019,1227.1,A,912086,A,743273,A
1,51,Armenia,56,Maize (corn),2019,4184.7,A,4758,A,1137,A
12,44,Bahamas,56,Maize (corn),2019,7415.8,E,612.84,I,83,E
214,158,"China, Taiwan Province of",56,Maize (corn),2019,6010.8,A,178762,A,29740,A
44,170,Colombia,56,Maize (corn),2019,3741.8,A,1394862.99,A,372778,A
58,218,Ecuador,56,Maize (corn),2019,4583.5,A,1479769.89,A,322846,A
86,308,Grenada,56,Maize (corn),2019,997.5,E,384.35,I,385,I
91,328,Guyana,56,Maize (corn),2019,1364.1,E,4000,X,2932,I
102,364,Iran (Islamic Republic of),56,Maize (corn),2019,6684.8,E,649747.79,I,97198,I
153,540,New Caledonia,56,Maize (corn),2019,9169.6,E,8842,A,964,I
159,566,Nigeria,56,Maize (corn),2019,1857.2,E,12598945,A,6783924,I
173,616,Poland,56,Maize (corn),2019,5511,A,3664550,A,664950,A
199,703,Slovakia,56,Maize (corn),2019,7325.1,A,1444810,A,197240,A
223,792,Türkiye,56,Maize (corn),2019,9403.4,A,6000000,A,638065,A
33,124,Canada,56,Maize (corn),2019,9236.4,A,13403900,A,1451200,A
63,233,Estonia,56,Maize (corn),2019,,,,A,,A
74,266,Gabon,56,Maize (corn),2019,1561.9,E,45900.84,I,29387,I
93,332,Haiti,56,Maize (corn),2019,1107.7,A,194597,A,175676,A
119,428,Latvia,56,Maize (corn),2019,,,,A,,A
145,583,Micronesia (Federated States of),56,Maize (corn),2019,1475.2,E,91.73,I,62,I
189,662,Saint Lucia,56,Maize (corn),2019,,,,M,,M
195,686,Senegal,56,Maize (corn),2019,2053.9,A,530704.97,A,258391,A
201,706,Somalia,56,Maize (corn),2019,570,X,57000,X,100000,X
220,780,Trinidad and Tobago,56,Maize (corn),2019,,,,A,,A
215,834,United Republic of Tanzania,56,Maize (corn),2019,1648.5,A,5652005,A,3428630,A
233,854,Burkina Faso,56,Maize (corn),2019,1685.8,A,1710897.56,A,1014907,A
235,860,Uzbekistan,56,Maize (corn),2019,9699.6,A,421273,A,43432,A
8,28,Antigua and Barbuda,56,Maize (corn),2019,1988.8,E,51.04,E,26,E
46,178,Congo,56,Maize (corn),2019,1000,X,14000,X,14000,X
116,408,Democratic People's Republic of Korea,56,Maize (corn),2019,4634.3,A,2566571.3,A,553820,A
105,376,Israel,56,Maize (corn),2019,23224.2,A,77801,A,3350,A
171,608,Philippines,56,Maize (corn),2019,3170.3,A,7978844.55,A,2516723,A
184,646,Rwanda,56,Maize (corn),2019,1461,A,421218.19,A,288298,A
272,688,Serbia,56,Maize (corn),2019,7634,A,7344541.62,A,962083,A
202,710,South Africa,56,Maize (corn),2019,4553.9,A,11824180,A,2596500,A
277,728,South Sudan,56,Maize (corn),2019,880.5,A,169427,A,192416,A
155,548,Vanuatu,56,Maize (corn),2019,619.8,E,932.3,I,1504,I
181,716,Zimbabwe,56,Maize (corn),2019,780.7,A,773976,A,991354,A
45,174,Comoros,56,Maize (corn),2019,1785.2,E,17583,A,9849,I
84,300,Greece,56,Maize (corn),2019,10680.7,A,1233620,A,115500,A
89,320,Guatemala,56,Maize (corn),2019,2112.8,E,1854172,A,877582,I
213,795,Turkmenistan,56,Maize (corn),2019,3171.3,A,13426,A,4234,A
80,70,Bosnia and Herzegovina,56,Maize (corn),2019,6440.8,A,1235596,A,191840,A
104,372,Ireland,56,Maize (corn),2019,,,,A,,A
137,480,Mauritius,56,Maize (corn),2019,7173.9,A,495,A,69,A
168,598,Papua New Guinea,56,Maize (corn),2019,5562.4,E,13182.02,I,2370,I
256,442,Luxembourg,56,Maize (corn),2019,4714.3,A,660,A,140,A
57,112,Belarus,56,Maize (corn),2019,5749.1,A,1095331,A,190522,A
134,470,Malta,56,Maize (corn),2019,,,,A,,A
198,705,Slovenia,56,Maize (corn),2019,9268.5,A,360360,A,38880,A
231,840,United States of America,56,Maize (corn),2019,10510.4,A,345962110,A,32916270,A
230,804,Ukraine,56,Maize (corn),2019,7194.9,A,35880050,A,4986900,A
3,8,Albania,56,Maize (corn),2020,7035.9,A,399125,A,56727,A
11,40,Austria,56,Maize (corn),2020,11344.9,A,2411930,A,212600,A
20,72,Botswana,56,Maize (corn),2020,667,A,61946.57,A,92872,A
23,84,Belize,56,Maize (corn),2020,3582.5,A,83339,A,23263,A
38,144,Sri Lanka,56,Maize (corn),2020,4006.7,A,313520.5,A,78249,A
57,112,Belarus,56,Maize (corn),2020,5037.8,A,1075833,A,213553,A
68,250,France,56,Maize (corn),2020,7934.2,A,13726410,A,1730030,A
93,332,Haiti,56,Maize (corn),2020,558.1,A,131132,A,234967,A
101,360,Indonesia,56,Maize (corn),2020,5530.2,A,12928941,A,2337866,A
117,410,Republic of Korea,56,Maize (corn),2020,5870,A,91766,A,15633,A
133,466,Mali,56,Maize (corn),2020,3005.5,A,3516865,A,1170148,A
137,480,Mauritius,56,Maize (corn),2020,8942.5,A,778,A,87,A
149,524,Nepal,56,Maize (corn),2020,2961.1,A,2835674,A,957650,A
156,554,New Zealand,56,Maize (corn),2020,12212.4,A,190098,A,15566,A
175,624,Guinea-Bissau,56,Maize (corn),2020,818,A,13470,A,16467,A
178,232,Eritrea,56,Maize (corn),2020,1000,X,20000,X,20000,X
183,642,Romania,56,Maize (corn),2020,3974.2,A,10096690,A,2540550,A
184,646,Rwanda,56,Maize (corn),2020,1523.7,A,448632.58,A,294439,A
193,678,Sao Tome and Principe,56,Maize (corn),2020,2003.5,E,759.56,E,379,E
195,686,Senegal,56,Maize (corn),2020,2654.9,A,761883.04,A,286977,A
202,710,South Africa,56,Maize (corn),2020,5447.8,A,15843545,A,2908260,A
207,740,Suriname,56,Maize (corn),2020,2533.3,A,38,A,15,A
209,748,Eswatini,56,Maize (corn),2020,1279.4,X,87000,X,68000,X
216,764,Thailand,56,Maize (corn),2020,4453.6,A,4990207,A,1120477,A
220,780,Trinidad and Tobago,56,Maize (corn),2020,,,,A,,A
234,858,Uruguay,56,Maize (corn),2020,6539,A,763100,A,116700,A
276,729,Sudan,56,Maize (corn),2020,702,A,13586.96,A,19355,A
277,728,South Sudan,56,Maize (corn),2020,884.7,A,181003,A,204597,A
4,12,Algeria,56,Maize (corn),2020,6073.9,A,3221,A,530,A
255,56,Belgium,56,Maize (corn),2020,8115.1,A,421010,A,51880,A
27,100,Bulgaria,56,Maize (corn),2020,5183,A,3014090,A,581530,A
33,124,Canada,56,Maize (corn),2020,9631.7,A,13563300,A,1408200,A
40,152,Chile,56,Maize (corn),2020,9181.4,A,592988,A,64586,A
46,178,Congo,56,Maize (corn),2020,1000,X,13000,X,13000,X
60,222,El Salvador,56,Maize (corn),2020,2949.4,A,780729.73,A,264708,A
81,288,Ghana,56,Maize (corn),2020,2582.8,A,3071000,A,1189000,A
119,428,Latvia,56,Maize (corn),2020,,,,A,,A
122,426,Lesotho,56,Maize (corn),2020,456.9,A,21782,A,47669,A
124,434,Libya,56,Maize (corn),2020,2149.3,A,3411,A,1587,A
126,440,Lithuania,56,Maize (corn),2020,7014.4,A,141690,A,20200,A
131,458,Malaysia,56,Maize (corn),2020,,,,M,,M
138,484,Mexico,56,Maize (corn),2020,3832.2,A,27424527.55,A,7156391,A
154,807,North Macedonia,56,Maize (corn),2020,4597.9,A,149685,A,32555,A
166,591,Panama,56,Maize (corn),2020,2389,A,133115,A,55720,A
177,630,Puerto Rico,56,Maize (corn),2020,3616,E,145.89,I,40,I
197,694,Sierra Leone,56,Maize (corn),2020,1625.1,A,26549,A,16337,A
201,706,Somalia,56,Maize (corn),2020,750,X,75000,X,100000,X
217,768,Togo,56,Maize (corn),2020,1226,A,885030,A,721872,A
213,795,Turkmenistan,56,Maize (corn),2020,3658.9,A,14306.46,A,3910,A
223,792,Türkiye,56,Maize (corn),2020,9412.7,A,6500000,A,690553,A
215,834,United Republic of Tanzania,56,Maize (corn),2020,1597.9,E,6711000,A,4200000,X
251,894,Zambia,56,Maize (corn),2020,2540.2,A,3387469.57,A,1333519,A
16,50,Bangladesh,56,Maize (corn),2020,8512.3,A,4015306,A,471709,A
19,68,Bolivia (Plurinational State of),56,Maize (corn),2020,2258,A,954833,A,422859,A
80,70,Bosnia and Herzegovina,56,Maize (corn),2020,7112.4,A,1426356,A,200544,A
35,132,Cabo Verde,56,Maize (corn),2020,15.7,A,432,A,27581,A
45,174,Comoros,56,Maize (corn),2020,1766.7,E,18138,A,10266,I
75,270,Gambia,56,Maize (corn),2020,595.5,A,17363,A,29159,A
86,308,Grenada,56,Maize (corn),2020,998.7,E,384.24,I,385,I
89,320,Guatemala,56,Maize (corn),2020,2026.5,E,1972290,A,973229,I
102,364,Iran (Islamic Republic of),56,Maize (corn),2020,6634.7,E,563635.92,I,84952,I
110,392,Japan,56,Maize (corn),2020,2692.9,E,171.7,I,64,I
129,450,Madagascar,56,Maize (corn),2020,1774.5,E,224883,A,126731,I
130,454,Malawi,56,Maize (corn),2020,2095.5,A,3691866,A,1761836,A
144,508,Mozambique,56,Maize (corn),2020,713.9,A,1632321,A,2286362,A
168,598,Papua New Guinea,56,Maize (corn),2020,5331.7,E,12870.7,E,2414,I
170,604,Peru,56,Maize (corn),2020,3326.1,A,1448383,A,435463,A
208,762,Tajikistan,56,Maize (corn),2020,10480.2,E,182000,X,17366,A
230,804,Ukraine,56,Maize (corn),2020,5617.5,A,30290340,A,5392100,A
235,860,Uzbekistan,56,Maize (corn),2020,9762,A,475341,A,48693,A
181,716,Zimbabwe,56,Maize (corn),2020,1180.1,A,1202347,A,1018884,A
8,28,Antigua and Barbuda,56,Maize (corn),2020,1881.1,E,55.67,I,30,I
52,31,Azerbaijan,56,Maize (corn),2020,9338,A,314512.4,A,33681,A
59,818,Egypt,56,Maize (corn),2020,7776.7,A,7593175,A,976401,A
74,266,Gabon,56,Maize (corn),2020,1561.3,E,46271.71,I,29637,I
84,300,Greece,56,Maize (corn),2020,10087.8,A,1178050,A,116780,A
97,348,Hungary,56,Maize (corn),2020,8527.4,A,8365430,A,981010,A
98,191,Croatia,56,Maize (corn),2020,8427.9,A,2430600,A,288400,A
105,376,Israel,56,Maize (corn),2020,19496.6,A,74477,A,3820,A
136,478,Mauritania,56,Maize (corn),2020,625,X,15000,X,24000,X
159,566,Nigeria,56,Maize (corn),2020,2050.6,A,12403300,A,6048600,A
176,626,Timor-Leste,56,Maize (corn),2020,2668.6,A,77606,A,29081,A
194,682,Saudi Arabia,56,Maize (corn),2020,4470.7,A,59201,A,13242,A
203,724,Spain,56,Maize (corn),2020,12258.1,A,4214100,A,343780,A
210,752,Sweden,56,Maize (corn),2020,6756.8,A,12500,A,1850,A
212,760,Syrian Arab Republic,56,Maize (corn),2020,4504.3,A,226987.35,A,50393,A
214,158,"China, Taiwan Province of",56,Maize (corn),2020,6452.4,A,206476.33,A,32000,A
225,784,United Arab Emirates,56,Maize (corn),2020,18982.7,A,26405,A,1391,A
238,231,Ethiopia,56,Maize (corn),2020,3711.2,E,10945980,E,2949450,E
273,499,Montenegro,56,Maize (corn),2020,4175.4,A,2547,A,610,A
9,32,Argentina,56,Maize (corn),2020,7553.9,A,58395811,A,7730506,A
21,76,Brazil,56,Maize (corn),2020,5695.3,A,103990935,A,18258981,A
56,214,Dominican Republic,56,Maize (corn),2020,1793.8,A,51130.57,A,28504,A
58,218,Ecuador,56,Maize (corn),2020,3823.3,A,1304884,A,341301,A
67,246,Finland,56,Maize (corn),2020,,,,A,,A
73,268,Georgia,56,Maize (corn),2020,3144.3,A,255000,A,81100,A
90,324,Guinea,56,Maize (corn),2020,1420,A,792509,A,558105,A
107,384,Côte d'Ivoire,56,Maize (corn),2020,2177.3,E,1175715,A,540000,X
108,398,Kazakhstan,56,Maize (corn),2020,5884.7,A,958106.45,A,162812,A
114,404,Kenya,56,Maize (corn),2020,1774.1,A,3789000,A,2135741,A
132,462,Maldives,56,Maize (corn),2020,4098.8,E,146.59,E,36,I
147,516,Namibia,56,Maize (corn),2020,2160.4,A,60142,A,27838,A
158,562,Niger,56,Maize (corn),2020,756.9,A,6419,A,8481,A
165,586,Pakistan,56,Maize (corn),2020,6305.4,A,8939785,A,1417793,A
169,600,Paraguay,56,Maize (corn),2020,5304.2,A,5834593,A,1100000,A
171,608,Philippines,56,Maize (corn),2020,3179,A,8118545.88,A,2553781,A
221,512,Oman,56,Maize (corn),2020,8597.4,A,26755,A,3112,A
256,442,Luxembourg,56,Maize (corn),2020,5500,A,660,A,120,A
12,44,Bahamas,56,Maize (corn),2020,7206.6,E,600.51,I,83,I
115,116,Cambodia,56,Maize (corn),2020,5290.9,E,900000,X,170103,I
32,120,Cameroon,56,Maize (corn),2020,1784.7,A,2087957.1,A,1169941,A
41,156,"China, mainland",56,Maize (corn),2020,6317.7,A,260670000,A,41260000,A
44,170,Colombia,56,Maize (corn),2020,4036.6,A,1392895.19,A,345069,A
167,203,Czechia,56,Maize (corn),2020,9463.5,A,825500,A,87230,A
54,208,Denmark,56,Maize (corn),2020,6248.4,A,38740,A,6200,A
63,233,Estonia,56,Maize (corn),2020,,,,A,,A
95,340,Honduras,56,Maize (corn),2020,1836,E,666798.77,A,363171,I
134,470,Malta,56,Maize (corn),2020,,,,A,,A
143,504,Morocco,56,Maize (corn),2020,420.4,A,29887.8,A,71087,A
153,540,New Caledonia,56,Maize (corn),2020,9420.9,E,10071,A,1069,I
145,583,Micronesia (Federated States of),56,Maize (corn),2020,1423.1,E,90.02,E,63,I
191,670,Saint Vincent and the Grenadines,56,Maize (corn),2020,29241.4,A,848,A,29,A
272,688,Serbia,56,Maize (corn),2020,7900,A,7872607.29,A,996527,A
199,703,Slovakia,56,Maize (corn),2020,8578.8,A,1642670,A,191480,A
226,800,Uganda,56,Maize (corn),2020,1719.1,A,3500000,A,2036000,A
249,887,Yemen,56,Maize (corn),2020,2279.7,X,86159,X,37794,X
18,64,Bhutan,56,Maize (corn),2020,3620.8,A,40964.62,A,11314,A
28,104,Myanmar,56,Maize (corn),2020,3850.2,A,2072482,A,538277,A
37,140,Central African Republic,56,Maize (corn),2020,701,A,202077,A,288262,A
66,242,Fiji,56,Maize (corn),2020,3200,A,1703.7,A,532,A
91,328,Guyana,56,Maize (corn),2020,1363.9,E,4000,X,2933,I
100,356,India,56,Maize (corn),2020,3161.4,A,30891725.28,A,9771598,A
109,388,Jamaica,56,Maize (corn),2020,1114.3,A,2018,A,1811,A
112,400,Jordan,56,Maize (corn),2020,,,,A,,A
121,422,Lebanon,56,Maize (corn),2020,3000,X,3000,X,1000,X
233,854,Burkina Faso,56,Maize (corn),2020,1762.5,A,1920101,A,1089389,A
1,51,Armenia,56,Maize (corn),2020,5206.8,A,6466.8,A,1242,A
14,52,Barbados,56,Maize (corn),2020,2832.2,E,86,A,30,I
53,204,Benin,56,Maize (corn),2020,1271.8,A,1611615.13,A,1267159,A
29,108,Burundi,56,Maize (corn),2020,1167.2,E,405650,A,347527,I
250,180,Democratic Republic of the Congo,56,Maize (corn),2020,769.1,E,2186150,A,2842524,I
72,262,Djibouti,56,Maize (corn),2020,2007.1,E,16.87,I,8,I
79,276,Germany,56,Maize (corn),2020,9587.4,A,4020000,A,419300,A
173,616,Poland,56,Maize (corn),2020,7076.3,A,6694370,A,946030,A
174,620,Portugal,56,Maize (corn),2020,9345,A,682090,A,72990,A
231,840,United States of America,56,Maize (corn),2020,10760.5,A,358447310,A,33311250,A
2,4,Afghanistan,56,Maize (corn),2020,1934.4,A,271776,A,140498,A
49,192,Cuba,56,Maize (corn),2020,2000.1,A,257216.4,A,128604,A
146,498,Republic of Moldova,56,Maize (corn),2020,1867.3,A,785170,A,420490,A
157,558,Nicaragua,56,Maize (corn),2020,1240.8,A,371148,A,299127,A
179,634,Qatar,56,Maize (corn),2020,12460.5,A,947,A,76,A
211,756,Switzerland,56,Maize (corn),2020,11000,A,219692,A,19972,A
236,862,Venezuela (Bolivarian Republic of),56,Maize (corn),2020,4148.7,A,1636271,A,394408,A
7,24,Angola,56,Maize (corn),2020,1099.3,A,2972177,A,2703660,A
10,36,Australia,56,Maize (corn),2020,7091.2,A,267551.56,A,37730,A
39,148,Chad,56,Maize (corn),2020,1202.9,A,407371.45,A,338644,A
48,188,Costa Rica,56,Maize (corn),2020,1837.6,A,14181,A,7717,A
116,408,Democratic People's Republic of Korea,56,Maize (corn),2020,3796.1,A,2214121,A,583263,A
103,368,Iraq,56,Maize (corn),2020,4632.5,A,419345,A,90522,A
104,372,Ireland,56,Maize (corn),2020,,,,A,,A
106,380,Italy,56,Maize (corn),2020,11268.2,A,6793130,A,602860,A
118,414,Kuwait,56,Maize (corn),2020,20486.1,A,25792,A,1259,A
113,417,Kyrgyzstan,56,Maize (corn),2020,6799,A,714086.4,A,105028,A
120,418,Lao People's Democratic Republic,56,Maize (corn),2020,5225.6,A,683625,A,130822,A
198,705,Slovenia,56,Maize (corn),2020,10792.1,A,429850,A,39830,A
55,212,Dominica,56,Maize (corn),2020,1635.2,E,192.3,I,118,I
150,528,Netherlands (Kingdom of the),56,Maize (corn),2020,8537.1,A,165790,A,19420,A
237,704,Viet Nam,56,Maize (corn),2020,4851.3,A,4558107.16,A,939563,A
155,548,Vanuatu,56,Maize (corn),2020,624.5,E,945.56,I,1514,I
185,643,Russian Federation,56,Maize (corn),2020,5080.5,A,13879210.1,A,2731870,A
189,662,Saint Lucia,56,Maize (corn),2020,,,,M,,M
14,52,Barbados,56,Maize (corn),2021,2816,E,49.9,A,18,I
27,100,Bulgaria,56,Maize (corn),2021,5981.1,A,3427310,A,573020,A
45,174,Comoros,56,Maize (corn),2021,1763.3,E,18693,A,10601,I
49,192,Cuba,56,Maize (corn),2021,1894.1,A,238721,A,126035,A
52,31,Azerbaijan,56,Maize (corn),2021,8710.3,A,279248.3,A,32059,A
60,222,El Salvador,56,Maize (corn),2021,3177.1,A,836714.56,A,263361,A
66,242,Fiji,56,Maize (corn),2021,3000,A,1438,A,479,A
86,308,Grenada,56,Maize (corn),2021,999.3,E,386.82,I,387,I
101,360,Indonesia,56,Maize (corn),2021,5762.3,A,13414922,A,2328060,A
108,398,Kazakhstan,56,Maize (corn),2021,5985.6,A,1129508.48,A,188703,A
115,116,Cambodia,56,Maize (corn),2021,5747.2,E,699000,X,121624,A
116,408,Democratic People's Republic of Korea,56,Maize (corn),2021,3931.6,X,2300000,X,585000,X
117,410,Republic of Korea,56,Maize (corn),2021,5892.9,A,95141,A,16145,A
121,422,Lebanon,56,Maize (corn),2021,3000,X,3000,X,1000,X
126,440,Lithuania,56,Maize (corn),2021,5857.9,A,104680,A,17870,A
130,454,Malawi,56,Maize (corn),2021,2462.9,A,4581000,A,1859995,A
137,480,Mauritius,56,Maize (corn),2021,8640.6,A,1106,A,128,A
150,528,Netherlands (Kingdom of the),56,Maize (corn),2021,9966.3,A,171420,A,17200,A
157,558,Nicaragua,56,Maize (corn),2021,1370.3,A,375726.08,A,274199,A
158,562,Niger,56,Maize (corn),2021,542.8,A,5681,A,10467,A
183,642,Romania,56,Maize (corn),2021,5801.4,A,14820690,A,2554680,A
203,724,Spain,56,Maize (corn),2021,12832.9,A,4597660,A,358270,A
213,795,Turkmenistan,56,Maize (corn),2021,2999.8,A,11632.33,A,3878,A
236,862,Venezuela (Bolivarian Republic of),56,Maize (corn),2021,4928.6,A,2633976,A,534431,A
276,729,Sudan,56,Maize (corn),2021,833.3,E,23627.84,I,28356,I
277,728,South Sudan,56,Maize (corn),2021,844.7,A,175454,A,207714,A
2,4,Afghanistan,56,Maize (corn),2021,1900.4,A,264314,A,139080,A
1,51,Armenia,56,Maize (corn),2021,5377.7,A,6291.9,A,1170,A
10,36,Australia,56,Maize (corn),2021,6682.2,A,305655.87,A,45742,A
255,56,Belgium,56,Maize (corn),2021,9329.9,A,449890,A,48220,A
19,68,Bolivia (Plurinational State of),56,Maize (corn),2021,3050.6,A,1250330.22,A,409862,A
233,854,Burkina Faso,56,Maize (corn),2021,1520.8,A,1853510,A,1218764,A
32,120,Cameroon,56,Maize (corn),2021,1770.7,X,2100000,X,1186000,X
33,124,Canada,56,Maize (corn),2021,9995.8,A,14610792,A,1461700,A
44,170,Colombia,56,Maize (corn),2021,3988.2,A,1551015.74,A,388901,A
55,212,Dominica,56,Maize (corn),2021,1653.1,E,193.31,I,117,I
58,218,Ecuador,56,Maize (corn),2021,4641.3,A,1699369.61,A,366138,A
81,288,Ghana,56,Maize (corn),2021,2530,A,3203000,A,1266000,A
89,320,Guatemala,56,Maize (corn),2021,1954.3,E,2061261,A,1054728,I
90,324,Guinea,56,Maize (corn),2021,1450,A,798327,A,550570,A
91,328,Guyana,56,Maize (corn),2021,1365.3,E,4000,X,2930,I
109,388,Jamaica,56,Maize (corn),2021,1118,A,2122,A,1898,A
110,392,Japan,56,Maize (corn),2021,2682.4,E,167.67,E,63,E
256,442,Luxembourg,56,Maize (corn),2021,6571.4,A,460,A,70,A
129,450,Madagascar,56,Maize (corn),2021,1823.3,E,232026,A,127258,I
132,462,Maldives,56,Maize (corn),2021,4188.3,E,147.89,E,35,E
138,484,Mexico,56,Maize (corn),2021,3852.2,A,27503477.82,A,7139621,A
144,508,Mozambique,56,Maize (corn),2021,1100,A,1824281,A,1658437,A
153,540,New Caledonia,56,Maize (corn),2021,10593.2,E,7417,A,700,I
221,512,Oman,56,Maize (corn),2021,30691,A,15545,A,507,A
177,630,Puerto Rico,56,Maize (corn),2021,3258,E,215.01,I,66,I
179,634,Qatar,56,Maize (corn),2021,12540.2,A,2809,A,224,A
195,686,Senegal,56,Maize (corn),2021,2648.2,A,754620.83,A,284955,A
38,144,Sri Lanka,56,Maize (corn),2021,4425.4,A,472443.9,A,106757,A
208,762,Tajikistan,56,Maize (corn),2021,19268.5,A,339800,A,17635,A
225,784,United Arab Emirates,56,Maize (corn),2021,19809.2,A,23474.84,A,1185,A
237,704,Viet Nam,56,Maize (corn),2021,4936.7,A,4446383.17,A,900673,A
249,887,Yemen,56,Maize (corn),2021,2455.3,X,94375,X,38437,X
4,12,Algeria,56,Maize (corn),2021,5127.8,A,18491,A,3606,A
23,84,Belize,56,Maize (corn),2021,4512.7,A,108743,A,24097,A
18,64,Bhutan,56,Maize (corn),2021,3766.6,A,30938.64,A,8214,A
35,132,Cabo Verde,56,Maize (corn),2021,16.3,A,449,A,27581,A
40,152,Chile,56,Maize (corn),2021,11810.9,A,793821.78,A,67211,A
48,188,Costa Rica,56,Maize (corn),2021,1740.6,A,6026,A,3462,A
178,232,Eritrea,56,Maize (corn),2021,1000,X,20000,X,20000,X
74,266,Gabon,56,Maize (corn),2021,1561.3,E,45864.61,E,29376,E
93,332,Haiti,56,Maize (corn),2021,761.8,E,200000,X,262524,I
100,356,India,56,Maize (corn),2021,3303.3,A,32772407.24,A,9921097,A
103,368,Iraq,56,Maize (corn),2021,4797.4,A,374400,A,78042,A
134,470,Malta,56,Maize (corn),2021,,,,A,,A
136,478,Mauritania,56,Maize (corn),2021,631.6,X,12000,X,19000,X
273,499,Montenegro,56,Maize (corn),2021,4243.5,A,2631,A,620,A
147,516,Namibia,56,Maize (corn),2021,2229.3,A,78127,A,35046,A
165,586,Pakistan,56,Maize (corn),2021,5763.7,A,9524531,A,1652501,A
170,604,Peru,56,Maize (corn),2021,3563.1,A,1582556.54,A,444156,A
171,608,Philippines,56,Maize (corn),2021,3231.2,A,8287191.13,A,2564727,A
173,616,Poland,56,Maize (corn),2021,7333.1,A,7321910,A,998470,A
193,678,Sao Tome and Principe,56,Maize (corn),2021,2003.8,E,820.74,E,410,E
199,703,Slovakia,56,Maize (corn),2021,7772.8,A,1579120,A,203160,A
176,626,Timor-Leste,56,Maize (corn),2021,972.1,A,56058,A,57666,A
231,840,United States of America,56,Maize (corn),2021,11091.2,A,381469380,A,34393800,A
12,44,Bahamas,56,Maize (corn),2021,7840,E,610.14,I,78,I
21,76,Brazil,56,Maize (corn),2021,4649.7,A,88272116,A,18984300,A
37,140,Central African Republic,56,Maize (corn),2021,800,A,208140,A,260175,A
41,156,"China, mainland",56,Maize (corn),2021,6291,A,272552000,A,43324100,A
46,178,Congo,56,Maize (corn),2021,1000,X,13000,X,13000,X
57,112,Belarus,56,Maize (corn),2021,5171.2,A,1148000,A,222000,A
80,70,Bosnia and Herzegovina,56,Maize (corn),2021,4457.2,A,893124,A,200376,A
104,372,Ireland,56,Maize (corn),2021,,,,A,,A
122,426,Lesotho,56,Maize (corn),2021,1025.2,A,88553,A,86379,A
124,434,Libya,56,Maize (corn),2021,2186.2,A,3452,A,1579,A
131,458,Malaysia,56,Maize (corn),2021,3231.9,A,473.8,A,147,A
155,548,Vanuatu,56,Maize (corn),2021,627.1,E,956.94,I,1526,I
167,203,Czechia,56,Maize (corn),2021,9645.1,A,988040,A,102440,A
174,620,Portugal,56,Maize (corn),2021,10104.6,A,752490,A,74470,A
175,624,Guinea-Bissau,56,Maize (corn),2021,826,A,16971,A,20546,A
181,716,Zimbabwe,56,Maize (corn),2021,1534.4,A,1469664,A,957793,A
191,670,Saint Vincent and the Grenadines,56,Maize (corn),2021,14472.7,A,796,A,55,A
212,760,Syrian Arab Republic,56,Maize (corn),2021,5408.7,A,309841.4,A,57285,A
250,180,Democratic Republic of the Congo,56,Maize (corn),2021,769.7,E,2243379,A,2914521,I
11,40,Austria,56,Maize (corn),2021,11159,A,2434900,A,218200,A
16,50,Bangladesh,56,Maize (corn),2021,8579,A,4116438,A,479826,A
20,72,Botswana,56,Maize (corn),2021,798,A,67436.11,A,84503,A
54,208,Denmark,56,Maize (corn),2021,7073.4,A,45270,A,6400,A
67,246,Finland,56,Maize (corn),2021,,,,A,,
73,268,Georgia,56,Maize (corn),2021,3049.7,A,233000,A,76400,A
84,300,Greece,56,Maize (corn),2021,11243.7,A,1350250,A,120090,A
133,466,Mali,56,Maize (corn),2021,2345.4,A,3603000,A,1536189,A
189,662,Saint Lucia,56,Maize (corn),2021,,,,M,,M
201,706,Somalia,56,Maize (corn),2021,490,X,49000,X,100000,X
207,740,Suriname,56,Maize (corn),2021,3375,A,27,A,8,A
226,800,Uganda,56,Maize (corn),2021,2199.9,A,3500000,A,1591000,A
238,231,Ethiopia,56,Maize (corn),2021,3433,A,11737527.72,A,3419008,A
251,894,Zambia,56,Maize (corn),2021,2567.4,A,3620243.9,A,1410102,A
272,688,Serbia,56,Maize (corn),2021,5907,A,6027130.66,A,1020337,A
68,250,France,56,Maize (corn),2021,9912,A,15358290,A,1549470,A
72,262,Djibouti,56,Maize (corn),2021,2021.1,E,17.15,I,8,I
75,270,Gambia,56,Maize (corn),2021,1064.8,A,27895,A,26198,A
105,376,Israel,56,Maize (corn),2021,18658.7,A,68291,A,3660,A
106,380,Italy,56,Maize (corn),2021,10329.5,A,6079960,A,588600,A
156,554,New Zealand,56,Maize (corn),2021,11400,A,209281,A,18358,A
159,566,Nigeria,56,Maize (corn),2021,2053.8,A,12744450,A,6205280,A
197,694,Sierra Leone,56,Maize (corn),2021,2990.8,A,22544.65,A,7538,A
198,705,Slovenia,56,Maize (corn),2021,9392,A,388830,A,41400,A
209,748,Eswatini,56,Maize (corn),2021,1428.6,X,100000,X,70000,X
220,780,Trinidad and Tobago,56,Maize (corn),2021,,,,A,,A
234,858,Uruguay,56,Maize (corn),2021,5419,A,769500,A,142000,A
235,860,Uzbekistan,56,Maize (corn),2021,9073.4,A,590016,A,65027,A
3,8,Albania,56,Maize (corn),2021,7107.3,A,414270.8,A,58288,A
56,214,Dominican Republic,56,Maize (corn),2021,1798.9,A,54725.12,A,30422,A
59,818,Egypt,56,Maize (corn),2021,7827.6,A,8035715,A,1026585,A
97,348,Hungary,56,Maize (corn),2021,6092.2,A,6424630,A,1054570,A
102,364,Iran (Islamic Republic of),56,Maize (corn),2021,6375.7,A,437878.95,A,68679,A
145,583,Micronesia (Federated States of),56,Maize (corn),2021,1454.5,E,90.56,E,62,E
149,524,Nepal,56,Maize (corn),2021,3059.6,A,2997733,A,979776,A
166,591,Panama,56,Maize (corn),2021,2360.6,A,135425,A,57370,A
185,643,Russian Federation,56,Maize (corn),2021,5252.4,A,15237582.7,A,2901084,A
217,768,Togo,56,Maize (corn),2021,1230.2,A,929020,A,755187,A
230,804,Ukraine,56,Maize (corn),2021,7681.8,A,42109850,A,5481800,A
53,204,Benin,56,Maize (corn),2021,1206.4,A,1628148.88,A,1349543,A
39,148,Chad,56,Maize (corn),2021,1123.6,A,364630.68,A,324517,A
107,384,Côte d'Ivoire,56,Maize (corn),2021,2110.3,E,1139557,A,540000,X
63,233,Estonia,56,Maize (corn),2021,,,,A,,A
118,414,Kuwait,56,Maize (corn),2021,19490.8,E,20020,A,1027,I
120,418,Lao People's Democratic Republic,56,Maize (corn),2021,4826,A,535257,A,110910,A
9,32,Argentina,56,Maize (corn),2021,7429.6,A,60525805,A,8146596,A
95,340,Honduras,56,Maize (corn),2021,1858.2,E,673472.07,A,362433,I
114,404,Kenya,56,Maize (corn),2021,1523.8,A,3304430,A,2168603,A
113,417,Kyrgyzstan,56,Maize (corn),2021,6520.5,A,691139,A,105994,A
210,752,Sweden,56,Maize (corn),2021,8563.2,A,14900,A,1740,A
211,756,Switzerland,56,Maize (corn),2021,7857.3,A,98216,A,12500,A
154,807,North Macedonia,56,Maize (corn),2021,4348,A,134036,A,30827,A
98,191,Croatia,56,Maize (corn),2021,7785.7,A,2242120,A,287980,A
79,276,Germany,56,Maize (corn),2021,10360.8,A,4462400,A,430700,A
119,428,Latvia,56,Maize (corn),2021,,,,A,,A
143,504,Morocco,56,Maize (corn),2021,530.6,A,48637.3,A,91658,A
168,598,Papua New Guinea,56,Maize (corn),2021,5366.6,E,12886.61,E,2401,I
169,600,Paraguay,56,Maize (corn),2021,4129.4,A,4088093,A,990000,A
184,646,Rwanda,56,Maize (corn),2021,1521.6,A,482682,A,317212,A
194,682,Saudi Arabia,56,Maize (corn),2021,4538.5,A,59000,A,13000,A
216,764,Thailand,56,Maize (corn),2021,4548.8,A,4847845,A,1065748,A
223,792,Türkiye,56,Maize (corn),2021,8904.6,A,6750000,A,758032,A
7,24,Angola,56,Maize (corn),2021,1083.6,A,2970208,A,2741091,A
28,104,Myanmar,56,Maize (corn),2021,3752.8,A,2274200,A,606000,A
29,108,Burundi,56,Maize (corn),2021,1219.9,E,610450,A,500407,I
112,400,Jordan,56,Maize (corn),2021,,,,A,,A
215,834,United Republic of Tanzania,56,Maize (corn),2021,1599.8,E,7039000,A,4400000,X
8,28,Antigua and Barbuda,56,Maize (corn),2021,2000.9,E,47.88,E,24,E
214,158,"China, Taiwan Province of",56,Maize (corn),2021,6616.2,A,210124,A,31759,A
146,498,Republic of Moldova,56,Maize (corn),2021,5742.5,A,2792723,A,486324,A
202,710,South Africa,56,Maize (corn),2021,5921.1,A,16315000,A,2755400,A
7,24,Angola,56,Maize (corn),2022,1120.3,A,3089902,A,2758105,A
49,192,Cuba,56,Maize (corn),2022,1756.4,A,167054.07,A,95112,A
56,214,Dominican Republic,56,Maize (corn),2022,1845.5,A,62824.95,A,34043,A
81,288,Ghana,56,Maize (corn),2022,2504.4,X,3255718,X,1300000,X
84,300,Greece,56,Maize (corn),2022,10579.5,A,1340950,A,126750,A
89,320,Guatemala,56,Maize (corn),2022,1803.6,A,2072142,A,1148878,A
90,324,Guinea,56,Maize (corn),2022,1500,A,814706.25,A,543138,A
95,340,Honduras,56,Maize (corn),2022,1867.5,E,683605.34,A,366056,I
103,368,Iraq,56,Maize (corn),2022,5987.2,A,496003,A,82844,A
108,398,Kazakhstan,56,Maize (corn),2022,5801.4,A,1098041.37,A,189271,A
116,408,Democratic People's Republic of Korea,56,Maize (corn),2022,3931.6,X,2300000,X,585000,X
118,414,Kuwait,56,Maize (corn),2022,17080.5,E,22550,A,1320,I
120,418,Lao People's Democratic Republic,56,Maize (corn),2022,4989.4,A,462810,A,92759,A
132,462,Maldives,56,Maize (corn),2022,4174.6,E,147.01,E,35,E
133,466,Mali,56,Maize (corn),2022,2685.5,A,3904687,A,1454000,A
138,484,Mexico,56,Maize (corn),2022,3899.7,A,26553239.3,A,6809132,A
145,583,Micronesia (Federated States of),56,Maize (corn),2022,1450.8,E,90.77,E,63,E
166,591,Panama,56,Maize (corn),2022,4165.7,A,97370,A,23374,A
168,598,Papua New Guinea,56,Maize (corn),2022,5482.3,E,12979.78,E,2368,I
176,626,Timor-Leste,56,Maize (corn),2022,1696,E,87000,X,51296,I
184,646,Rwanda,56,Maize (corn),2022,1528.6,A,458522.08,A,299972,A
217,768,Togo,56,Maize (corn),2022,1253.8,A,957047,A,763336,A
250,180,Democratic Republic of the Congo,56,Maize (corn),2022,770.4,E,2283672,A,2964189,I
273,499,Montenegro,56,Maize (corn),2022,4539.8,A,2813.3,A,620,A
277,728,South Sudan,56,Maize (corn),2022,996.8,A,219300,A,220000,A
2,4,Afghanistan,56,Maize (corn),2022,2237.4,A,311000,A,139000,A
8,28,Antigua and Barbuda,56,Maize (corn),2022,1952.2,E,51.53,E,26,E
9,32,Argentina,56,Maize (corn),2022,6732.9,A,59037179,A,8768441,A
16,50,Bangladesh,56,Maize (corn),2022,8911.8,A,4261845,A,478227,A
57,112,Belarus,56,Maize (corn),2022,4202.6,E,975000,X,232000,A
53,204,Benin,56,Maize (corn),2022,1164.3,A,1619605.06,A,1391073,A
35,132,Cabo Verde,56,Maize (corn),2022,11.5,A,221.6,A,19340,A
214,158,"China, Taiwan Province of",56,Maize (corn),2022,6461.4,A,227136,A,35153,A
107,384,Côte d'Ivoire,56,Maize (corn),2022,2221,E,1199340,A,540000,X
72,262,Djibouti,56,Maize (corn),2022,2027.4,E,17.22,I,8,I
58,218,Ecuador,56,Maize (corn),2022,4527.6,A,1641131.23,A,362473,A
178,232,Eritrea,56,Maize (corn),2022,1000,X,20000,X,20000,X
112,400,Jordan,56,Maize (corn),2022,,,,A,,A
131,458,Malaysia,56,Maize (corn),2022,3320.2,A,840,A,253,A
136,478,Mauritania,56,Maize (corn),2022,662.8,X,17896,X,27000,X
158,562,Niger,56,Maize (corn),2022,1484.2,A,46109.82,A,31066,A
171,608,Philippines,56,Maize (corn),2022,3268.9,A,8255609.7,A,2525477,A
174,620,Portugal,56,Maize (corn),2022,9619.4,A,717990,A,74640,A
117,410,Republic of Korea,56,Maize (corn),2022,5892.6,A,91211,A,15479,A
185,643,Russian Federation,56,Maize (corn),2022,5998.9,A,15862434.06,A,2644243,A
272,688,Serbia,56,Maize (corn),2022,4498.2,A,4283293,A,952216,A
199,703,Slovakia,56,Maize (corn),2022,4308.4,A,683700,A,158690,A
198,705,Slovenia,56,Maize (corn),2022,6684.8,A,277820,A,41560,A
202,710,South Africa,56,Maize (corn),2022,5897.8,A,15470000,A,2623000,A
207,740,Suriname,56,Maize (corn),2022,5800,A,29,A,5,A
210,752,Sweden,56,Maize (corn),2022,6892.7,A,12200,A,1770,A
226,800,Uganda,56,Maize (corn),2022,2199.6,A,4738000,A,2154000,A
1,51,Armenia,56,Maize (corn),2022,5164.4,A,5154.1,A,998,A
11,40,Austria,56,Maize (corn),2022,9817.3,A,2113960,A,215330,A
52,31,Azerbaijan,56,Maize (corn),2022,8842.7,A,269600.1,A,30488,A
37,140,Central African Republic,56,Maize (corn),2022,800,A,214384,A,267980,A
44,170,Colombia,56,Maize (corn),2022,4152.8,A,1921177.46,A,462626,A
45,174,Comoros,56,Maize (corn),2022,1749.6,E,19227.78,I,10990,I
46,178,Congo,56,Maize (corn),2022,1000,X,13000,X,13000,X
55,212,Dominica,56,Maize (corn),2022,1667.3,E,193.13,I,116,I
63,233,Estonia,56,Maize (corn),2022,,,,A,,A
66,242,Fiji,56,Maize (corn),2022,5208,A,1685.19,A,324,A
68,250,France,56,Maize (corn),2022,7470.1,A,10877190,A,1456090,A
74,266,Gabon,56,Maize (corn),2022,1561.5,E,46012.39,E,29467,E
97,348,Hungary,56,Maize (corn),2022,3386.6,A,2765600,A,816640,A
104,372,Ireland,56,Maize (corn),2022,,,,A,,A
121,422,Lebanon,56,Maize (corn),2022,3000,X,3000,X,1000,X
124,434,Libya,56,Maize (corn),2022,2228.6,E,3824.8,I,1716,I
256,442,Luxembourg,56,Maize (corn),2022,5055.6,A,910,A,180,A
143,504,Morocco,56,Maize (corn),2022,311.3,A,35783.2,A,114959,A
28,104,Myanmar,56,Maize (corn),2022,3836.5,A,2303491,A,600411,A
153,540,New Caledonia,56,Maize (corn),2022,11279.2,E,4242,A,376,I
154,807,North Macedonia,56,Maize (corn),2022,4776.9,A,146980,A,30769,A
173,616,Poland,56,Maize (corn),2022,6977.2,A,8344890,A,1196030,A
194,682,Saudi Arabia,56,Maize (corn),2022,4600.1,A,58500,A,12717,A
201,706,Somalia,56,Maize (corn),2022,650,X,65000,X,100000,X
203,724,Spain,56,Maize (corn),2022,11423.4,A,3590260,A,314290,A
231,840,United States of America,56,Maize (corn),2022,10886.3,A,346739460,A,31851130,A
235,860,Uzbekistan,56,Maize (corn),2022,10457.2,A,656414.35,A,62772,A
249,887,Yemen,56,Maize (corn),2022,2468.3,X,96623,X,39145,X
3,8,Albania,56,Maize (corn),2022,7090.1,A,401419,A,56617,A
32,120,Cameroon,56,Maize (corn),2022,1692.3,X,2200000,X,1300000,X
38,144,Sri Lanka,56,Maize (corn),2022,3078,A,259040,A,84158,A
41,156,"China, mainland",56,Maize (corn),2022,6436.1,A,277203000,A,43070000,A
54,208,Denmark,56,Maize (corn),2022,7225,A,60690,A,8400,A
75,270,Gambia,56,Maize (corn),2022,819.4,E,19523,A,23825,I
79,276,Germany,56,Maize (corn),2022,8402.5,A,3837400,A,456700,A
86,308,Grenada,56,Maize (corn),2022,999.1,E,388.4,I,389,I
100,356,India,56,Maize (corn),2022,3395.4,A,34722657.26,A,10226318,A
101,360,Indonesia,56,Maize (corn),2022,5978.7,A,16527273,A,2764366,A
102,364,Iran (Islamic Republic of),56,Maize (corn),2022,6375.7,A,320169.71,A,50217,A
110,392,Japan,56,Maize (corn),2022,2686.3,E,169.35,E,63,E
134,470,Malta,56,Maize (corn),2022,,,,A,,A
149,524,Nepal,56,Maize (corn),2022,3151.9,A,3106397,A,985565,A
156,554,New Zealand,56,Maize (corn),2022,11531.3,A,188249,A,16325,A
167,203,Czechia,56,Maize (corn),2022,7948.7,A,639470,A,80450,A
175,624,Guinea-Bissau,56,Maize (corn),2022,1016.4,X,20328,X,20000,X
177,630,Puerto Rico,56,Maize (corn),2022,2162.9,A,385,A,178,A
189,662,Saint Lucia,56,Maize (corn),2022,,,,M,,M
208,762,Tajikistan,56,Maize (corn),2022,12311,E,220000,X,17870,A
10,36,Australia,56,Maize (corn),2022,8174.9,A,430000,A,52600,A
12,44,Bahamas,56,Maize (corn),2022,7776.3,E,600.78,I,77,I
27,100,Bulgaria,56,Maize (corn),2022,4907.9,A,2554370,A,520460,A
39,148,Chad,56,Maize (corn),2022,1121,A,363985,A,324696,A
91,328,Guyana,56,Maize (corn),2022,1366.4,E,4000,X,2927,I
115,116,Cambodia,56,Maize (corn),2022,5920.6,E,1163000,X,196434,A
126,440,Lithuania,56,Maize (corn),2022,5308,A,99790,A,18800,A
130,454,Malawi,56,Maize (corn),2022,2047.7,A,3716479,A,1814931,A
150,528,Netherlands (Kingdom of the),56,Maize (corn),2022,8801,A,176900,A,20100,A
155,548,Vanuatu,56,Maize (corn),2022,628.7,E,986,A,1568,I
157,558,Nicaragua,56,Maize (corn),2022,1318.5,A,380992.47,A,288955,A
212,760,Syrian Arab Republic,56,Maize (corn),2022,5833.5,A,535715,A,91835,A
213,795,Turkmenistan,56,Maize (corn),2022,2623.6,A,11628.69,A,4432,A
216,764,Thailand,56,Maize (corn),2022,4673.8,A,4700555,A,1005731,A
223,792,Türkiye,56,Maize (corn),2022,9325.3,A,8500000,A,911499,A
238,231,Ethiopia,56,Maize (corn),2022,3488.5,A,11853521.14,A,3397887,A
255,56,Belgium,56,Maize (corn),2022,7959.1,A,500390,A,62870,A
4,12,Algeria,56,Maize (corn),2022,5500,X,11000,X,2000,X
80,70,Bosnia and Herzegovina,56,Maize (corn),2022,8540,A,987215,A,115599,A
98,191,Croatia,56,Maize (corn),2022,6125.3,A,1641890,A,268050,A
114,404,Kenya,56,Maize (corn),2022,1458.3,A,3082220,A,2113520,A
137,480,Mauritius,56,Maize (corn),2022,9300.6,A,823.1,A,89,A
221,512,Oman,56,Maize (corn),2022,39405.7,A,22161,A,562,A
165,586,Pakistan,56,Maize (corn),2022,6388.6,A,10984509,A,1719398,A
169,600,Paraguay,56,Maize (corn),2022,3738.9,A,4624678,A,1236912,A
170,604,Peru,56,Maize (corn),2022,3492.9,A,1611950.53,A,461496,A
179,634,Qatar,56,Maize (corn),2022,12510.9,A,1151,A,92,A
183,642,Romania,56,Maize (corn),2022,3297.7,A,8037130,A,2437220,A
209,748,Eswatini,56,Maize (corn),2022,1587.5,X,127000,X,80000,X
215,834,United Republic of Tanzania,56,Maize (corn),2022,1634.3,E,6537000,A,4000000,X
234,858,Uruguay,56,Maize (corn),2022,5761.2,A,878000,A,152400,A
251,894,Zambia,56,Maize (corn),2022,2426.1,A,2706243.46,A,1115489,A
29,108,Burundi,56,Maize (corn),2022,1235.8,E,781721,A,632566,I
109,388,Jamaica,56,Maize (corn),2022,1162.4,A,2426,A,2087,A
119,428,Latvia,56,Maize (corn),2022,,,,A,,A
144,508,Mozambique,56,Maize (corn),2022,1310.9,A,2382511,A,1817487,A
146,498,Republic of Moldova,56,Maize (corn),2022,1735.8,A,752297,A,433411,A
211,756,Switzerland,56,Maize (corn),2022,9894,A,125317,A,12666,A
230,804,Ukraine,56,Maize (corn),2022,6349.1,A,26186930,A,4124500,A
19,68,Bolivia (Plurinational State of),56,Maize (corn),2022,2414.6,A,985620.8,A,408193,A
93,332,Haiti,56,Maize (corn),2022,769.3,E,185000,X,240465,I
122,426,Lesotho,56,Maize (corn),2022,804.6,A,72096,A,89602,A
225,784,United Arab Emirates,56,Maize (corn),2022,20369.8,A,21429,A,1052,A
21,76,Brazil,56,Maize (corn),2022,5209.3,A,109741957,A,21066601,A
23,84,Belize,56,Maize (corn),2022,4665.5,A,110652,A,23717,A
33,124,Canada,56,Maize (corn),2022,10069.2,A,14538878,A,1443900,A
60,222,El Salvador,56,Maize (corn),2022,2953.8,A,779043,A,263741,A
67,246,Finland,56,Maize (corn),2022,,,,A,,
73,268,Georgia,56,Maize (corn),2022,2069,A,152900,A,73900,A
105,376,Israel,56,Maize (corn),2022,15533.5,A,50018,A,3220,A
106,380,Italy,56,Maize (corn),2022,8332.7,A,4697170,A,563700,A
113,417,Kyrgyzstan,56,Maize (corn),2022,6833,A,732633,A,107220,A
129,450,Madagascar,56,Maize (corn),2022,1804.7,E,266913.78,A,147896,I
197,694,Sierra Leone,56,Maize (corn),2022,1600,X,24000,X,15000,X
237,704,Viet Nam,56,Maize (corn),2022,4995.7,A,4423352.38,A,885435,A
59,818,Egypt,56,Maize (corn),2022,7508.3,A,6857490,A,913318,A
236,862,Venezuela (Bolivarian Republic of),56,Maize (corn),2022,4255.6,A,2602191,A,611471,A
14,52,Barbados,56,Maize (corn),2022,2800.4,E,51,A,18,I
18,64,Bhutan,56,Maize (corn),2022,3482.1,A,25981.09,A,7461,A
20,72,Botswana,56,Maize (corn),2022,438.4,A,29782.35,A,67932,A
147,516,Namibia,56,Maize (corn),2022,1930,A,98856,A,51221,A
193,678,Sao Tome and Principe,56,Maize (corn),2022,2004.3,E,780.65,E,389,E
195,686,Senegal,56,Maize (corn),2022,2841.4,A,787750,A,277243,A
191,670,Saint Vincent and the Grenadines,56,Maize (corn),2022,14222.2,A,640,A,45,A
276,729,Sudan,56,Maize (corn),2022,1014.8,E,24538.03,I,24181,I
40,152,Chile,56,Maize (corn),2022,11030.2,A,608005.91,A,55122,A
159,566,Nigeria,56,Maize (corn),2022,2232.6,X,12948920,X,5800000,X
181,716,Zimbabwe,56,Maize (corn),2022,762.8,A,869100.29,A,1139286,A
220,780,Trinidad and Tobago,56,Maize (corn),2022,,,,A,,A
233,854,Burkina Faso,56,Maize (corn),2022,1660.2,A,1810276.28,A,1090429,A
48,188,Costa Rica,56,Maize (corn),2022,1801.7,A,6706,A,3722,A
7,24,Angola,56,Maize (corn),2023,1155.1,A,3214698,A,2783097,A
16,50,Bangladesh,56,Maize (corn),2023,9242.7,A,4592507,A,496882,A
38,144,Sri Lanka,56,Maize (corn),2023,2911.9,A,221249,A,75982,A
48,188,Costa Rica,56,Maize (corn),2023,1866.2,A,7321,A,3923,A
49,192,Cuba,56,Maize (corn),2023,1297.3,A,149919,A,115565,A
55,212,Dominica,56,Maize (corn),2023,1678.5,E,193.66,I,115,I
58,218,Ecuador,56,Maize (corn),2023,4399.9,A,1413382.16,A,321229,A
72,262,Djibouti,56,Maize (corn),2023,2034.2,E,17.31,I,9,I
91,328,Guyana,56,Maize (corn),2023,1365,E,4000,X,2930,I
107,384,Côte d'Ivoire,56,Maize (corn),2023,2622.7,E,1416232,A,540000,X
115,116,Cambodia,56,Maize (corn),2023,5979,E,1513000,X,253051,I
117,410,Republic of Korea,56,Maize (corn),2023,5678.5,E,91000,X,16025,I
118,414,Kuwait,56,Maize (corn),2023,16940.5,E,26220,A,1548,I
120,418,Lao People's Democratic Republic,56,Maize (corn),2023,4773.9,A,458483,A,96039,A
129,450,Madagascar,56,Maize (corn),2023,1818.7,E,268062,A,147389,I
138,484,Mexico,56,Maize (corn),2023,4280.5,A,27549917.53,A,6436120,A
143,504,Morocco,56,Maize (corn),2023,129.5,A,10834.4,A,83685,A
145,583,Micronesia (Federated States of),56,Maize (corn),2023,1442.7,E,90.45,E,63,E
149,524,Nepal,56,Maize (corn),2023,3165.6,A,2976490.04,A,940256,A
167,203,Czechia,56,Maize (corn),2023,7884.7,A,507540,A,64370,A
171,608,Philippines,56,Maize (corn),2023,3307.8,A,8405004.29,A,2540929,A
179,634,Qatar,56,Maize (corn),2023,20979.2,A,2014,A,96,A
193,678,Sao Tome and Principe,56,Maize (corn),2023,2003.9,E,786.98,E,393,E
203,724,Spain,56,Maize (corn),2023,11818.9,A,2835360,A,239900,A
208,762,Tajikistan,56,Maize (corn),2023,14110.1,E,200000,X,14174,I
212,760,Syrian Arab Republic,56,Maize (corn),2023,7166,A,562563,A,78505,A
213,795,Turkmenistan,56,Maize (corn),2023,2173.7,A,4393.3,A,2021,A
214,158,"China, Taiwan Province of",56,Maize (corn),2023,6032.4,A,223381,A,37030,A
215,834,United Republic of Tanzania,56,Maize (corn),2023,1907.4,E,8010949,A,4200000,X
230,804,Ukraine,56,Maize (corn),2023,7806,A,31030440,A,3975200,A
231,840,United States of America,56,Maize (corn),2023,11130.6,A,389694460,A,35010950,A
251,894,Zambia,56,Maize (corn),2023,2299.6,A,3261685.68,A,1418369,A
255,56,Belgium,56,Maize (corn),2023,9828.9,A,517490,A,52650,A
1,51,Armenia,56,Maize (corn),2023,7748.9,A,6485.8,A,837,A
10,36,Australia,56,Maize (corn),2023,4971.9,A,386502,A,77738,A
11,40,Austria,56,Maize (corn),2023,9929.5,A,2105060,A,212000,A
57,112,Belarus,56,Maize (corn),2023,5555.6,X,1000000,X,180000,X
18,64,Bhutan,56,Maize (corn),2023,3621,A,25118.22,A,6937,A
21,76,Brazil,56,Maize (corn),2023,5913,A,131949711,A,22315010,A
46,178,Congo,56,Maize (corn),2023,1000,X,13000,X,13000,X
56,214,Dominican Republic,56,Maize (corn),2023,1919.7,A,81635.05,A,42526,A
59,818,Egypt,56,Maize (corn),2023,7623.5,A,7446859,A,976832,A
74,266,Gabon,56,Maize (corn),2023,1561.4,E,46049.57,E,29493,E
79,276,Germany,56,Maize (corn),2023,9646,A,4498900,A,466400,A
175,624,Guinea-Bissau,56,Maize (corn),2023,1400,X,21000,X,15000,X
104,372,Ireland,56,Maize (corn),2023,,,,A,,A
113,417,Kyrgyzstan,56,Maize (corn),2023,7106.8,A,799936,A,112559,A
134,470,Malta,56,Maize (corn),2023,,,,A,,A
158,562,Niger,56,Maize (corn),2023,1414.7,A,43379.94,A,30664,A
173,616,Poland,56,Maize (corn),2023,7153.3,A,8981890,A,1255630,A
177,630,Puerto Rico,56,Maize (corn),2023,2843.5,E,341.07,I,120,I
272,688,Serbia,56,Maize (corn),2023,7184.3,A,6630984,A,922980,A
199,703,Slovakia,56,Maize (corn),2023,7986,A,1105660,A,138450,A
216,764,Thailand,56,Maize (corn),2023,4652.8,A,4614006,A,991657,A
235,860,Uzbekistan,56,Maize (corn),2023,12735.9,A,781413.67,A,61355,A
33,124,Canada,56,Maize (corn),2023,10152.7,A,15420909,A,1518900,A
40,152,Chile,56,Maize (corn),2023,10849.3,A,543126.02,A,50061,A
68,250,France,56,Maize (corn),2023,9762.5,A,12834600,A,1314680,A
100,356,India,56,Maize (corn),2023,3326.5,A,36656692.78,A,11019656,A
110,392,Japan,56,Maize (corn),2023,2687.2,E,169.57,E,63,E
132,462,Maldives,56,Maize (corn),2023,4153.6,E,147.16,E,35,E
153,540,New Caledonia,56,Maize (corn),2023,11864,E,3601.14,I,304,I
221,512,Oman,56,Maize (corn),2023,5052,A,2438,A,483,A
169,600,Paraguay,56,Maize (corn),2023,5076.3,A,4491550,A,884800,A
170,604,Peru,56,Maize (corn),2023,3615.4,A,1642766.07,A,454382,A
185,643,Russian Federation,56,Maize (corn),2023,5840,E,15000000,X,2568489,I
194,682,Saudi Arabia,56,Maize (corn),2023,7652.6,A,63721.51,A,8327,A
195,686,Senegal,56,Maize (corn),2023,3074,A,855033,A,278149,A
211,756,Switzerland,56,Maize (corn),2023,8633,A,135314,A,15674,A
3,8,Albania,56,Maize (corn),2023,7362.2,A,409115.9,A,55570,A
12,44,Bahamas,56,Maize (corn),2023,7598,E,603.81,E,79,E
19,68,Bolivia (Plurinational State of),56,Maize (corn),2023,2496.3,A,1117135.98,A,447517,A
20,72,Botswana,56,Maize (corn),2023,609.4,A,32740.39,A,53729,A
66,242,Fiji,56,Maize (corn),2023,5951.9,A,2005.6,A,337,A
73,268,Georgia,56,Maize (corn),2023,2636.7,A,190900,A,72400,A
84,300,Greece,56,Maize (corn),2023,10850.9,A,1416690,A,130560,A
93,332,Haiti,56,Maize (corn),2023,769.9,E,180000,X,233785,I
102,364,Iran (Islamic Republic of),56,Maize (corn),2023,6578.8,E,253545.98,I,38540,I
108,398,Kazakhstan,56,Maize (corn),2023,6246,A,1189083,A,190376,A
114,404,Kenya,56,Maize (corn),2023,1763.4,A,4285206,A,2430014,A
122,426,Lesotho,56,Maize (corn),2023,850.8,A,126994,A,149271,A
136,478,Mauritania,56,Maize (corn),2023,653.8,X,17000,X,26000,X
137,480,Mauritius,56,Maize (corn),2023,11630.5,A,1501.5,A,129,A
154,807,North Macedonia,56,Maize (corn),2023,4580.1,A,133176,A,29077,A
174,620,Portugal,56,Maize (corn),2023,10176.5,A,767210,A,75390,A
176,626,Timor-Leste,56,Maize (corn),2023,2075.5,E,85000,X,40954,I
198,705,Slovenia,56,Maize (corn),2023,8791.6,A,389030,A,44250,A
250,180,Democratic Republic of the Congo,56,Maize (corn),2023,769.7,E,2335599,A,3034452,I
273,499,Montenegro,56,Maize (corn),2023,4961.3,A,3166.3,A,638,A
4,12,Algeria,56,Maize (corn),2023,6000,X,12000,X,2000,X
9,32,Argentina,56,Maize (corn),2023,5109.4,A,41409448,A,8104641,A
35,132,Cabo Verde,56,Maize (corn),2023,23,A,464,A,20190,A
37,140,Central African Republic,56,Maize (corn),2023,800,A,220815,A,276019,A
44,170,Colombia,56,Maize (corn),2023,4036.9,A,1725773,A,427504,A
52,31,Azerbaijan,56,Maize (corn),2023,10029.7,A,287001.3,A,28615,A
60,222,El Salvador,56,Maize (corn),2023,3010.5,E,770000,X,255770,I
67,246,Finland,56,Maize (corn),2023,,,,A,,
95,340,Honduras,56,Maize (corn),2023,1881.5,E,727272.73,A,386531,I
103,368,Iraq,56,Maize (corn),2023,6060.6,A,538251,A,88812,A
106,380,Italy,56,Maize (corn),2023,10730.7,A,5348700,A,498450,A
130,454,Malawi,56,Maize (corn),2023,1960.8,E,3509837,A,1790000,X
144,508,Mozambique,56,Maize (corn),2023,790.4,A,2124749,A,2688164,A
147,516,Namibia,56,Maize (corn),2023,1184.1,A,73902,A,62414,A
150,528,Netherlands (Kingdom of the),56,Maize (corn),2023,10265.5,A,151930,A,14800,A
156,554,New Zealand,56,Maize (corn),2023,10185.4,A,192504,A,18900,A
178,232,Eritrea,56,Maize (corn),2023,1000,X,20000,X,20000,X
183,642,Romania,56,Maize (corn),2023,3981.6,A,8744000,A,2196110,A
184,646,Rwanda,56,Maize (corn),2023,1595.1,A,508491.97,A,318792,A
207,740,Suriname,56,Maize (corn),2023,4565.2,A,105,A,23,A
210,752,Sweden,56,Maize (corn),2023,7969.5,A,15700,A,1970,A
223,792,Türkiye,56,Maize (corn),2023,9394.4,A,9000000,A,958017,A
225,784,United Arab Emirates,56,Maize (corn),2023,20375.9,A,19133,A,939,A
237,704,Viet Nam,56,Maize (corn),2023,5041.1,A,4437218.65,A,880209,A
276,729,Sudan,56,Maize (corn),2023,1005.9,E,23938.93,I,23799,I
8,28,Antigua and Barbuda,56,Maize (corn),2023,1940.5,E,51.69,E,27,E
80,70,Bosnia and Herzegovina,56,Maize (corn),2023,6970,A,716676,A,102823,A
27,100,Bulgaria,56,Maize (corn),2023,4580.2,A,2448780,A,534640,A
32,120,Cameroon,56,Maize (corn),2023,1833.3,X,2200000,X,1200000,X
98,191,Croatia,56,Maize (corn),2023,7400,A,1991270,A,269090,A
53,204,Benin,56,Maize (corn),2023,991.9,A,2059254,A,2075990,A
133,466,Mali,56,Maize (corn),2023,2244.3,A,3386941,A,1509160,A
189,662,Saint Lucia,56,Maize (corn),2023,,,,M,,M
202,710,South Africa,56,Maize (corn),2023,6353.2,A,16430000,A,2586100,A
220,780,Trinidad and Tobago,56,Maize (corn),2023,,,,A,,A
234,858,Uruguay,56,Maize (corn),2023,1415.1,A,265900,A,187900,A
2,4,Afghanistan,56,Maize (corn),2023,2858.3,A,363000,A,127000,A
14,52,Barbados,56,Maize (corn),2023,2796.8,E,42.6,I,15,I
28,104,Myanmar,56,Maize (corn),2023,3871.8,E,2200000,X,568208,I
29,108,Burundi,56,Maize (corn),2023,1208.1,E,602629,A,498839,I
54,208,Denmark,56,Maize (corn),2023,5442.7,A,40820,A,7500,A
63,233,Estonia,56,Maize (corn),2023,,,,A,,A
97,348,Hungary,56,Maize (corn),2023,8099.8,A,6242410,A,770690,A
101,360,Indonesia,56,Maize (corn),2023,5966.8,A,14774433,A,2476091,A
119,428,Latvia,56,Maize (corn),2023,,,,A,,A
121,422,Lebanon,56,Maize (corn),2023,3000,X,3000,X,1000,X
126,440,Lithuania,56,Maize (corn),2023,8111,A,91330,A,11260,A
159,566,Nigeria,56,Maize (corn),2023,1939.1,X,11053000,X,5700000,X
166,591,Panama,56,Maize (corn),2023,4403.2,A,94100,A,21371,A
226,800,Uganda,56,Maize (corn),2023,2182.3,E,4945000,A,2266000,X
256,442,Luxembourg,56,Maize (corn),2023,5588.2,A,950,A,170,A
45,174,Comoros,56,Maize (corn),2023,1734.2,E,19750.9,I,11389,I
116,408,Democratic People's Republic of Korea,56,Maize (corn),2023,3931.6,X,2300000,X,585000,X
238,231,Ethiopia,56,Maize (corn),2023,3409.2,E,11512342.95,E,3376888,I
109,388,Jamaica,56,Maize (corn),2023,1140.4,A,2291,A,2009,A
131,458,Malaysia,56,Maize (corn),2023,2437.8,A,568,A,233,A
165,586,Pakistan,56,Maize (corn),2023,5933.5,A,9739524,A,1641447,A
236,862,Venezuela (Bolivarian Republic of),56,Maize (corn),2023,4395.1,A,2759286,A,627814,A
75,270,Gambia,56,Maize (corn),2023,806.1,A,21220,A,26325,A
81,288,Ghana,56,Maize (corn),2023,2753.1,X,3579000,X,1300000,X
86,308,Grenada,56,Maize (corn),2023,998.8,E,389.98,I,390,I
90,324,Guinea,56,Maize (corn),2023,1510.8,X,982000,X,650000,X
105,376,Israel,56,Maize (corn),2023,17409.4,A,51410,A,2953,A
146,498,Republic of Moldova,56,Maize (corn),2023,2804.7,A,1351477,A,481855,A
157,558,Nicaragua,56,Maize (corn),2023,1424.3,A,355855.63,A,249854,A
168,598,Papua New Guinea,56,Maize (corn),2023,5426.2,E,12912.36,E,2380,I
197,694,Sierra Leone,56,Maize (corn),2023,1582.4,A,25294,A,15985,A
249,887,Yemen,56,Maize (corn),2023,2440.3,E,60000,X,24587,I
39,148,Chad,56,Maize (corn),2023,1105.1,A,354241,A,320540,A
41,156,"China, mainland",56,Maize (corn),2023,6532.1,A,288842300,A,44218900,A
89,320,Guatemala,56,Maize (corn),2023,1799.9,A,2080000,A,1155601,A
191,670,Saint Vincent and the Grenadines,56,Maize (corn),2023,14066.7,A,633,A,45,A
277,728,South Sudan,56,Maize (corn),2023,994.4,E,141000,X,141795,I
217,768,Togo,56,Maize (corn),2023,1253.7,X,1013000,X,808000,X
233,854,Burkina Faso,56,Maize (corn),2023,1636.7,A,1995359.46,A,1219167,A
124,434,Libya,56,Maize (corn),2023,2265,E,3966.28,I,1751,I
23,84,Belize,56,Maize (corn),2023,3820.1,A,112411,A,29426,A
155,548,Vanuatu,56,Maize (corn),2023,632.4,E,983.57,I,1555,I
181,716,Zimbabwe,56,Maize (corn),2023,935,A,1020934,A,1091949,A
201,706,Somalia,56,Maize (corn),2023,950,X,95000,X,100000,X
209,748,Eswatini,56,Maize (corn),2023,1217.2,X,85202,X,70000,X
112,400,Jordan,56,Maize (corn),2023,,,,A,,A
7,24,Angola,56,Maize (corn),2024,1189,A,3352459,A,2819479,A
16,50,Bangladesh,56,Maize (corn),2024,9246.4,A,4592508,A,496681,A
23,84,Belize,56,Maize (corn),2024,3819.9,A,104890,A,27459,A
28,104,Myanmar,56,Maize (corn),2024,3928.2,E,2050000,X,521862,I
58,218,Ecuador,56,Maize (corn),2024,4364.7,A,1195203.48,A,273835,A
66,242,Fiji,56,Maize (corn),2024,3318,A,2421,A,730,A
97,348,Hungary,56,Maize (corn),2024,5999.3,A,5297730,A,883060,A
104,372,Ireland,56,Maize (corn),2024,,,,A,,A
131,458,Malaysia,56,Maize (corn),2024,4178.2,A,1317.23,A,315,A
144,508,Mozambique,56,Maize (corn),2024,810,A,2318945,A,2862895,A
145,583,Micronesia (Federated States of),56,Maize (corn),2024,1449.3,E,90.59,E,63,E
156,554,New Zealand,56,Maize (corn),2024,11300.6,A,244444,A,21631,A
169,600,Paraguay,56,Maize (corn),2024,4150,A,3942500,A,950000,A
195,686,Senegal,56,Maize (corn),2024,2814.5,X,774000,X,275000,X
209,748,Eswatini,56,Maize (corn),2024,1071.4,X,75000,X,70000,X
210,752,Sweden,56,Maize (corn),2024,6768.6,A,15500,A,2290,A
216,764,Thailand,56,Maize (corn),2024,4660.9,A,4558192,A,977974,A
221,512,Oman,56,Maize (corn),2024,5054.8,A,2492,A,493,A
230,804,Ukraine,56,Maize (corn),2024,6599.6,A,26863740,A,4070500,A
256,442,Luxembourg,56,Maize (corn),2024,6880,A,1720,A,250,A
80,70,Bosnia and Herzegovina,56,Maize (corn),2024,6250,A,762288,A,121966,A
29,108,Burundi,56,Maize (corn),2024,1226.5,E,590000,X,481036,I
35,132,Cabo Verde,56,Maize (corn),2024,40.3,E,5,A,124,I
37,140,Central African Republic,56,Maize (corn),2024,740.7,X,200000,X,270000,X
54,208,Denmark,56,Maize (corn),2024,6885.7,A,62660,A,9100,A
68,250,France,56,Maize (corn),2024,9204.1,A,14670620,A,1593920,A
75,270,Gambia,56,Maize (corn),2024,932.4,A,25817.37,A,27688,A
90,324,Guinea,56,Maize (corn),2024,1441.5,X,937000,X,650000,X
175,624,Guinea-Bissau,56,Maize (corn),2024,1000,X,15000,X,15000,X
147,516,Namibia,56,Maize (corn),2024,933,A,30056,A,32215,A
153,540,New Caledonia,56,Maize (corn),2024,12448.8,E,7326.45,I,589,I
202,710,South Africa,56,Maize (corn),2024,4874.3,A,12850000,A,2636250,A
203,724,Spain,56,Maize (corn),2024,12115.1,A,3500060,A,288900,A
212,760,Syrian Arab Republic,56,Maize (corn),2024,5684.4,A,320113,A,56314,A
213,795,Turkmenistan,56,Maize (corn),2024,2960,A,6739.55,A,2277,A
226,800,Uganda,56,Maize (corn),2024,2173.9,X,5000000,X,2300000,X
225,784,United Arab Emirates,56,Maize (corn),2024,22474.3,E,20216.3,I,900,I
181,716,Zimbabwe,56,Maize (corn),2024,729.9,A,634699,A,869536,A
4,12,Algeria,56,Maize (corn),2024,6000,X,12000,X,2000,X
1,51,Armenia,56,Maize (corn),2024,5188.1,A,6298.4,A,1214,A
52,31,Azerbaijan,56,Maize (corn),2024,10813.7,E,302689.49,I,27991,I
21,76,Brazil,56,Maize (corn),2024,5425.7,A,114953303,A,21186816,A
44,170,Colombia,56,Maize (corn),2024,4343.2,A,1489582,A,342966,A
250,180,Democratic Republic of the Congo,56,Maize (corn),2024,769,E,2387753,A,3105142,I
178,232,Eritrea,56,Maize (corn),2024,1000,X,20000,X,20000,X
63,233,Estonia,56,Maize (corn),2024,,,,A,,A
238,231,Ethiopia,56,Maize (corn),2024,3443.6,E,11701130.61,E,3397928,E
84,300,Greece,56,Maize (corn),2024,9673.8,A,960030,A,99240,A
114,404,Kenya,56,Maize (corn),2024,1666.2,A,4023000,A,2414536,A
113,417,Kyrgyzstan,56,Maize (corn),2024,7324.6,A,805250,A,109937,A
120,418,Lao People's Democratic Republic,56,Maize (corn),2024,4973.8,A,515300,A,103603,A
119,428,Latvia,56,Maize (corn),2024,,,,A,,A
133,466,Mali,56,Maize (corn),2024,2473.3,A,3952763,A,1598149,A
158,562,Niger,56,Maize (corn),2024,1215.1,A,44297.95,A,36455,A
146,498,Republic of Moldova,56,Maize (corn),2024,1621.5,A,716903,A,442121,A
183,642,Romania,56,Maize (corn),2024,2828.9,A,5971850,A,2111020,A
197,694,Sierra Leone,56,Maize (corn),2024,1703.7,E,27442.91,I,16108,I
277,728,South Sudan,56,Maize (corn),2024,964.9,E,157000,X,162707,I
208,762,Tajikistan,56,Maize (corn),2024,15839.9,E,340000,X,21465,I
176,626,Timor-Leste,56,Maize (corn),2024,2063.7,E,70000,X,33919,I
215,834,United Republic of Tanzania,56,Maize (corn),2024,1756.3,E,10084000,A,5741681,E
231,840,United States of America,56,Maize (corn),2024,11256.8,A,377632690,A,33547180,A
235,860,Uzbekistan,56,Maize (corn),2024,11915.1,A,866836.18,A,72751,A
155,548,Vanuatu,56,Maize (corn),2024,636.2,E,985.44,I,1549,I
236,862,Venezuela (Bolivarian Republic of),56,Maize (corn),2024,4338.8,E,2832021.53,I,652727,I
237,704,Viet Nam,56,Maize (corn),2024,5106.6,A,4402173,A,862053,A
3,8,Albania,56,Maize (corn),2024,7124.2,A,410437.9,A,57612,A
9,32,Argentina,56,Maize (corn),2024,6580.8,A,57494500,A,8736712,A
49,192,Cuba,56,Maize (corn),2024,1913,X,220000,X,115000,X
57,112,Belarus,56,Maize (corn),2024,5666.7,X,1700000,X,300000,X
72,262,Djibouti,56,Maize (corn),2024,2041,E,17.41,I,9,I
79,276,Germany,56,Maize (corn),2024,10053.2,A,5010500,A,498400,A
105,376,Israel,56,Maize (corn),2024,15692.1,A,43671,A,2783,A
110,392,Japan,56,Maize (corn),2024,2685.3,E,168.87,E,63,E
117,410,Republic of Korea,56,Maize (corn),2024,5713.4,E,89000,X,15578,I
118,414,Kuwait,56,Maize (corn),2024,16872.8,E,30030,A,1780,I
130,454,Malawi,56,Maize (corn),2024,2000,X,3000000,X,1500000,X
138,484,Mexico,56,Maize (corn),2024,3703.8,A,24326508.24,A,6568036,A
166,591,Panama,56,Maize (corn),2024,4007.4,E,88900,A,22184,I
168,598,Papua New Guinea,56,Maize (corn),2024,5405.3,E,12926.25,E,2391,I
173,616,Poland,56,Maize (corn),2024,7224.1,A,9223230,A,1276730,A
174,620,Portugal,56,Maize (corn),2024,9477.1,A,617530,A,65160,A
189,662,Saint Lucia,56,Maize (corn),2024,,,,M,,M
194,682,Saudi Arabia,56,Maize (corn),2024,7134.2,E,67441.44,I,9453,I
214,158,"China, Taiwan Province of",56,Maize (corn),2024,6004.8,E,220069.93,I,36649,I
251,894,Zambia,56,Maize (corn),2024,2208,A,1511143.43,A,684402,A
12,44,Bahamas,56,Maize (corn),2024,7737,E,604.91,E,78,E
38,144,Sri Lanka,56,Maize (corn),2024,3074.2,A,223496,A,72701,A
41,156,"China, mainland",56,Maize (corn),2024,6591.8,A,294920000,A,44740700,A
48,188,Costa Rica,56,Maize (corn),2024,1897.6,A,8042,A,4238,A
74,266,Gabon,56,Maize (corn),2024,1561.4,E,45975.52,E,29446,E
81,288,Ghana,56,Maize (corn),2024,2772.1,E,3794000,X,1368623,I
106,380,Italy,56,Maize (corn),2024,9973.8,A,4940530,A,495350,A
122,426,Lesotho,56,Maize (corn),2024,632.7,A,56443,A,89206,A
165,586,Pakistan,56,Maize (corn),2024,6133.3,X,9200000,X,1500000,X
184,646,Rwanda,56,Maize (corn),2024,1833.5,A,627086.15,A,342024,A
185,643,Russian Federation,56,Maize (corn),2024,5836.4,E,13954000,X,2390868,I
211,756,Switzerland,56,Maize (corn),2024,9979.3,A,156750,A,15708,A
249,887,Yemen,56,Maize (corn),2024,1567.3,E,58000,X,37006,I
255,56,Belgium,56,Maize (corn),2024,8328.5,A,501790,A,60250,A
19,68,Bolivia (Plurinational State of),56,Maize (corn),2024,2528.2,A,1118419.26,A,442378,A
20,72,Botswana,56,Maize (corn),2024,600,X,18000,X,30000,X
115,116,Cambodia,56,Maize (corn),2024,6085.5,E,1380000,X,226768,I
33,124,Canada,56,Maize (corn),2024,10587.8,A,15344938,A,1449300,A
39,148,Chad,56,Maize (corn),2024,1272.8,A,394045,A,309589,A
40,152,Chile,56,Maize (corn),2024,10806.3,A,530937.22,A,49132,A
45,174,Comoros,56,Maize (corn),2024,1719.7,E,20104.88,I,11691,I
98,191,Croatia,56,Maize (corn),2024,7567.4,A,2067100,A,273160,A
55,212,Dominica,56,Maize (corn),2024,1689.8,E,194.19,I,115,I
73,268,Georgia,56,Maize (corn),2024,3069.7,A,211500,A,68900,A
101,360,Indonesia,56,Maize (corn),2024,5940,A,15138912,A,2548654,A
107,384,Côte d'Ivoire,56,Maize (corn),2024,2563.5,E,1640661,A,640000,X
108,398,Kazakhstan,56,Maize (corn),2024,6198.4,A,1005167.21,A,162165,A
132,462,Maldives,56,Maize (corn),2024,4172.2,E,147.36,E,35,E
136,478,Mauritania,56,Maize (corn),2024,642.9,X,18000,X,28000,X
273,499,Montenegro,56,Maize (corn),2024,3644.6,A,3463.8,A,950,A
149,524,Nepal,56,Maize (corn),2024,3486.6,A,3193869,A,916044,A
159,566,Nigeria,56,Maize (corn),2024,2029.8,X,11164000,X,5500000,X
179,634,Qatar,56,Maize (corn),2024,19241.2,E,1605.16,I,83,I
8,28,Antigua and Barbuda,56,Maize (corn),2024,1963.3,E,50.37,E,26,E
10,36,Australia,56,Maize (corn),2024,5949.9,A,447027,A,75132,A
14,52,Barbados,56,Maize (corn),2024,2793.2,E,1.1,I,,I
109,388,Jamaica,56,Maize (corn),2024,1342.2,A,2381,A,1774,A
121,422,Lebanon,56,Maize (corn),2024,2996,E,5000,X,1669,I
129,450,Madagascar,56,Maize (corn),2024,1832.7,E,265000,X,144592,I
167,203,Czechia,56,Maize (corn),2024,8141.7,A,712240,A,87480,A
170,604,Peru,56,Maize (corn),2024,3655.8,A,1686076.72,A,461207,A
198,705,Slovenia,56,Maize (corn),2024,9195.7,A,384930,A,41860,A
217,768,Togo,56,Maize (corn),2024,1256.2,X,1010000,X,804000,X
223,792,Türkiye,56,Maize (corn),2024,10261.2,A,8100000,A,789379,A
11,40,Austria,56,Maize (corn),2024,9899.8,A,2059360,A,208020,A
59,818,Egypt,56,Maize (corn),2024,7585.3,X,7206000,X,950000,X
91,328,Guyana,56,Maize (corn),2024,1363.6,E,4000,X,2933,I
93,332,Haiti,56,Maize (corn),2024,769.4,E,175000,X,227436,I
134,470,Malta,56,Maize (corn),2024,,,,A,,A
137,480,Mauritius,56,Maize (corn),2024,11890.2,A,1288.9,A,108,A
154,807,North Macedonia,56,Maize (corn),2024,4602.7,A,130413,A,28334,A
171,608,Philippines,56,Maize (corn),2024,3312.9,A,8138177.93,A,2456495,A
177,630,Puerto Rico,56,Maize (corn),2024,3498,E,232.87,I,67,I
207,740,Suriname,56,Maize (corn),2024,4024.2,E,111.2,I,28,I
2,4,Afghanistan,56,Maize (corn),2024,1925.9,X,260000,X,135000,X
46,178,Congo,56,Maize (corn),2024,1000,X,13000,X,13000,X
53,204,Benin,56,Maize (corn),2024,1190.5,A,2094824.35,A,1759588,A
56,214,Dominican Republic,56,Maize (corn),2024,1916.5,A,91449.13,A,47716,A
60,222,El Salvador,56,Maize (corn),2024,3084.2,E,785000,X,254525,I
67,246,Finland,56,Maize (corn),2024,,,,A,,
86,308,Grenada,56,Maize (corn),2024,996.6,E,177.21,E,178,I
100,356,India,56,Maize (corn),2024,3544.8,A,40230572.74,A,11349065,A
102,364,Iran (Islamic Republic of),56,Maize (corn),2024,6665.3,E,269804.62,I,40479,I
276,729,Sudan,56,Maize (corn),2024,970.4,E,22170.43,I,22847,I
32,120,Cameroon,56,Maize (corn),2024,1833.3,X,2200000,X,1200000,X
124,434,Libya,56,Maize (corn),2024,2218.8,E,3800.15,I,1713,I
126,440,Lithuania,56,Maize (corn),2024,7874.6,A,111740,A,14190,A
143,504,Morocco,56,Maize (corn),2024,722.4,A,73227.36,A,101364,A
150,528,Netherlands (Kingdom of the),56,Maize (corn),2024,8451.1,A,122710,A,14520,A
201,706,Somalia,56,Maize (corn),2024,690,X,69000,X,100000,X
18,64,Bhutan,56,Maize (corn),2024,3669.5,A,27635.86,A,7531,A
27,100,Bulgaria,56,Maize (corn),2024,3250.5,A,1635100,A,503030,A
233,854,Burkina Faso,56,Maize (corn),2024,1681.8,X,1850000,X,1100000,X
116,408,Democratic People's Republic of Korea,56,Maize (corn),2024,3931.6,X,2300000,X,585000,X
95,340,Honduras,56,Maize (corn),2024,1895.6,E,730329.94,A,385280,I
103,368,Iraq,56,Maize (corn),2024,5000,X,500000,X,100000,X
272,688,Serbia,56,Maize (corn),2024,5172,A,5107308.62,A,987492,A
89,320,Guatemala,56,Maize (corn),2024,2259.4,A,2261090,A,1000746,A
220,780,Trinidad and Tobago,56,Maize (corn),2024,,,,A,,A
234,858,Uruguay,56,Maize (corn),2024,4698.9,E,581658.04,I,123785,I
193,678,Sao Tome and Principe,56,Maize (corn),2024,2004,E,796.13,E,397,E
199,703,Slovakia,56,Maize (corn),2024,7223.1,A,1063820,A,147280,A
112,400,Jordan,56,Maize (corn),2024,,,,A,,A
191,670,Saint Vincent and the Grenadines,56,Maize (corn),2024,13343.8,A,427,A,32,A
